"YearVal","MonthVal","Country","RecordCount","BookingType"
"2025","6","GB","11","SUM"
"2025","8","LI","6","INT"
"2025","9","SE","22433","INT"
"2025","8","MM","4","XBB"
"2025","6","HK","2","XBB"
"2025","1",,"639","XBB"
"2025","12","CY","4","SCH"
"2025","6","HK","726","INT"
"2025","6","PH","188","DET"
"2025","7","MY","635","SCH"
"2025","8","ES","28648","INT"
"2025","4","FR","13410","SCH"
"2025","9","NO","9","XBB"
"2025","2","ES","1108","DET"
"2025","5","CZ","20","XBB"
"2025","8","AL","1","INT"
"2025","10","EG","622","SCH"
"2025","7","QA","26","SCH"
"2025","3","BD","8","INT"
"2025","4","LB","21","SCH"
"2025","11","SA","1","SUM"
"2025","11","CH","184","XBB"
"2025","8","DE","44","SUM"
"2025","1","IL","1","DET"
"2025","6","BD","1","INT"
"2025","6","MT","1612","INT"
"2025","7","TN","1","INT"
"2025","9","SI","9","XBB"
"2025","7","AU","638393","INT"
"2025","10","DK","1","SUM"
"2025","9","ES","1072","XBB"
"2025","5","LT","4282","INT"
"2025","8","TH","14881","SCH"
"2025","1","ID","15","XBB"
"2025","5","MD","24","SUM"
"2025","3","AL","3","INT"
"2025","9","KR","10","SUM"
"2025","3","TH","10318","DET"
"2025","3","AL","293","XBB"
"2025","6","AT","4750","SCH"
"2025","8","LV","2411","INT"
"2025","3","MM","3","XBB"
"2025","12","SG","27","INT"
"2025","4","GB","7","SUM"
"2025","8","KR","11","SUM"
"2025","4","BH","54","INT"
"2025","7","EE","12","XBB"
"2025","12","BA","2","XBB"
"2025","12","KR","6","SCH"
"2025","8","AU","3","SUM"
"2025","4","PT","53327","INT"
"2025","8","RS","15","XBB"
"2025","7","RS","1091","INT"
"2025","3","BH","69","SCH"
"2025","9","TH","51","XBB"
"2025","3","SG","1166","DET"
"2025","8","CH","9","SUM"
"2025","11","GE","82","XBB"
"2025","1","TH","65385","SCH"
"2025","2","HR","26","XBB"
"2025","2","SG","642","INT"
"2025","1","LU","3671","INT"
"2025","4","BD","3","XBB"
"2025","11","SK","9","DET"
"2025","2","IL","1649","INT"
"2025","12","DK","815","INT"
"2025","8","PH","45","SCH"
"2025","8","IT","61","XBB"
"2025","12","CY","5","DET"
"2025","4","VN","31","XBB"
"2025","12","SG","4","SUM"
"2025","10","BH","78","SCH"
"2025","11","AE","1337","INT"
"2025","9","FI","1","SUM"
"2025","9","PL","7345","SCH"
"2025","5","MY","581","SCH"
"2025","12","FJ","2","DET"
"2025","12","CZ","4","SUM"
"2025","6","IE","1076","SCH"
"2025","11","FJ","144","SUM"
"2025","11","ES","40427","INT"
"2025","7","SG","76","SUM"
"2025","11","CY","1796","INT"
"2025","12","EG","22","INT"
"2025","7","NL","336","DET"
"2025","4","RO","124","DET"
"2025","6","JO","27","SCH"
"2025","10","AE","26","XBB"
"2025","8","RO","128","DET"
"2025","9","MD","61","DET"
"2025","7","JO","1","XBB"
"2025","2","GB","6","INT"
"2025","11","AE","12","XBB"
"2025","7","AR","378","INT"
"2025","10","TH","41","XBB"
"2025","2","TR","46","SUM"
"2025","1","MM","2","DET"
"2025","6","PL","62","XBB"
"2025","9","IT","12024","INT"
"2025","11","GR","47","DET"
"2025","9","YK","1","INT"
"2025","12","BG","5","DET"
"2025","9","NL","54","SUM"
"2025","10","CH","226","XBB"
"2025","6","KW","1","SUM"
"2025","7","PG","3","XBB"
"2025","5","AT","11756","INT"
"2025","6","HK","428","SUM"
"2025","3","NL","57246","INT"
"2025","10","RO","728","DET"
"2025","2","FJ","44","XBB"
"2025","5","CL","212","SCH"
"2025","5","RO","47104","INT"
"2025","3","TW","109","SUM"
"2025","2","RS","12","XBB"
"2025","10","TR","2658","DET"
"2025","7","SE","56","DET"
"2025","5","ME","14","XBB"
"2025","3","CH","225","SCH"
"2025","2","IL","11","XBB"
"2025","11","IN","224","DET"
"2025","2","CL","183","SCH"
"2025","8","NO","42","SCH"
"2025","6","SK","8856","INT"
"2025","10","MT","1382","INT"
"2025","10","EG","120","DET"
"2025","9","QA","108","INT"
"2025","3","MM","3","DET"
"2025","4","HU","96","SCH"
"2025","9","SG","88","SCH"
"2025","5","FR","12739","SCH"
"2025","6","SA","1","XBB"
"2025","10","IL","8","XBB"
"2025","4","nul","1","XBB"
"2025","1","FR","4","SUM"
"2025","2","UZ","1","INT"
"2025","7","IN","235","DET"
"2025","3","MC","24","INT"
"2025","1","GE","69","XBB"
"2025","8","SE","29","XBB"
"2025","10","IS","5","INT"
"2025","9",,"209","DET"
"2025","2","NZ","241","DET"
"2025","8","IE","11755","INT"
"2025","12","KW","1","DET"
"2025","4","SI","10","DET"
"2025","9","PT","68","XBB"
"2025","11","SI","9","SUM"
"2025","3","IE","14342","INT"
"2025","9","CN","553","SCH"
"2025","8","FJ","7","DET"
"2025","1","GB","36114","INT"
"2025","11","PL","7735","SCH"
"2025","7","MY","346","DET"
"2025","9","UA","114","SCH"
"2025","7","NO","12","XBB"
"2025","4","AT","64","XBB"
"2025","6","JP","1","XBB"
"2025","6","GR","12747","INT"
"2025","10","FI","249","DET"
"2025","11","ID","55","INT"
"2025","1","IS","23","INT"
"2025","5","GB","1346","SCH"
"2025","12","KR","4","DET"
"2025","7","BH","1","XBB"
"2025","6","GR","2","SUM"
"2025","8","EG","2","SUM"
"2025","10","AT","47","XBB"
"2025","6","BE","160","DET"
"2025","6","NO","20","XBB"
"2025","4","UA","132","SCH"
"2025","5","LV","53","DET"
"2025","8","FJ","363","SCH"
"2025","7","SE","14809","INT"
"2025","3","BH","2","DET"
"2025","9","VN","5","SCH"
"2025","7","KR","23","DET"
"2025","10","GB","160","DET"
"2025","4","BR","7","INT"
"2025","11","HK","11","DET"
"2025","6","NZ","12","INT"
"2025","9","TH","14236","SCH"
"2025","9","AE","1409","INT"
"2025","8","GR","266","SCH"
"2025","4","EE","11","DET"
"2025","2","DK","12985","INT"
"2025","4","NO","44","SCH"
"2025","5","VN","4","SCH"
"2025","1","PT","59","XBB"
"2025","4","IN","306","DET"
"2025","8","DK","197","DET"
"2025","3","BG","67","XBB"
"2025","2","FJ","369","SCH"
"2025","7","CY","22","DET"
"2025","8","ID","554","SCH"
"2025","9","BG","8171","INT"
"2025","6","VN","49","XBB"
"2025","10","ES","29","SUM"
"2025","1","PL","2","SUM"
"2025","3","SI","174","SCH"
"2025","9","ZA","2","DET"
"2025","1","MA","7","INT"
"2025","10","ID","3","DET"
"2025","1","KW","14","SUM"
"2025","3","SE","25317","INT"
"2025","6","TH","48","XBB"
"2025","4","SE","126","DET"
"2025","6","FR","1388","DET"
"2025","10","AL","4","INT"
"2025","2","RS","1","DET"
"2025","6","SE","106","DET"
"2025","2","PL","74","XBB"
"2025","8","SE","18687","INT"
"2025","5","SA","436","SCH"
"2025","7","DK","4","SUM"
"2025","10","HU","121","XBB"
"2025","2","BR","16","SCH"
"2025","1","NG","1","INT"
"2025","10","TH","15283","SCH"
"2025","5","SG","92","SUM"
"2025","10","BG","9221","INT"
"2025","9","AL","4","INT"
"2025","3","MA","10","INT"
"2025","6","FJ","266","INT"
"2025","7","CN","4058","INT"
"2025","9","TW","70","SUM"
"2025","5","AL","285","XBB"
"2025","10","ZA","2","XBB"
"2025","5","IS","16","INT"
"2025","11","SG","338","INT"
"2025","5","YK","108","XBB"
"2025","6","CN","70","XBB"
"2025","11","BA","46","XBB"
"2025","11","PH","15","INT"
"2025","6","CN","4084","DET"
"2025","2","IE","955","SCH"
"2025","6","CH","1198","DET"
"2025","5","AU","14740","DET"
"2025","1","DK","242","DET"
"2025","1","FJ","288","INT"
"2025","5","MK","1","DET"
"2025","3","QA","4","SUM"
"2025","8","FJ","56","XBB"
"2025","7","GR","45","DET"
"2025","8","SI","3","XBB"
"2025","9","FI","9710","INT"
"2025","7","MM","1","XBB"
"2025","4","CN","116","SUM"
"2025","1","NZ","35","INT"
"2025","4","IE","1055","SCH"
"2025","4","AT","4751","SCH"
"2025","12","AR","38","SCH"
"2025","3","FR","1288","DET"
"2025","9","TH","3077","DET"
"2025","8","KR","301","INT"
"2025","8","PT","240","DET"
"2025","7","HR","30","XBB"
"2025","3","PH","232","DET"
"2025","7","SI","10","DET"
"2025","7","EG","1","SUM"
"2025","3","TR","23268","INT"
"2025","2","PH","37","INT"
"2025","8","BE","33412","INT"
"2025","8","SA","6","XBB"
"2025","10","MK","5","INT"
"2025","7","SK","20","DET"
"2025","10","IE","980","SCH"
"2025","11","RE","4","INT"
"2025","5","PT","57034","INT"
"2025","9","BG","384","SCH"
"2025","8","ES","18","SUM"
"2025","9","LT","114","SCH"
"2025","1","GR","15234","INT"
"2025","3","VN","1","SUM"
"2025","5","RO","73","SCH"
"2025","4","TR","21476","INT"
"2025","2","ID","4","DET"
"2025","5","MA","1","XBB"
"2025","7","MT","41","XBB"
"2025","7","DK","206","DET"
"2025","6","HU","96","SCH"
"2025","4","PK","2","INT"
"2025","6","ME","10","XBB"
"2025","2",,"609","XBB"
"2025","11","RO","46434","INT"
"2025","2","AU","16","XBB"
"2025","4","AD","2","DET"
"2025","8","BE","25","SUM"
"2025","6","MM","12","XBB"
"2025","4","CZ","22","XBB"
"2025","4","LV","3039","INT"
"2025","9","GR","259","SCH"
"2025","11","VN","387","INT"
"2025","3","RS","20","XBB"
"2025","11","QA","154","INT"
"2025","5","MT","5","DET"
"2025","8","HK","602","INT"
"2025","5","NZ","24","INT"
"2025","2","IE","1","SUM"
"2025","2","MX","1","DET"
"2025","7","CH","268","XBB"
"2025","10","DK","163","DET"
"2025","7","LK","3","XBB"
"2025","2","TW","96","SUM"
"2025","2","GE","77","XBB"
"2025","1","SG","24","XBB"
"2025","8","MY","2922","INT"
"2025","5","KR","19","DET"
"2025","3","IL","4","DET"
"2025","11",,"148","DET"
"2025","1","BE","46012","INT"
"2025","5","NL","78","SUM"
"2025","8","BA","3","INT"
"2025","6","CY","11","DET"
"2025","12","GR","827","INT"
"2025","5","EG","361","INT"
"2025","9","CA","10","DET"
"2025","12","NZ","16","INT"
"2025","10","RS","13","XBB"
"2025","3","SA","1","DET"
"2025","6","TR","21","XBB"
"2025","12","AU","917","DET"
"2025","8","JP","387","INT"
"2025","5","FJ","109","SUM"
"2025","4","FI","1","SUM"
"2025","8","SG","1052","DET"
"2025","11","TR","2233","DET"
"2025","11","GB","3","SUM"
"2025","11","ES","845","XBB"
"2025","12","TW","6","DET"
"2025","3","CH","1527","DET"
"2025","7","AE","736","SCH"
"2025","8","US","28","INT"
"2025","1","IN","354","INT"
"2025","6","IS","12","INT"
"2025","4","SM","13","INT"
"2025","10","DE","329","XBB"
"2025","4","QA","4","SUM"
"2025","1","AR","409","INT"
"2025","9","IN","346","SCH"
"2025","11","MY","1","SUM"
"2025","4","DK","18","XBB"
"2025","7","LT","4064","INT"
"2025","4","EE","127","SCH"
"2025","8","GB","24830","INT"
"2025","2","SN","6","XBB"
"2025","11","NO","44","SCH"
"2025","10","SK","14","DET"
"2025","9","GB","28327","INT"
"2025","6","LU","17","XBB"
"2025","8","AU","587324","INT"
"2025","2","AE","16","XBB"
"2025","5","LU","3163","INT"
"2025","4","OM","1","INT"
"2025","9","ES","43591","INT"
"2025","1","GE","8","INT"
"2025","2","NL","343","XBB"
"2025","2","SK","47","XBB"
"2025","1","VN","28","XBB"
"2025","6","SG","979","DET"
"2025","10","RU","4","SCH"
"2025","10","CH","205","SCH"
"2025","4","RO","48065","INT"
"2025","5","HU","94","SCH"
"2025","7","CY","1","SUM"
"2025","2","BE","120","SUM"
"2025","3","AE","32","DET"
"2025","12","AT","3","XBB"
"2025","10","GR","12374","INT"
"2025","5","FI","4","SUM"
"2025","7","AR","421","SCH"
"2025","10","AR","420","SCH"
"2025","8","DE","143693","INT"
"2025","8","ES","260","XBB"
"2025","2","SK","9","SUM"
"2025","7","VN","30","XBB"
"2025","7","MT","1569","INT"
"2025","11","JP","5","SUM"
"2025","12","MY","28","SCH"
"2025","3","SN","14","XBB"
"2025","12","HK","49","SUM"
"2025","8","AE","1401","INT"
"2025","12","PT","49","SCH"
"2025","7","LI","8","INT"
"2025","3","KW","106","INT"
"2025","8",,"8","SUM"
"2025","10","ZA","658","SCH"
"2025","5","GE","71","XBB"
"2025","11","CY","20","DET"
"2025","6","EG","135","DET"
"2025","12","IT","7","XBB"
"2025","12","MD","33","XBB"
"2025","9","LV","4","XBB"
"2025","5","ZA","167","INT"
"2025","1","KW","36","DET"
"2025","7","HU","27933","INT"
"2025","9","JP","5","SUM"
"2025","6","BG","99","DET"
"2025","11","ZA","1","DET"
"2025","3","PT","612","SCH"
"2025","5","NO","21","DET"
"2025","10","TR","49","SUM"
"2025","10","AT","12638","INT"
"2025","2","VN","455","INT"
"2025","4","CZ","45","DET"
"2025","1","TR","36","SUM"
"2025","9","NL","293","DET"
"2025","2","IE","16884","INT"
"2025","9","AR","381","SCH"
"2025","3","AT","24","XBB"
"2025","7","SI","8","XBB"
"2025","4","MA","10","INT"
"2025","5","UZ","1","XBB"
"2025","9","ES","1086","DET"
"2025","3","ES","45","SUM"
"2025","9","MT","1430","INT"
"2025","7","SI","4200","INT"
"2025","4","MY","647","SCH"
"2025","3","VN","21","XBB"
"2025","9","EE","12","DET"
"2025","11","NZ","125","INT"
"2025","3","JO","1","XBB"
"2025","1","NZ","1","XBB"
"2025","2","HU","63","SUM"
"2025","7","BA","29","XBB"
"2025","4","BE","44737","INT"
"2025","6","AR","365","INT"
"2025","8","LT","3487","INT"
"2025","2","ES","1047","XBB"
"2025","8","EE","2319","INT"
"2025","11","HU","25468","INT"
"2025","11","MT","3","DET"
"2025","2","KW","4","XBB"
"2025","8","MQ","2","DET"
"2025","8","JO","11","DET"
"2025","11","GB","1403","SCH"
"2025","3","FJ","127","SUM"
"2025","3","GB","34709","INT"
"2025","6","IE","1","SUM"
"2025","11","MA","1","XBB"
"2025","7","LV","2773","INT"
"2025","1","AT","13557","INT"
"2025","9","CL","1","INT"
"2025","11","VN","44","XBB"
"2025","9","RU","5","SCH"
"2025","1","BH","3","XBB"
"2025","2","SE","19","XBB"
"2025","11","TH","3076","INT"
"2025","3","IT","1","SUM"
"2025","3","SG","681","INT"
"2025","12","BR","2","SCH"
"2025","8","BH","43","INT"
"2025","9","DE","208","XBB"
"2025","1","CN","4293","INT"
"2025","11","AL","275","XBB"
"2025","8","PG","3","XBB"
"2025","10","LB","1","INT"
"2025","6","NL","239","DET"
"2025","6","IE","13214","INT"
"2025","9","BE","38751","INT"
"2025","3","LU","67","SCH"
"2025","7","JO","40","INT"
"2025","3","GR","14574","INT"
"2025","8","EE","21","SCH"
"2025","9","DK","12093","INT"
"2025","8","AL","194","XBB"
"2025","9","RO","1","SUM"
"2025","10","MY","3020","INT"
"2025","7","NL","80","SUM"
"2025","2","PT","4","SUM"
"2025","8",,"510","XBB"
"2025","6","HN","1","INT"
"2025","6","HU","26333","INT"
"2025","12","SM","1","INT"
"2025","9","TH","257","SUM"
"2025","3","DE","2692","DET"
"2025","9","JP","445","INT"
"2025","8","TR","1034","DET"
"2025","7","US","22","SCH"
"2025","4","TW","120","DET"
"2025","11","LU","52","SCH"
"2025","1","LU","16","XBB"
"2025","9","BE","127","SCH"
"2025","6","PT","560","SCH"
"2025","1","EE","126","SCH"
"2025","10","GB","3","INT"
"2025","11","SE","24","XBB"
"2025","11","CZ","193","SCH"
"2025","1","GR","5","SUM"
"2025","6","SG","96","SCH"
"2025","7","LV","4","XBB"
"2025","8","FR","12969","SCH"
"2025","10","CZ","186","SCH"
"2025","5","SE","88","DET"
"2025","9","TR","31","XBB"
"2025","5","CA","10","DET"
"2025","2","LB","18","SCH"
"2025","5","MK","118","XBB"
"2025","10","SE","92","XBB"
"2025","4","NL","1136","SCH"
"2025","11","BR","4","INT"
"2025","2","EG","175","DET"
"2025","2","HU","34","DET"
"2025","5","UG","1","INT"
"2025","6","FR","33118","INT"
"2025","5","AT","4536","SCH"
"2025","10","LB","20","SCH"
"2025","4","DE","2333","DET"
"2025","4","AE","1451","INT"
"2025","4","QA","175","INT"
"2025","10","AL","284","XBB"
"2025","11","LU","10","XBB"
"2025","1","CN","154","SUM"
"2025","6","PL","8610","SCH"
"2025","5","AU","21","SUM"
"2025","6","LU","6","DET"
"2025","1","PL","74","XBB"
"2025","8","RO","41298","INT"
"2025","10","CY","1","SUM"
"2025","2","OM","2","INT"
"2025","1","CA","20","DET"
"2025","7","US","482","DET"
"2025","6","LV","2736","INT"
"2025","5","CN","699","SCH"
"2025","8","IE","79","XBB"
"2025","5","EE","2711","INT"
"2025","4","HK","480","SUM"
"2025","7","IT","149","XBB"
"2025","2","LV","3441","INT"
"2025","11","QA","4","XBB"
"2025","11","AU","10","XBB"
"2025","5","TZ","1","INT"
"2025","3","ID","14","XBB"
"2025","3","LV","9","XBB"
"2025","2","TZ","3","INT"
"2025","8","CN","580","SCH"
"2025","5","CZ","106","DET"
"2025","2","SI","197","SCH"
"2025","11","EG","636","SCH"
"2025","7","SG","484","INT"
"2025","3","LT","6","XBB"
"2025","9","YK","76","XBB"
"2025","12","IT","756","INT"
"2025","11","LT","8","XBB"
"2025","2","NL","2802","SCH"
"2025","4","CA","18","DET"
"2025","4","PL","3635","DET"
"2025","11","SG","95","SCH"
"2025","9","HK","635","INT"
"2025","11","ES","18","SUM"
"2025","4","MD","4","INT"
"2025","4","BG","8500","INT"
"2025","8","LU","2390","INT"
"2025","11","AE","28","SUM"
"2025","11","MA","4","INT"
"2025","9","MT","4","DET"
"2025","10","FR","331","XBB"
"2025","2","AL","2","INT"
"2025","7","KE","3","INT"
"2025","4","CY","2","SUM"
"2025","8","FR","714","DET"
"2025","10","PH","15","INT"
"2025","5","SE","8","SUM"
"2025","5","GE","3","INT"
"2025","11","PT","212","DET"
"2025","6","JP","96","DET"
"2025","3","IE","32","DET"
"2025","4","CY","7","DET"
"2025","9","FI","10","XBB"
"2025","2","BG","84","XBB"
"2025","2","TW","58","SCH"
"2025","10","PH","47","SCH"
"2025","9","BD","1","DET"
"2025","2","CY","43","SCH"
"2025","3","NO","19","DET"
"2025","11","FJ","290","INT"
"2025","9","BH","70","SCH"
"2025","7","KW","1","SUM"
"2025","6","HR","1","SUM"
"2025","11","FR","732","DET"
"2025","8","AE","22","XBB"
"2025","9","QA","2","SUM"
"2025","4","GB","1426","SCH"
"2025","9","JO","28","INT"
"2025","2","QA","143","INT"
"2025","8","FR","22884","INT"
"2025","9","BH","1","XBB"
"2025","10","LT","3804","INT"
"2025","1","AT","25","XBB"
"2025","4",,"2338","INT"
"2025","1","CY","2033","INT"
"2025","11","BH","78","SCH"
"2025","2","BA","3","INT"
"2025","11","EE","4","XBB"
"2025","7","CH","12946","INT"
"2025","9","AT","4079","SCH"
"2025","8","CL","3","INT"
"2025","2","GE","5","INT"
"2025","8","TW","73","SUM"
"2025","11","MK","2","DET"
"2025","9","JO","26","SCH"
"2025","11","FR","196","XBB"
"2025","11","BE","114","SCH"
"2025","4","IT","823","SCH"
"2025","2","AT","2","SUM"
"2025","2","US","19","SCH"
"2025","9","NZ","101","INT"
"2025","5","CH","1277","DET"
"2025","1","CY","44","SCH"
"2025","7","PT","61507","INT"
"2025","2","JO","62","INT"
"2025","1","GR","51","DET"
"2025","9","OM","1","XBB"
"2025","1","NL","80","SUM"
"2025","4","HK","4","DET"
"2025","12","CN","304","DET"
"2025","1","IE","14102","INT"
"2025","12","MY","20","DET"
"2025","7","CN","111","SUM"
"2025","11","TN","2","INT"
"2025","10","SI","16","SUM"
"2025","10","BE","130","SCH"
"2025","7","CA","15","DET"
"2025","5","ES","665","XBB"
"2025","3","IT","11880","INT"
"2025","6","RO","46532","INT"
"2025","11","QA","8","SUM"
"2025","2","FJ","265","INT"
"2025","4","MK","121","XBB"
"2025","1","BE","132","SUM"
"2025","1","MM","4","XBB"
"2025","11","ZA","96","INT"
"2025","3","PT","84","XBB"
"2025","3","SI","4","XBB"
"2025","8","PL","93401","INT"
"2025","9","HK","407","SUM"
"2025","1","BD","2","INT"
"2025","6","FJ","124","SUM"
"2025","3","MK","121","XBB"
"2025","4","VN","57","DET"
"2025","8","GE","4","INT"
"2025","5","MK","4","INT"
"2025","7","TR","22616","INT"
"2025","12","GB","1673","INT"
"2025","7","GR","13520","INT"
"2025","1","ES","896","XBB"
"2025","10","KW","32","DET"
"2025","12","HU","6","SUM"
"2025","8","KH","145","SCH"
"2025","1","LV","3680","INT"
"2025","7","AT","56","DET"
"2025","3","DE","83","SUM"
"2025","12","BE","3","XBB"
"2025","6","IN","394","SCH"
"2025","5","MM","2","INT"
"2025","11","CZ","18756","INT"
"2025","7","DK","10624","INT"
"2025","3","TR","53","XBB"
"2025","11","GE","5","INT"
"2025","12","TW","75","INT"
"2025","3","JP","118","SCH"
"2025","9","IN","194","DET"
"2025","3","SK","9921","INT"
"2025","6","MD","7","INT"
"2025","9","MD","35","INT"
"2025","4","EG","621","SCH"
"2025","11","GB","25245","INT"
"2025","4","FJ","2","DET"
"2025","10","CZ","42","XBB"
"2025","10","HU","98","SUM"
"2025","12","GE","7","XBB"
"2025","10","EG","20","XBB"
"2025","8","CA","3","INT"
"2025","11","YK","1","INT"
"2025","3","HK","853","INT"
"2025","4","TH","71827","SCH"
"2025","5","ID","112","INT"
"2025","10","PL","3948","DET"
"2025","7","ES","1147","DET"
"2025","7","NO","4346","INT"
"2025","2","GB","72","XBB"
"2025","2","EE","120","SCH"
"2025","11","EE","3","DET"
"2025","11","KR","308","INT"
"2025","4","TR","1314","DET"
"2025","2","IE","26","DET"
"2025","7","LB","19","SCH"
"2025","4","AU","11252","DET"
"2025","5",,"600","XBB"
"2025","5","TW","57","SCH"
"2025","1","CH","205","SCH"
"2025","11","JP","95","DET"
"2025","6","GB","88","XBB"
"2025","10","SI","9","DET"
"2025","2","SK","9534","INT"
"2025","6","VN","4","SCH"
"2025","10","KR","131","SCH"
"2025","9","BE","178","XBB"
"2025","8","TR","19114","INT"
"2025","10","MT","2","DET"
"2025","2","HK","6","XBB"
"2025","7","JO","24","SCH"
"2025","2","DE","283","XBB"
"2025","2","CH","195","SCH"
"2025","2","DK","352","SCH"
"2025","5","TR","215","SCH"
"2025","9","NO","22","DET"
"2025","1","ID","151","INT"
"2025","7","IE","19","DET"
"2025","5","TR","39","SUM"
"2025","6","LB","20","SCH"
"2025","4","ZA","348","DET"
"2025","4","SG","983","DET"
"2025","12","ES","46","DET"
"2025","9","ID","10","DET"
"2025","7","DK","354","SCH"
"2025","8","VN","4","SCH"
"2025","9","VN","2","SUM"
"2025","10","PH","252","DET"
"2025","9","MY","2782","INT"
"2025","11","BH","1","XBB"
"2025","2","TH","64993","SCH"
"2025","1","QA","9","DET"
"2025","3","TN","2","INT"
"2025","8","VA","1","DET"
"2025","8","TW","2","XBB"
"2025","9","GB","1","INT"
"2025","11","PL","95","XBB"
"2025","4","LU","5","DET"
"2025","5","BR","6","INT"
"2025","11","FJ","341","SCH"
"2025","8","BA","9","XBB"
"2025","2","MD","6","INT"
"2025","8","KR","14","DET"
"2025","10","JO","31","INT"
"2025","8","CZ","17884","INT"
"2025","8","ZA","631","SCH"
"2025","1","GB","1385","SCH"
"2025","10","IN","219","INT"
"2025","1","MC","20","INT"
"2025","3","HK","3","DET"
"2025","3","BG","115","DET"
"2025","1","PT","646","SCH"
"2025","6","TW","1082","INT"
"2025","3","PT","278","DET"
"2025","6","IT","153","XBB"
"2025","1","AE","709","SCH"
"2025","3","ZA","334","DET"
"2025","4","IS","10","INT"
"2025","2","BH","67","INT"
"2025","5","LT","10","DET"
"2025","5","CL","1","INT"
"2025","8","IL","1373","INT"
"2025","9","CY","4","XBB"
"2025","8","FJ","135","SUM"
"2025","3","KR","142","SCH"
"2025","2","CH","209","XBB"
"2025","5","DE","212","XBB"
"2025","12","QA","1","SCH"
"2025","10","PT","105","XBB"
"2025","6","FI","9","SUM"
"2025","4","LU","3618","INT"
"2025","6","CY","2","SUM"
"2025","3","IE","1","SUM"
"2025","5","MD","60","DET"
"2025","12","IE","46","SCH"
"2025","8","SI","207","SCH"
"2025","6","BG","34","XBB"
"2025","1","FJ","400","SCH"
"2025","4","US","506","DET"
"2025","6","MT","6","DET"
"2025","7","PH","23","INT"
"2025","9","LB","1","XBB"
"2025","8","LB","1","XBB"
"2025","3","IT","860","SCH"
"2025","1","NL","3679","SCH"
"2025","9","LT","3832","INT"
"2025","2","CN","3097","DET"
"2025","5","OM","4","INT"
"2025","6","TR","19639","INT"
"2025","11","AE","740","SCH"
"2025","11","FI","115","DET"
"2025","2","NL","261","DET"
"2025","8","PL","5","SUM"
"2025","11","QA","26","SCH"
"2025","8","VN","2","SUM"
"2025","11","PT","1","SUM"
"2025","7","DE","78","SUM"
"2025","7",,"2066","INT"
"2025","12","PH","3","SCH"
"2025","7","BG","8629","INT"
"2025","11","IE","32","DET"
"2025","6","IT","10138","INT"
"2025","8","GR","34","DET"
"2025","3","HR","275","INT"
"2025","10","FR","980","DET"
"2025","7","BH","53","INT"
"2025","6","MY","336","DET"
"2025","4","IN","52","XBB"
"2025","8","OM","5","INT"
"2025","10","RO","50462","INT"
"2025","8","BE","133","SCH"
"2025","5","CN","59","XBB"
"2025","2","BE","1614","SCH"
"2025","5","HR","1","DET"
"2025","12","RO","3","SCH"
"2025","11","HK","416","SUM"
"2025","10","TR","44","XBB"
"2025","5","IN","412","SCH"
"2025","6",,"77","SCH"
"2025","6","AU","571331","INT"
"2025","5","AE","24","XBB"
"2025","2","IN","374","SCH"
"2025","12","GR","2","XBB"
"2025","6","AE","15","XBB"
"2025","5","CH","20","SUM"
"2025","6","UA","126","SCH"
"2025","1","PT","56142","INT"
"2025","10","BE","205","DET"
"2025","2","AU","12143","DET"
"2025","7","GB","145","DET"
"2025","8","PT","39170","INT"
"2025","5","PL","3735","DET"
"2025","12","RS","2","XBB"
"2025","11","VN","46","DET"
"2025","2","ES","66","SUM"
"2025","5","AE","27","DET"
"2025","5","CN","4486","DET"
"2025","2","LI","4","INT"
"2025","6","ES","39","SUM"
"2025","2","IT","10836","INT"
"2025","5","SA","6","XBB"
"2025","4","HK","3","XBB"
"2025","10","LU","51","SCH"
"2025","3","KW","45","DET"
"2025","4","BR","18","SCH"
"2025","2","CN","59","XBB"
"2025","5","KR","122","SCH"
"2025","7","MC","28","INT"
"2025","11",,"76","SCH"
"2025","6","AU","2","SUM"
"2025","4","QA","7","XBB"
"2025","11","EG","107","DET"
"2025","2","KW","16","SUM"
"2025","2","SA","7","XBB"
"2025","4","ID","578","SCH"
"2025","2","TR","42","XBB"
"2025","3","SA","446","SCH"
"2025","12",,"14","DET"
"2025","6","IN","236","DET"
"2025","11","YK","72","XBB"
"2025","11","AL","6","INT"
"2025","6","BE","167","XBB"
"2025","10","CL","212","SCH"
"2025","9","IN","48","XBB"
"2025","12","LU","224","INT"
"2025","4","EG","343","INT"
"2025","3","BE","177","DET"
"2025","9","KW","28","DET"
"2025","9","MD","35","SUM"
"2025","9","NL","1000","SCH"
"2025","12","ID","23","SCH"
"2025","7","GR","34","XBB"
"2025","10","AE","34","SUM"
"2025","2","HR","1","DET"
"2025","12","DE","19","XBB"
"2025","6","HU","92","SUM"
"2025","7","IL","15","XBB"
"2025","1","HR","29","XBB"
"2025","9","CH","205","SCH"
"2025","11","CN","504","SCH"
"2025","4","SG","112","SUM"
"2025","7","RO","51874","INT"
"2025","2","SI","10","XBB"
"2025","1","SG","1155","DET"
"2025","1","MD","6","INT"
"2025","1","LU","93","SCH"
"2025","8","OM","2","XBB"
"2025","8","MT","1100","INT"
"2025","7",,"405","XBB"
"2025","9","ZA","598","SCH"
"2025","9","HU","30","DET"
"2025","9","DK","161","DET"
"2025","6","DK","12028","INT"
"2025","12","NO","385","INT"
"2025","8","GB","2","INT"
"2025","10","AU","13","XBB"
"2025","9","ZA","99","INT"
"2025","3","SE","401","SCH"
"2025","1","LV","32","DET"
"2025","10","FI","30","XBB"
"2025","4","FI","10781","INT"
"2025","3","MY","355","DET"
"2025","5","CY","2138","INT"
"2025","2","LV","67","DET"
"2025","3","PL","11","SUM"
"2025","3","QA","165","INT"
"2025","10","TW","892","INT"
"2025","6","MY","626","SCH"
"2025","10","EE","4","XBB"
"2025","2","HU","71","XBB"
"2025","7","GB","32283","INT"
"2025","1","CH","208","XBB"
"2025","10","QA","1","SUM"
"2025","1","NL","58738","INT"
"2025","5","IT","48","DET"
"2025","4","NL","247","DET"
"2025","4","AU","27","SUM"
"2025","4","CZ","21954","INT"
"2025","8","MY","31","XBB"
"2025","2","DK","1","SUM"
"2025","9","MK","106","XBB"
"2025","2","UA","114","SCH"
"2025","11","CN","102","SUM"
"2025","5","SK","2","SUM"
"2025","2","TN","1","INT"
"2025","12","AT","1009","INT"
"2025","9","NO","5716","INT"
"2025","4","PL","8789","SCH"
"2025","7","ID","580","SCH"
"2025","4","TW","86","SUM"
"2025","1","RS","1","DET"
"2025","1","TW","3","XBB"
"2025","1","TH","16864","INT"
"2025","4","EG","4","SUM"
"2025","7","HK","5","DET"
"2025","4","NO","5520","INT"
"2025","7","VN","5","SCH"
"2025","12","MD","2","DET"
"2025","11","FR","13261","SCH"
"2025","1","FJ","139","SUM"
"2025","6","KR","11","DET"
"2025","9","AE","696","SCH"
"2025","12","SK","740","INT"
"2025","1","TR","23302","INT"
"2025","1","IS","2","DET"
"2025","9","SK","16","DET"
"2025","5","SE","366","SCH"
"2025","3","QA","7","DET"
"2025","12","FJ","26","INT"
"2025","12","MK","14","XBB"
"2025","10","IE","12523","INT"
"2025","5","AR","461","INT"
"2025","11","JO","23","INT"
"2025","7","FR","13213","SCH"
"2025","4","CL","211","SCH"
"2025","10","BG","392","SCH"
"2025","3","SE","35","XBB"
"2025","9","SG","436","INT"
"2025","2","DE","2561","DET"
"2025","7","IS","6","INT"
"2025","2","SE","8","SUM"
"2025","6","FJ","49","XBB"
"2025","11","CH","10454","INT"
"2025","6","LU","3250","INT"
"2025","5","DK","2","SUM"
"2025","3","BA","19","XBB"
"2025","9","RO","46186","INT"
"2025","8","SI","5","DET"
"2025","2","SG","39","XBB"
"2025","2","CY","11","DET"
"2025","6","PL","6","SUM"
"2025","7","AE","41","SUM"
"2025","4","LK","5","DET"
"2025","2","NO","1","SUM"
"2025","8","SG","56","SUM"
"2025","2","KR","122","SCH"
"2025","6","TW","86","SUM"
"2025","10","LV","19","XBB"
"2025","2","TR","22136","INT"
"2025","4","FJ","49","XBB"
"2025","8","SM","14","INT"
"2025","7","EE","2334","INT"
"2025","4","IT","153","XBB"
"2025","9","TR","151","SCH"
"2025","5","MT","1913","INT"
"2025","7","CA","8","INT"
"2025","11","KR","10","SUM"
"2025","10","QA","113","INT"
"2025","6","BE","137","SCH"
"2025","6","KR","14","SUM"
"2025","12","JP","48","INT"
"2025","5","QA","9","XBB"
"2025","1","AE","19","DET"
"2025","8","AR","363","SCH"
"2025","3","MD","373","XBB"
"2025","1","HU","27999","INT"
"2025","3","JO","14","DET"
"2025","7","JP","5","SUM"
"2025","11","CY","45","SCH"
"2025","7","SA","9","XBB"
"2025","6","SM","1","INT"
"2025","3","VN","546","INT"
"2025","11","NL","1130","SCH"
"2025","3","RO","52967","INT"
"2025","7","RO","179","DET"
"2025","4","DE","166381","INT"
"2025","2","QA","11","XBB"
"2025","5","IN","309","INT"
"2025","12","GB","4","XBB"
"2025","10","YK","1","DET"
"2025","2","AE","1347","INT"
"2025","10","BE","41242","INT"
"2025","4","DE","232","XBB"
"2025","10","BD","1","DET"
"2025","2","ZA","645","SCH"
"2025","5","ID","3","XBB"
"2025","6","SK","1","SUM"
"2025","5","AT","1","SUM"
"2025","10","EG","386","INT"
"2025","5","GB","1","INT"
"2025","10","IN","386","SCH"
"2025","8","CY","10","DET"
"2025","12","JO","1","SCH"
"2025","6","CA","19","DET"
"2025","5","LV","5","XBB"
"2025","5","DK","373","SCH"
"2025","6","TH","3369","DET"
"2025","11","LK","2","DET"
"2025","3","MK","10","INT"
"2025","5","PL","7","SUM"
"2025","6","CY","47","SCH"
"2025","9","CN","3619","INT"
"2025","4","ME","5","XBB"
"2025","3","NL","1185","SCH"
"2025","6","FR","3","SUM"
"2025","10","TH","3545","INT"
"2025","9","AE","33","SUM"
"2025","9","US","1","XBB"
"2025","6","US","20","SCH"
"2025","12","FR","2242","INT"
"2025","8","LV","2","XBB"
"2025","1","IE","3","SUM"
"2025","10","MT","6","XBB"
"2025","9","MM","4","XBB"
"2025","4","JP","13","SUM"
"2025","3",,"258","DET"
"2025","1","IT","41","DET"
"2025","5","KR","10","SUM"
"2025","6","DK","22","XBB"
"2025","8","BD","2","INT"
"2025","8","CN","3590","INT"
"2025","10","NL","555","DET"
"2025","5","KR","36","XBB"
"2025","3","TR","285","SCH"
"2025","7","ZM","2","INT"
"2025","4","FJ","112","SUM"
"2025","1","JO","21","DET"
"2025","10","SE","124","DET"
"2025","4","NL","90","SUM"
"2025","11","ES","952","DET"
"2025","7","ES","824","XBB"
"2025","1","NL","596","XBB"
"2025","10","UA","126","SCH"
"2025","3","US","500","DET"
"2025","12","UA","6","SCH"
"2025","7","SK","47","XBB"
"2025","11","HR","5","XBB"
"2025","12","TH","196","DET"
"2025","3","FJ","41","XBB"
"2025","10","KH","154","SCH"
"2025","6","NO","43","SCH"
"2025","1","ZA","8","XBB"
"2025","12","CZ","1594","INT"
"2025","1","PL","3262","DET"
"2025","3",,"84","SCH"
"2025","7","AZ","1","INT"
"2025","6","TR","989","DET"
"2025","6","PT","52","XBB"
"2025","12","BG","21","SCH"
"2025","10","FR","35433","INT"
"2025","12","MT","73","INT"
"2025","4","MT","1524","INT"
"2025","2","CZ","172","SCH"
"2025","3","KR","14","SUM"
"2025","10","SG","365","INT"
"2025","8","JP","2","SUM"
"2025","2","MM","2","DET"
"2025","2","BG","391","SCH"
"2025","7","GR","273","SCH"
"2025","1","GN","5","INT"
"2025","10","PT","537","SCH"
"2025","1","KR","24","XBB"
"2025","3","PH","43","INT"
"2025","1","FI","8","SUM"
"2025","8","LB","19","SCH"
"2025","10","AD","1","DET"
"2025","4","SA","1","DET"
"2025","5","SI","17","DET"
"2025","4","FR","151","XBB"
"2025","3","AE","39","SUM"
"2025","4","TH","2400","SUM"
"2025","6","RS","15","XBB"
"2025","4","GB","181","DET"
"2025","5","MM","15","XBB"
"2025","11","IL","1","DET"
"2025","1","JP","78","DET"
"2025","5","US","458","DET"
"2025","11","CH","215","SCH"
"2025","8","CL","183","SCH"
"2025","7","BH","77","SCH"
"2025","2","CZ","22","XBB"
"2025","12","TR","1377","INT"
"2025","10","DE","68","SUM"
"2025","7","ZA","1","XBB"
"2025","10","PT","273","DET"
"2025","3","TH","15129","INT"
"2025","6","SK","14","DET"
"2025","12","FJ","11","XBB"
"2025","10","US","125","INT"
"2025","6","FI","237","DET"
"2025","11","BG","8175","INT"
"2025","1","AT","59","DET"
"2025","2","NO","20","DET"
"2025","4","IL","3","DET"
"2025","6","GR","278","SCH"
"2025","1","QA","26","SCH"
"2025","9","GR","11852","INT"
"2025","1","MY","14","SUM"
"2025","9","ID","55","INT"
"2025","8","CZ","21","XBB"
"2025","3","TW","1231","INT"
"2025","12","CA","1","DET"
"2025","9","ID","560","SCH"
"2025","4","AL","324","XBB"
"2025","2","LU","14","XBB"
"2025","2","NZ","2","XBB"
"2025","5","SG","1025","DET"
"2025","10","CY","1911","INT"
"2025","6","GE","64","XBB"
"2025","12","GB","65","SCH"
"2025","7","SG","99","SCH"
"2025","9","SG","1108","DET"
"2025","7","LU","3553","INT"
"2025","4","SE","383","SCH"
"2025","2","CN","809","SCH"
"2025","10","VN","26","XBB"
"2025","5","IE","27","DET"
"2025","10","CZ","47","DET"
"2025","12","CZ","1","XBB"
"2025","9","FR","12314","SCH"
"2025","3","BH","46","INT"
"2025","1","HK","10","DET"
"2025","4","GB","90","XBB"
"2025","9","AU","587239","INT"
"2025","6","BA","38","XBB"
"2025","7","PL","8472","SCH"
"2025","3","BR","1","INT"
"2025","4","BE","103","SUM"
"2025","8","TW","62","SCH"
"2025","2","MT","1","DET"
"2025","10","SI","4414","INT"
"2025","12","FR","606","SCH"
"2025","7","US","25","INT"
"2025","6","ID","91","INT"
"2025","10","SM","6","INT"
"2025","5","FJ","57","XBB"
"2025","4","SI","26","SUM"
"2025","4","AU","18","XBB"
"2025","5","BE","164","XBB"
"2025","4","GR","65","DET"
"2025","2","SE","23841","INT"
"2025","3","SK","34","DET"
"2025","5","FI","10214","INT"
"2025","5","FR","29651","INT"
"2025","4","SG","98","SCH"
"2025","6","TR","40","SUM"
"2025","11","SA","104","INT"
"2025","6","LT","9","XBB"
"2025","10","TW","60","DET"
"2025","11","FI","4","SUM"
"2025","2","CH","13825","INT"
"2025","2","LU","88","SCH"
"2025","2","KR","32","XBB"
"2025","8","QA","1","SUM"
"2025","3","ES","1043","XBB"
"2025","8","EE","10","XBB"
"2025","2","IN","335","DET"
"2025","3","LT","8","DET"
"2025","11","MD","32","SUM"
"2025","2","JP","463","INT"
"2025","7","CZ","20743","INT"
"2025","12","US","1","INT"
"2025","5","MG","1","INT"
"2025","11","CZ","22","XBB"
"2025","8","SA","79","INT"
"2025","2","MT","21","XBB"
"2025","4","BE","158","XBB"
"2025","2","RS","975","INT"
"2025","5","IN","255","DET"
"2025","3","OM","3","INT"
"2025","7","TR","31","SUM"
"2025","4","PH","200","DET"
"2025","2","US","2","XBB"
"2025","12",,"29","XBB"
"2025","9","ME","10","XBB"
"2025","1","ES","1163","DET"
"2025","8","LK","2","INT"
"2025","1","LT","7","DET"
"2025","9","SA","363","SCH"
"2025","11","IE","44","XBB"
"2025","1","KH","142","SCH"
"2025","12","CN","2","XBB"
"2025","8","MD","21","SUM"
"2025","6","EE","6","DET"
"2025","6","DK","356","SCH"
"2025","5","DK","12350","INT"
"2025","11","BA","3","INT"
"2025","2","TR","991","DET"
"2025","12","HR","17","INT"
"2025","10","QA","26","SCH"
"2025","9","SA","103","INT"
"2025","9","BA","25","XBB"
"2025","8","AR","362","INT"
"2025","10","ME","8","XBB"
"2025","9","AT","47","DET"
"2025","8","MA","19","INT"
"2025","5","JO","45","INT"
"2025","6","ZA","717","SCH"
"2025","5","ZA","3","XBB"
"2025","2","JO","24","SCH"
"2025","2","IS","17","INT"
"2025","3","EG","668","SCH"
"2025","10","AE","1578","INT"
"2025","11","BE","33","SUM"
"2025","5","ZA","285","DET"
"2025","7","CL","213","SCH"
"2025","2","RO","134","DET"
"2025","5","BG","21","XBB"
"2025","6","JO","41","INT"
"2025","2","CA","16","DET"
"2025","9","CN","68","XBB"
"2025","6","MY","1","SUM"
"2025","8","HR","2","DET"
"2025","11","LV","1","DET"
"2025","9","AT","11955","INT"
"2025","6","CL","192","SCH"
"2025","1","TR","83","XBB"
"2025","2","VN","1","SUM"
"2025","5","BE","131","SCH"
"2025","4","SK","24","XBB"
"2025","1","RO","44146","INT"
"2025","7","PH","236","DET"
"2025","9","OM","1","INT"
"2025","1","CH","14195","INT"
"2025","2","DE","78","SUM"
"2025","10","LK","3","INT"
"2025","8","SG","458","INT"
"2025","10","SE","23064","INT"
"2025","4","AT","13370","INT"
"2025","2","SI","4340","INT"
"2025","2","PL","124198","INT"
"2025","6","MT","47","XBB"
"2025","1","BR","2","INT"
"2025","2","TH","8556","DET"
"2025","9","ID","9","XBB"
"2025","9","NO","40","SCH"
"2025","4","SK","17","DET"
"2025","10","DK","346","SCH"
"2025","1","RO","71","SCH"
"2025","2","NO","6255","INT"
"2025","11","EE","22","SCH"
"2025","10","MD","34","SUM"
"2025","7","MD","375","XBB"
"2025","10","ES","46555","INT"
"2025","1","CY","8","XBB"
"2025","4","MM","6","XBB"
"2025","11","IN","392","SCH"
"2025","3","SE","126","DET"
"2025","6","NO","5685","INT"
"2025","7","SG","1122","DET"
"2025","5","BA","27","XBB"
"2025","9","SK","1","SUM"
"2025","3","CY","13","XBB"
"2025","5","NL","50145","INT"
"2025","12","NO","2","SCH"
"2025","4","KW","36","DET"
"2025","5","NG","1","INT"
"2025","2","KR","611","INT"
"2025","12","SK","6","XBB"
"2025","4","FI","19","XBB"
"2025","1","HU","69","SUM"
"2025","8","TW","70","DET"
"2025","8","SG","93","SCH"
"2025","6","SI","7","XBB"
"2025","6","SG","521","INT"
"2025","2","JP","1","XBB"
"2025","9","SE","44","DET"
"2025","12","SI","10","SCH"
"2025","2","DE","170776","INT"
"2025","4","SG","28","XBB"
"2025","5","GR","13523","INT"
"2025","10","NO","42","SCH"
"2025","9","TR","1936","DET"
"2025","6","PT","49871","INT"
"2025","10","HU","94","SCH"
"2025","4","ES","25","SUM"
"2025","7","IL","3","DET"
"2025","4","PH","21","INT"
"2025","1","SG","402","SUM"
"2025","6","YK","91","XBB"
"2025","4",,"75","SCH"
"2025","4","TH","7844","DET"
"2025","10","RE","2","INT"
"2025","8","ID","10","DET"
"2025","8",,"173","DET"
"2025","11","NL","610","DET"
"2025","6","FR","266","XBB"
"2025","9","FR","4","SUM"
"2025","3","DK","421","SCH"
"2025","5","VN","52","DET"
"2025","11","KW","1","XBB"
"2025","2","EE","15","DET"
"2025","9","ES","23","SUM"
"2025","7","FJ","27","XBB"
"2025","4","ZA","154","INT"
"2025","8","HU","22148","INT"
"2025","5","IL","7","XBB"
"2025","9","JP","78","DET"
"2025","5","HU","56","DET"
"2025","1","IE","67","XBB"
"2025","8","BG","79","DET"
"2025","11","NL","45428","INT"
"2025","1","LU","9","DET"
"2025","3","RO","79","SCH"
"2025","9","LU","1","SUM"
"2025","10","IN","199","DET"
"2025","11","BR","16","SCH"
"2025","8","UA","120","SCH"
"2025","9","TR","20262","INT"
"2025","8","IN","179","INT"
"2025","6","MK","124","XBB"
"2025","3","BE","169","XBB"
"2025","7","NO","43","SCH"
"2025","9","AR","351","INT"
"2025","7","EG","372","INT"
"2025","2","AL","257","XBB"
"2025","9","TW","71","DET"
"2025","6","PH","26","INT"
"2025","11","BG","407","SCH"
"2025","8","PK","2","INT"
"2025","5","NO","5605","INT"
"2025","8","QA","1","DET"
"2025","1","RU","4","SCH"
"2025","9","VN","51","DET"
"2025","1",,"2467","INT"
"2025","10","VN","448","INT"
"2025","11","RO","76","SCH"
"2025","4","PT","55","XBB"
"2025","2","SA","3","DET"
"2025","5","KH","135","SCH"
"2025","1","PL","9368","SCH"
"2025","5","SA","80","INT"
"2025","1","BH","1","DET"
"2025","5","SK","8550","INT"
"2025","9","CH","209","XBB"
"2025","9","PT","53318","INT"
"2025","8","CH","153","XBB"
"2025","7","LT","120","SCH"
"2025","3","US","22","SCH"
"2025","5","LU","1","SUM"
"2025","8","EG","13","XBB"
"2025","11","LT","4","DET"
"2025","8","NL","62","SUM"
"2025","1","ZA","710","SCH"
"2025","3","GB","98","XBB"
"2025","2","PT","63","XBB"
"2025","1","DE","175730","INT"
"2025","11","BG","14","XBB"
"2025","5","RS","920","INT"
"2025","7","TR","157","SCH"
"2025","7","DE","174946","INT"
"2025","4","RS","936","INT"
"2025","11","TH","1913","DET"
"2025","3","AR","417","SCH"
"2025","10","YK","4","INT"
"2025","2","FI","241","DET"
"2025","1","EG","153","DET"
"2025","8","TH","3030","DET"
"2025","4","ID","16","XBB"
"2025","10","NL","1089","SCH"
"2025","8","IT","29","DET"
"2025","11","HU","44","SCH"
"2025","5","TH","10730","INT"
"2025","2","AE","26","DET"
"2025","5","RO","161","DET"
"2025","3","ID","122","INT"
"2025","11","AU","10812","DET"
"2025","1","YK","97","XBB"
"2025","8","SK","15","XBB"
"2025","2","EG","353","INT"
"2025","5","LU","50","SCH"
"2025","1","SI","219","SCH"
"2025","9","FI","300","DET"
"2025","5","TH","2388","SUM"
"2025","3","QA","27","SCH"
"2025","12","NL","56","SCH"
"2025","10","NZ","163","INT"
"2025","11","KH","145","SCH"
"2025","7","TR","44","XBB"
"2025","3","DK","224","DET"
"2025","12","PT","3","XBB"
"2025","1","EG","4","SUM"
"2025","5","SN","3","XBB"
"2025","10","ZA","98","INT"
"2025","3","IL","1776","INT"
"2025","4","US","1","XBB"
"2025","5","PL","8285","SCH"
"2025","6","AE","1299","INT"
"2025","10","IE","40","DET"
"2025","12","GR","11","SCH"
"2025","11","EG","15","XBB"
"2025","11","LU","2723","INT"
"2025","4","AR","417","SCH"
"2025","6","JP","478","INT"
"2025","8","SK","10","DET"
"2025","7","PK","1","INT"
"2025","11","RS","1","DET"
"2025","1","FI","19","XBB"
"2025","11","KR","4","XBB"
"2025","4","JO","54","INT"
"2025","4","DK","398","SCH"
"2025","9","HK","4","DET"
"2025","2","PL","8991","SCH"
"2025","3","EG","4","SUM"
"2025","2","BH","72","SCH"
"2025","11","BD","1","DET"
"2025","7","MD","72","DET"
"2025","8","MD","49","DET"
"2025","3","TH","2503","SUM"
"2025","8","SG","58","XBB"
"2025","6","LV","11","XBB"
"2025","1","SE","125","DET"
"2025","11","NL","45","SUM"
"2025","4","MC","20","INT"
"2025","11","TH","13943","SCH"
"2025","2","NO","39","SCH"
"2025","3","NZ","48","INT"
"2025","6","HU","37","DET"
"2025","9","BH","62","INT"
"2025","5","MY","2","SUM"
"2025","1","MT","22","XBB"
"2025","2","TH","14934","INT"
"2025","9","TR","53","SUM"
"2025","2","MM","8","XBB"
"2025","7","LK","8","INT"
"2025","2","TW","77","DET"
"2025","9","MA","14","INT"
"2025","3","TW","4","XBB"
"2025","1","SN","23","XBB"
"2025","12","AU","56098","INT"
"2025","1","LI","6","INT"
"2025","3","FJ","414","SCH"
"2025","4","MD","319","XBB"
"2025","1","FR","1346","DET"
"2025","12","TW","3","SCH"
"2025","11","AR","397","SCH"
"2025","7","YK","111","XBB"
"2025","6","AT","34","XBB"
"2025","7","BA","4","INT"
"2025","3","MD","61","DET"
"2025","12","MT","1","XBB"
"2025","5","FR","3","SUM"
"2025","12","TR","1","XBB"
"2025","4","YK","2","INT"
"2025","9","IE","23","DET"
"2025","11","MC","1","DET"
"2025","4","BA","6","INT"
"2025","11","FI","8","XBB"
"2025","7","SA","111","INT"
"2025","1","SE","24564","INT"
"2025","3","AT","14075","INT"
"2025","1","SK","4","SUM"
"2025","10","KE","1","INT"
"2025","5","HK","8","DET"
"2025","2","CH","48","SUM"
"2025","11",,"1941","INT"
"2025","11","GR","11355","INT"
"2025","11","GR","24","XBB"
"2025","1","AT","1","SUM"
"2025","10","IT","12714","INT"
"2025","7","RU","5","SCH"
"2025","5","ES","33","SUM"
"2025","11","SI","5","XBB"
"2025","11","LI","5","INT"
"2025","4","DK","12588","INT"
"2025","7","PL","120411","INT"
"2025","5",,"229","DET"
"2025","10","CN","596","SCH"
"2025","6","EE","2412","INT"
"2025","1","VA","1","DET"
"2025","9","LV","24","DET"
"2025","9","IT","52","DET"
"2025","2","AT","13210","INT"
"2025","1","ID","11","DET"
"2025","9","SE","38","XBB"
"2025","8","PL","3112","DET"
"2025","7","CZ","20","XBB"
"2025","9","DE","159597","INT"
"2025","11","IL","6","XBB"
"2025","5","EG","1","SUM"
"2025","9","PL","12","SUM"
"2025","4","LV","32","DET"
"2025","2","FR","12036","SCH"
"2025","9","PH","27","INT"
"2025","11","IN","39","XBB"
"2025","3","NO","6525","INT"
"2025","11","AU","604916","INT"
"2025","9","VN","33","XBB"
"2025","3","KW","2","XBB"
"2025","12","MD","3","INT"
"2025","8","US","384","DET"
"2025","11","MA","1","DET"
"2025","6","DK","1","SUM"
"2025","8","AU","24","XBB"
"2025","10","TH","277","SUM"
"2025","8","DK","346","SCH"
"2025","5","FJ","2","DET"
"2025","12","CN","23","SCH"
"2025","11","KW","29","DET"
"2025","12","HU","2102","INT"
"2025","9","GE","1","DET"
"2025","3","DE","227","XBB"
"2025","7","IE","116","XBB"
"2025","4","IE","31","DET"
"2025","9","CY","11","DET"
"2025","10","AU","6","SUM"
"2025","11","HU","105","XBB"
"2025","2","NL","74","SUM"
"2025","3","AT","4969","SCH"
"2025","2","BH","5","XBB"
"2025","4","AT","84","DET"
"2025","7","IN","387","SCH"
"2025","1","SM","52","INT"
"2025","9","LU","9","DET"
"2025","1","AU","8","SUM"
"2025","5","QA","181","INT"
"2025","7","MT","9","DET"
"2025","10","FI","2","SUM"
"2025","9","KZ","1","INT"
"2025","9","HU","91","SCH"
"2025","8","HK","365","SUM"
"2025","5","FR","239","XBB"
"2025","3","KR","12","DET"
"2025","5","PT","327","DET"
"2025","3","SK","7","SUM"
"2025","11","IL","1530","INT"
"2025","5","IT","784","SCH"
"2025","10","SA","9","XBB"
"2025","9","GE","91","XBB"
"2025","1","SK","9411","INT"
"2025","10","GR","8","SUM"
"2025","10","CY","9","DET"
"2025","2","GR","252","SCH"
"2025","3","SG","136","SUM"
"2025","3","GE","68","XBB"
"2025","7","AE","17","XBB"
"2025","5","SE","21544","INT"
"2025","6","AR","383","SCH"
"2025","1","SI","30","SUM"
"2025","3","LT","4516","INT"
"2025","2","GE","1","DET"
"2025","8","AT","4347","SCH"
"2025","3","BG","441","SCH"
"2025","9","HR","270","INT"
"2025","12","CH","2","SUM"
"2025","7","AU","11795","DET"
"2025","8","PH","22","INT"
"2025","5","DE","153487","INT"
"2025","3","BH","2","XBB"
"2025","7","PT","1","SUM"
"2025","8","ME","12","XBB"
"2025","11","TW","57","DET"
"2025","6","QA","3","SUM"
"2025","3","ID","15","DET"
"2025","4","AE","763","SCH"
"2025","2","AE","681","SCH"
"2025","10","MY","1","SUM"
"2025","7","IT","11034","INT"
"2025","6","BR","18","SCH"
"2025","11","IT","10513","INT"
"2025","10","MK","121","XBB"
"2025","4","LB","3","INT"
"2025","8","TW","876","INT"
"2025","8","EE","17","DET"
"2025","11","SM","7","INT"
"2025","8","TH","30","XBB"
"2025","10","KW","3","XBB"
"2025","1","TW","59","SCH"
"2025","8","RU","4","SCH"
"2025","1","FJ","61","XBB"
"2025","7","CH","215","SCH"
"2025","10","MY","35","XBB"
"2025","2","GR","14056","INT"
"2025","8","CY","8","XBB"
"2025","7","IN","69","XBB"
"2025","10","BG","50","DET"
"2025","9","GB","6","SUM"
"2025","12","LU","3","SCH"
"2025","10","MY","637","SCH"
"2025","11","DK","10862","INT"
"2025","6","NL","1095","SCH"
"2025","2","BD","3","INT"
"2025","4","JP","107","DET"
"2025","1","BG","9068","INT"
"2025","2","IE","48","XBB"
"2025","7","NZ","197","DET"
"2025","1","EG","29","XBB"
"2025","11","TH","127","SUM"
"2025","6","MD","27","SUM"
"2025","2","HK","6","DET"
"2025","2","ZA","369","DET"
"2025","10","VN","58","DET"
"2025","10","FJ","141","SUM"
"2025","2","BE","139","XBB"
"2025","4","HR","26","XBB"
"2025","6","CY","1953","INT"
"2025","9","RS","709","INT"
"2025","2","KH","138","SCH"
"2025","10",,"600","XBB"
"2025","12","PL","8679","INT"
"2025","5","NL","1080","SCH"
"2025","3","MY","44","XBB"
"2025","5","BE","38552","INT"
"2025","2","EG","26","XBB"
"2025","3","FR","36399","INT"
"2025","12","TH","243","INT"
"2025","12","EE","160","INT"
"2025","7","BE","138","SCH"
"2025","8",,"85","SCH"
"2025","2","PH","92","SCH"
"2025","8","AE","744","SCH"
"2025","8","AT","9865","INT"
"2025","9","LU","12","XBB"
"2025","5","JP","5","SUM"
"2025","2","IT","81","DET"
"2025","1","HU","32","DET"
"2025","3","DK","23","XBB"
"2025","1","HU","109","XBB"
"2025","10","AU","662851","INT"
"2025","1","KR","124","SCH"
"2025","7","FR","34632","INT"
"2025","6","LB","1","XBB"
"2025","4","VN","5","SCH"
"2025","8","NL","44429","INT"
"2025","10","CY","9","XBB"
"2025","12","TR","12","SCH"
"2025","1","PT","2","SUM"
"2025","1","DK","13303","INT"
"2025","2","TH","2231","SUM"
"2025","6","VN","501","INT"
"2025","12","KH","7","SCH"
"2025","5","IE","1020","SCH"
"2025","7","FJ","334","INT"
"2025","7","UA","126","SCH"
"2025","6","VN","49","DET"
"2025","9","GR","55","DET"
"2025","10","KR","14","DET"
"2025","3","CN","152","SUM"
"2025","8","QA","2","XBB"
"2025","8","FI","15","XBB"
"2025","1","KW","2","XBB"
"2025","6","CH","14","SUM"
"2025","9","PK","3","INT"
"2025","9","SI","23","DET"
"2025","10","TR","20026","INT"
"2025","6","SI","3965","INT"
"2025","5","HK","770","INT"
"2025","10","EE","21","SCH"
"2025","10","FR","3","SUM"
"2025","6","SA","426","SCH"
"2025","6","SE","378","SCH"
"2025","4","TW","2","XBB"
"2025","6","AL","1","DET"
"2025","7","AL","286","XBB"
"2025","8","VN","33","DET"
"2025","7","IT","787","SCH"
"2025","10","NO","6183","INT"
"2025","7","CN","607","SCH"
"2025","5","SM","1","DET"
"2025","4","MT","21","XBB"
"2025","6","IL","7","XBB"
"2025","6","QA","15","XBB"
"2025","8","LT","2","XBB"
"2025","7","BE","41031","INT"
"2025","5","BE","222","DET"
"2025","4","FR","7","SUM"
"2025","12","JO","2","INT"
"2025","2","GB","10","SUM"
"2025","8","JP","3","XBB"
"2025","2","RO","50695","INT"
"2025","4","NO","21","DET"
"2025","4","NZ","29","INT"
"2025","6","EE","21","SCH"
"2025","11","IE","1025","SCH"
"2025","12","CL","19","SCH"
"2025","9","BG","31","XBB"
"2025","5","JO","26","SCH"
"2025","6","US","414","DET"
"2025","12","MY","2","XBB"
"2025","8","FR","107","XBB"
"2025","7","ID","79","INT"
"2025","3","BR","1","DET"
"2025","12","CH","838","INT"
"2025","10","CN","80","SUM"
"2025","9","IL","10","XBB"
"2025","2","IN","57","XBB"
"2025","5","NL","295","DET"
"2025","6","IE","26","DET"
"2025","3","IN","435","SCH"
"2025","8","CZ","43","DET"
"2025","11",,"586","XBB"
"2025","2","PT","590","SCH"
"2025","9","LI","7","INT"
"2025","7","KW","1","XBB"
"2025","7","HK","405","SUM"
"2025","2","CZ","21849","INT"
"2025","9","NL","286","XBB"
"2025","3","NZ","1","XBB"
"2025","10","FJ","265","INT"
"2025","4","DE","59","SUM"
"2025","7","KR","349","INT"
"2025","7","BR","18","SCH"
"2025","10","BE","228","XBB"
"2025","7","RS","14","XBB"
"2025","9","CZ","20799","INT"
"2025","6","KR","37","XBB"
"2025","3","FR","14010","SCH"
"2025","5","BR","1","DET"
"2025","1","SA","595","SCH"
"2025","10","CN","2947","INT"
"2025","9","FJ","3","DET"
"2025","5","AR","418","SCH"
"2025","7","KH","154","SCH"
"2025","3","CZ","202","SCH"
"2025","9","FJ","340","SCH"
"2025","6","BE","39397","INT"
"2025","2","TW","6","XBB"
"2025","8","HK","3","XBB"
"2025","8","JO","26","INT"
"2025","5","SG","599","INT"
"2025","11","CZ","38","SUM"
"2025","10","NO","16","XBB"
"2025","4","MY","384","DET"
"2025","11","KR","13","DET"
"2025","3","BE","45931","INT"
"2025","6",,"3","SUM"
"2025","4","CY","1969","INT"
"2025","4","KR","659","INT"
"2025","4","KR","10","SUM"
"2025","6","HU","88","XBB"
"2025","1","SE","14","SUM"
"2025","6","IT","54","DET"
"2025","9","FR","33470","INT"
"2025","4","SK","3","SUM"
"2025","5","MT","43","XBB"
"2025","11","AD","1","INT"
"2025","9","MY","33","XBB"
"2025","2","AE","34","SUM"
"2025","4","TW","64","SCH"
"2025","7","LT","16","XBB"
"2025","1","MY","621","SCH"
"2025","2","MK","171","XBB"
"2025","4","BG","28","XBB"
"2025","3","BA","1","SUM"
"2025","10","TH","2749","DET"
"2025","12","FI","8","DET"
"2025","2","ZA","273","INT"
"2025","2","MD","321","XBB"
"2025","9","EG","547","SCH"
"2025","9",,"568","XBB"
"2025","11","PL","3200","DET"
"2025","8","US","1","XBB"
"2025","5","LB","4","INT"
"2025","4","FJ","301","INT"
"2025","5","MA","3","DET"
"2025","1","NO","42","SCH"
"2025","1","KR","497","INT"
"2025","1","AL","1","DET"
"2025","12","HU","5","XBB"
"2025","8","MT","4","DET"
"2025","6","BG","407","SCH"
"2025","11","BH","56","INT"
"2025","7","CZ","38","SUM"
"2025","7","VN","1","SUM"
"2025","4","SI","193","SCH"
"2025","11","ID","2","DET"
"2025","12","GR","2","SUM"
"2025","8","DK","2","SUM"
"2025","10","LU","33","XBB"
"2025","7","GE","2","INT"
"2025","5","nul","1","XBB"
"2025","11","DK","109","DET"
"2025","4","LK","1","INT"
"2025","12","IN","3","XBB"
"2025","11","HK","563","INT"
"2025","8","LT","118","SCH"
"2025","2","MY","592","SCH"
"2025","7","JO","22","DET"
"2025","8","RO","70","SCH"
"2025","2","EG","571","SCH"
"2025","2","CY","2057","INT"
"2025","8","BG","32","XBB"
"2025","2","HU","88","SCH"
"2025","7","HR","3","DET"
"2025","3","NL","82","SUM"
"2025","9","BR","16","SCH"
"2025","5","FJ","325","SCH"
"2025","3","CN","909","SCH"
"2025","9","MY","286","DET"
"2025","2","GB","1276","SCH"
"2025","7","KR","27","XBB"
"2025","7","MD","40","SUM"
"2025","8","TH","3366","INT"
"2025","3","LV","57","DET"
"2025","8","SE","375","SCH"
"2025","10","JP","4","XBB"
"2025","10","HK","5","DET"
"2025","5","GB","9","SUM"
"2025","7","FJ","376","SCH"
"2025","5","BH","54","INT"
"2025","5","SI","4317","INT"
"2025","3","CL","3","INT"
"2025","3","LT","129","SCH"
"2025","2","JO","22","DET"
"2025","6","MC","16","INT"
"2025","3","FI","220","DET"
"2025","7","FR","2","SUM"
"2025","7","BR","3","INT"
"2025","8","BR","1","INT"
"2025","12","PL","353","SCH"
"2025","7","QA","1","DET"
"2025","6","AD","2","INT"
"2025","11","TH","43","XBB"
"2025","5","TR","21730","INT"
"2025","9","CN","122","SUM"
"2025","12","DK","1","XBB"
"2025","7","BG","405","SCH"
"2025","3","CN","87","XBB"
"2025","6","LT","3907","INT"
"2025","4","EE","4","XBB"
"2025","9","PT","1","SUM"
"2025","10","LU","9","DET"
"2025","6","EE","8","XBB"
"2025","3","SM","49","INT"
"2025","11","AT","28","DET"
"2025","1","TW","116","DET"
"2025","11","MD","66","DET"
"2025","11","MD","30","INT"
"2025","12","SI","354","INT"
"2025","3","CH","231","XBB"
"2025","5","CZ","28","SUM"
"2025","2","AT","37","XBB"
"2025","5","PH","25","INT"
"2025","5","CH","216","XBB"
"2025","7","SG","43","XBB"
"2025","3","US","1","XBB"
"2025","1","DK","29","XBB"
"2025","1","TH","1748","SUM"
"2025","4","US","22","SCH"
"2025","4","BG","407","SCH"
"2025","11","NO","5339","INT"
"2025","5","TH","66","XBB"
"2025","1","ES","68","SUM"
"2025","9","JO","8","DET"
"2025","7","DK","19","XBB"
"2025","1","EE","3258","INT"
"2025","5","BD","1","XBB"
"2025","3","VN","4","SCH"
"2025","8","PH","214","DET"
"2025","12","MY","254","INT"
"2025","4","LU","23","XBB"
"2025","5","KR","600","INT"
"2025","1","HR","169","INT"
"2025","5","IN","59","XBB"
"2025","6","NL","337","XBB"
"2025","11","IT","61","DET"
"2025","8","QA","27","SCH"
"2025","3","FR","1","SUM"
"2025","4","GE","88","XBB"
"2025","10","BG","38","XBB"
"2025","11","RS","754","INT"
"2025","6","CA","23","INT"
"2025","12","DE","12143","INT"
"2025","2","MY","50","XBB"
"2025","8","LU","14","XBB"
"2025","4","MY","3191","INT"
"2025","4","AE","50","SUM"
"2025","5","CY","12","XBB"
"2025","12","TH","1035","SCH"
"2025","9","IT","678","SCH"
"2025","7","TH","3920","INT"
"2025","3","CL","210","SCH"
"2025","6","AU","13","XBB"
"2025","3","CN","5118","DET"
"2025","3","KW","5","SUM"
"2025","2","JP","100","SCH"
"2025","2","HK","635","INT"
"2025","3","EG","18","XBB"
"2025","2","CY","5","XBB"
"2025","6","BH","2","XBB"
"2025","11","MY","347","DET"
"2025","1","SK","78","XBB"
"2025","7","TH","15655","SCH"
"2025","7","MM","1","DET"
"2025","5","AL","4","INT"
"2025","3","LI","4","INT"
"2025","4","JP","115","SCH"
"2025","1","SG","93","SCH"
"2025","10","TW","108","SUM"
"2025","8","CN","94","SUM"
"2025","11","FJ","62","XBB"
"2025","11","ID","501","SCH"
"2025","1","IT","782","SCH"
"2025","11","MC","15","INT"
"2025","11","TR","18286","INT"
"2025","11","NZ","117","DET"
"2025","12","SE","1589","INT"
"2025","3","KR","585","INT"
"2025","5","CA","5","INT"
"2025","11","CA","9","DET"
"2025","11","RS","4","XBB"
"2025","11","LV","2098","INT"
"2025","5","BH","81","SCH"
"2025","7","MY","3487","INT"
"2025","12","CN","267","INT"
"2025","12","BG","603","INT"
"2025","7","BE","42","SUM"
"2025","12","BE","6","SCH"
"2025","5","SK","20","DET"
"2025","10","EE","2511","INT"
"2025","9","CY","44","SCH"
"2025","7","AD","3","INT"
"2025","8","ES","798","DET"
"2025","3","BE","118","SUM"
"2025","8","YK","82","XBB"
"2025","5","GR","264","SCH"
"2025","4","EG","118","DET"
"2025","7","ME","17","XBB"
"2025","2","ID","11","XBB"
"2025","3","MD","27","SUM"
"2025","2","VN","31","XBB"
"2025","5","TW","104","DET"
"2025","10","KW","138","INT"
"2025","3","MT","6","DET"
"2025","5","TW","4","XBB"
"2025","10","NA","4","INT"
"2025","9","CZ","55","DET"
"2025","6","FR","13201","SCH"
"2025","9","KR","126","SCH"
"2025","6","GE","4","INT"
"2025","3","SI","16","SUM"
"2025","2","SI","8","DET"
"2025","2","MY","17","SUM"
"2025","6","YK","1","INT"
"2025","11","TR","135","SCH"
"2025","4","MM","3","DET"
"2025","2","QA","4","SUM"
"2025","11","SI","3984","INT"
"2025","11","ME","7","XBB"
"2025","6","TN","2","INT"
"2025","3","EE","2980","INT"
"2025","1","CZ","50","DET"
"2025","5","TR","1108","DET"
"2025","6","SI","25","SUM"
"2025","7","FJ","4","DET"
"2025","5","GR","34","XBB"
"2025","5","SG","27","XBB"
"2025","7","AT","4549","SCH"
"2025","1","VN","4","SCH"
"2025","3","LU","20","XBB"
"2025","2","IT","712","SCH"
"2025","12","QA","1","SUM"
"2025","4",,"1","SUM"
"2025","8","CZ","185","SCH"
"2025","2","LT","112","SCH"
"2025","9","IL","1","DET"
"2025","11","RU","4","SCH"
"2025","5","MD","387","XBB"
"2025","12","TW","5","SUM"
"2025","4","SA","410","SCH"
"2025","8","MT","28","XBB"
"2025","9","SK","28","XBB"
"2025","10","IN","57","XBB"
"2025","12","NL","4","SUM"
"2025","4","IT","11268","INT"
"2025","8","PT","1","SUM"
"2025","8","CY","44","SCH"
"2025","5","SG","92","SCH"
"2025","7","TW","64","SCH"
"2025","2",,"190","DET"
"2025","2","LV","9","XBB"
"2025","10","LB","2","XBB"
"2025","2","SG","283","SUM"
"2025","7",,"196","DET"
"2025","6","FI","17","XBB"
"2025","4","PH","97","SCH"
"2025","1","AE","68","SUM"
"2025","6","CY","8","XBB"
"2025","2","MD","38","SUM"
"2025","12","VN","5","DET"
"2025","2","LB","1","XBB"
"2025","10","SG","1059","DET"
"2025","5","CN","4027","INT"
"2025","7","TW","88","DET"
"2025","9","CY","1892","INT"
"2025","6","RS","969","INT"
"2025","4","LT","8","XBB"
"2025","4","SI","16","XBB"
"2025","4","TH","34","XBB"
"2025","2","SI","41","SUM"
"2025","10","HK","618","INT"
"2025","10","SK","64","XBB"
"2025","10","IE","45","XBB"
"2025","6","QA","118","INT"
"2025","10","BE","40","SUM"
"2025","6","CN","717","SCH"
"2025","3","AU","11912","DET"
"2025","10","SG","66","SUM"
"2025","11","DE","217","XBB"
"2025","10","SI","219","SCH"
"2025","10","CA","10","DET"
"2025","5","GB","30509","INT"
"2025","9","SI","215","SCH"
"2025","9","US","380","DET"
"2025","5","AU","19","XBB"
"2025","1","DE","2844","DET"
"2025","3","JP","4","SUM"
"2025","1","FR","36332","INT"
"2025","2","ID","122","INT"
"2025","10","MA","9","INT"
"2025","11","EE","2050","INT"
"2025","6","KR","590","INT"
"2025","5","PH","97","SCH"
"2025","4","ID","108","INT"
"2025","9","CL","193","SCH"
"2025","7","PH","47","SCH"
"2025","5","AT","93","DET"
"2025","2","AR","370","INT"
"2025","8","TR","37","XBB"
"2025","3","IE","49","XBB"
"2025","4","HU","30","DET"
"2025","4","AE","27","XBB"
"2025","10","CA","26","INT"
"2025","1","BE","183","DET"
"2025","12","IN","16","SCH"
"2025","1","CA","17","INT"
"2025","4","NL","265","XBB"
"2025","4","GR","33","XBB"
"2025","11","KW","115","INT"
"2025","3","SG","32","XBB"
"2025","9","BR","4","INT"
"2025","12","FJ","16","SCH"
"2025","4","PL","1","SUM"
"2025","12","FR","60","DET"
"2025","4","TH","12330","INT"
"2025","9","SG","141","XBB"
"2025","3","VN","48","DET"
"2025","10",,"1988","INT"
"2025","11","US","437","DET"
"2025","8","BE","100","XBB"
"2025","6","SA","61","INT"
"2025","6","TR","159","SCH"
"2025","4","CA","8","INT"
"2025","8","BE","134","DET"
"2025","7","QA","113","INT"
"2025","10","GI","1","DET"
"2025","8","HU","96","SCH"
"2025","7","TH","353","SUM"
"2025","2","GB","33325","INT"
"2025","10","DK","13036","INT"
"2025","3","PT","5","SUM"
"2025","7","KW","17","DET"
"2025","11","CN","60","XBB"
"2025","11","JO","24","SCH"
"2025","4","CH","12927","INT"
"2025","8","PT","28","XBB"
"2025","8","HK","7","DET"
"2025","8","IT","731","SCH"
"2025","5","CZ","185","SCH"
"2025","7","TW","1099","INT"
"2025","8","CH","832","DET"
"2025","1","LV","5","XBB"
"2025","3","JP","102","DET"
"2025","5","KW","40","DET"
"2025","9","EG","345","INT"
"2025","4",,"590","XBB"
"2025","1","BR","18","SCH"
"2025","12","SE","8","DET"
"2025","8","EG","122","DET"
"2025","6","SE","21585","INT"
"2025","3","ID","617","SCH"
"2025","9","FJ","102","SUM"
"2025","4","CN","4810","INT"
"2025","5","IT","153","XBB"
"2025","12","BE","1","SUM"
"2025","1","AU","519491","INT"
"2025","11","PL","92160","INT"
"2025","2","AU","6","SUM"
"2025","4","VN","530","INT"
"2025","1","TR","1290","DET"
"2025","6","SA","2","DET"
"2025","6","GB","31009","INT"
"2025","12","IN","15","DET"
"2025","7","BG","29","XBB"
"2025","5","AT","42","XBB"
"2025","3","RO","155","DET"
"2025","2","BG","8598","INT"
"2025","9","MG","4","INT"
"2025","7","YK","9","INT"
"2025","9","BG","55","DET"
"2025","7","LB","1","XBB"
"2025","5","ES","1249","DET"
"2025","5","TR","45","XBB"
"2025","4","MK","3","INT"
"2025","8","ID","7","XBB"
"2025","11","TR","28","XBB"
"2025","7","LU","10","XBB"
"2025","3","CZ","37","XBB"
"2025","1","AR","420","SCH"
"2025","11","DK","366","SCH"
"2025","11","MT","1208","INT"
"2025","1","DK","378","SCH"
"2025","3","CH","14132","INT"
"2025","12","KR","1","XBB"
"2025","5","RU","4","SCH"
"2025","10","CH","12351","INT"
"2025","2","KR","11","DET"
"2025","5","PT","5","SUM"
"2025","1","CL","212","SCH"
"2025","3","ME","4","XBB"
"2025","10","LT","1","DET"
"2025","7","SE","34","XBB"
"2025","4","PT","547","SCH"
"2025","3","HU","119","XBB"
"2025","11","IT","136","XBB"
"2025","1","BG","71","XBB"
"2025","10",,"159","DET"
"2025","4","AU","520965","INT"
"2025","1","BG","88","DET"
"2025","6","BR","3","INT"
"2025","11","DE","48","SUM"
"2025","7","LU","3","SUM"
"2025","3","DK","2","SUM"
"2025","5","HU","27049","INT"
"2025","1","EG","344","INT"
"2025","12",,"8","SCH"
"2025","7","LK","1","DET"
"2025","12","CH","10","SCH"
"2025","2","ES","48980","INT"
"2025","10","PL","2","SUM"
"2025","7","GR","16","SUM"
"2025","7",,"76","SCH"
"2025","8","MY","2","SUM"
"2025","10","AE","717","SCH"
"2025","2","MY","315","DET"
"2025","11","EG","355","INT"
"2025","10","GR","259","SCH"
"2025","7","IT","67","DET"
"2025","1","CZ","30","SUM"
"2025","4","RO","17","XBB"
"2025","8","NL","296","DET"
"2025","3","TR","1410","DET"
"2025","9","TW","844","INT"
"2025","10","PL","110754","INT"
"2025","10","US","22","SCH"
"2025","6","CZ","15","XBB"
"2025","2","NZ","52","INT"
"2025","5","IE","69","XBB"
"2025","7","EG","597","SCH"
"2025","8","RO","2","SUM"
"2025","7","SK","1","SUM"
"2025","10","ID","566","SCH"
"2025","1","CZ","22844","INT"
"2025","4","CZ","29","SUM"
"2025","11","SK","8376","INT"
"2025","1","VN","424","INT"
"2025","6","EG","340","INT"
"2025","7","QA","6","XBB"
"2025","6","AL","287","XBB"
"2025","7","PT","300","DET"
"2025","6","GB","1369","SCH"
"2025","2","RO","64","SCH"
"2025","6","GB","117","DET"
"2025","9","LB","18","SCH"
"2025","8","NO","11","XBB"
"2025","5","AU","606482","INT"
"2025","3","AU","10","SUM"
"2025","6","MY","3303","INT"
"2025","12","NL","55","DET"
"2025","6","MY","15","XBB"
"2025","4","CL","4","INT"
"2025","6","ID","13","XBB"
"2025","1","CZ","186","SCH"
"2025","7","TW","1","XBB"
"2025","3","MY","3414","INT"
"2025","9","HU","121","SUM"
"2025","6","IN","306","INT"
"2025","3","EG","152","DET"
"2025","8","LB","3","INT"
"2025","5","SI","20","SUM"
"2025","4","ES","1078","DET"
"2025","3","IS","17","INT"
"2025","12","YK","11","XBB"
"2025","2","JP","87","DET"
"2025","7","KG","1","INT"
"2025","1","DE","83","SUM"
"2025","6","DE","154195","INT"
"2025","12","IT","38","SCH"
"2025","9",,"1","SUM"
"2025","12","LT","221","INT"
"2025","12","FI","2","XBB"
"2025","5","PG","4","XBB"
"2025","2","EE","1","SUM"
"2025","3","SE","23","SUM"
"2025","1","MD","60","DET"
"2025","11","GB","121","DET"
"2025","7","NG","2","INT"
"2025","3","AU","576092","INT"
"2025","8","CY","1394","INT"
"2025","3","NA","1","INT"
"2025","2","MC","1","DET"
"2025","12","PH","2","INT"
"2025","11","AL","1","DET"
"2025","1","US","70","INT"
"2025","10","PL","122","XBB"
"2025","4","CN","88","XBB"
"2025","7","LV","68","DET"
"2025","6","AE","36","SUM"
"2025","2","ZA","4","XBB"
"2025","4","JP","516","INT"
"2025","7","SE","379","SCH"
"2025","11","MT","11","XBB"
"2025","5","MC","1","DET"
"2025","1","SA","11","XBB"
"2025","8","GE","66","XBB"
"2025","3","DE","176492","INT"
"2025","12","AT","204","SCH"
"2025","7","RO","24","XBB"
"2025","9","TW","4","XBB"
"2025","6","SG","46","XBB"
"2025","8","MK","1","INT"
"2025","11","PK","7","INT"
"2025","1","GB","191","DET"
"2025","2","GR","38","DET"
"2025","9","IE","64","XBB"
"2025","7","AT","26","XBB"
"2025","8","NO","7","DET"
"2025","3","EE","6","DET"
"2025","7","FJ","139","SUM"
"2025","4","IN","418","SCH"
"2025","9","EE","21","SCH"
"2025","10","LU","3024","INT"
"2025","6","LB","5","INT"
"2025","12","IT","2","DET"
"2025","6","TW","64","SCH"
"2025","6","AT","11422","INT"
"2025","3","TW","137","DET"
"2025","3","GR","27","XBB"
"2025","7","NZ","24","INT"
"2025","6","RO","71","SCH"
"2025","2","GR","9","SUM"
"2025","5","LB","22","SCH"
"2025","5","EG","650","SCH"
"2025","5","US","22","SCH"
"2025","1","TH","9940","DET"
"2025","3","HK","498","SUM"
"2025","4","CZ","194","SCH"
"2025","7","CZ","190","SCH"
"2025","3","DK","13912","INT"
"2025","10","JP","77","DET"
"2025","4","SA","4","XBB"
"2025","4","KR","45","XBB"
"2025","5","LV","2853","INT"
"2025","7","KR","6","SUM"
"2025","11","FJ","4","DET"
"2025","12","QA","1","XBB"
"2025","7","KW","97","INT"
"2025","2","FR","1","SUM"
"2025","1","SI","13","DET"
"2025","6","DE","193","XBB"
"2025","4","FR","1251","DET"
"2025","8","US","19","SCH"
"2025","4","AE","34","DET"
"2025","8","HR","9","XBB"
"2025","2","MT","1774","INT"
"2025","4","TR","47","SUM"
"2025","6","OM","3","XBB"
"2025","4","BD","1","DET"
"2025","5","RO","26","XBB"
"2025","7","ZA","718","SCH"
"2025","1","GI","2","INT"
"2025","6","BA","1","DET"
"2025","3","SI","13","DET"
"2025","11","IE","9173","INT"
"2025","8","NZ","26","INT"
"2025","11","ZA","684","SCH"
"2025","12","SG","5","XBB"
"2025","11","GR","253","SCH"
"2025","12","AE","32","SCH"
"2025","12","AL","16","XBB"
"2025","9","FR","1033","DET"
"2025","4","CH","20","SUM"
"2025","6",,"200","DET"
"2025","8","HU","78","SUM"
"2025","7","BG","91","DET"
"2025","3","CN","4805","INT"
"2025","5","SE","41","XBB"
"2025","5","MA","11","INT"
"2025","10","GB","139","XBB"
"2025","2","SM","47","INT"
"2025","8","DK","11131","INT"
"2025","1","CZ","48","XBB"
"2025","3","AR","390","INT"
"2025","2","LK","2","INT"
"2025","12","AT","3","DET"
"2025","3","AE","1394","INT"
"2025","3","JO","28","SCH"
"2025","4","PL","124927","INT"
"2025","6","EG","640","SCH"
"2025","1","TH","26","XBB"
"2025","2","IT","1","SUM"
"2025","5","TH","62285","SCH"
"2025","7","LU","3","DET"
"2025","1","SI","14","XBB"
"2025","9",,"77","SCH"
"2025","7","BA","1","DET"
"2025","8","CH","10086","INT"
"2025","12","PL","329","DET"
"2025","8","HR","200","INT"
"2025","2","RU","4","SCH"
"2025","4","LT","4554","INT"
"2025","1","TW","86","SUM"
"2025","4","RO","74","SCH"
"2025","11","MY","25","XBB"
"2025","2",,"71","SCH"
"2025","6","ID","7","DET"
"2025","1","ID","606","SCH"
"2025","2","ME","1","XBB"
"2025","5","FI","241","DET"
"2025","1","IT","11430","INT"
"2025","1","GB","4","INT"
"2025","11","NO","21","XBB"
"2025","3","LK","3","INT"
"2025","5","PK","1","INT"
"2025","5","VN","48","XBB"
"2025","5","CZ","20196","INT"
"2025","3","RO","23","XBB"
"2025","1","HU","94","SCH"
"2025","10","MD","397","XBB"
"2025","5","DE","58","SUM"
"2025","5","HU","75","SUM"
"2025","5","LT","119","SCH"
"2025","12","TR","127","DET"
"2025","1","AE","17","XBB"
"2025","12","HK","52","INT"
"2025","3","AT","61","DET"
"2025","5","LK","1","INT"
"2025","9","BR","1","DET"
"2025","8","TR","151","SCH"
"2025","4","ZA","749","SCH"
"2025","10","DE","2541","DET"
"2025","4",,"240","DET"
"2025","1","LK","4","INT"
"2025","4","MA","1","DET"
"2025","5","GB","74","XBB"
"2025","4","HU","27828","INT"
"2025","3","SG","99","SCH"
"2025","9","LB","5","INT"
"2025","7","SI","207","SCH"
"2025","10","CH","960","DET"
"2025","1","SK","12","DET"
"2025","12","PH","23","DET"
"2025","8","MA","1","XBB"
"2025","4","MY","64","XBB"
"2025","1","SG","645","INT"
"2025","12","BH","1","INT"
"2025","11","SE","19856","INT"
"2025","4","AT","1","SUM"
"2025","7","CN","74","XBB"
"2025","4","RS","8","XBB"
"2025","3","ZA","10","XBB"
"2025","9","TH","3329","INT"
"2025","8","KR","15","XBB"
"2025","4","NL","54182","INT"
"2025","6","CN","121","SUM"
"2025","9","QA","22","SCH"
"2025","4","HK","839","INT"
"2025","3","IN","323","INT"
"2025","11","CY","4","XBB"
"2025","3","KE","1","INT"
"2025","11","LB","23","SCH"
"2025","9","KR","2","XBB"
"2025","8","ZA","1","XBB"
"2025","7","LT","5","DET"
"2025","5","AD","3","INT"
"2025","1","IT","102","XBB"
"2025","10","SA","418","SCH"
"2025","11","MK","108","XBB"
"2025","10","US","575","DET"
"2025","1","NO","7","XBB"
"2025","7","MY","37","XBB"
"2025","7","KR","134","SCH"
"2025","9","AU","8","XBB"
"2025","3","LB","24","SCH"
"2025","8","AE","33","SUM"
"2025","10","ZA","1","DET"
"2025","2","NO","10","XBB"
"2025","9","PH","193","DET"
"2025","7","DE","2859","DET"
"2025","6","MK","7","INT"
"2025","1","AT","4510","SCH"
"2025","5",,"2016","INT"
"2025","2","US","451","DET"
"2025","3","KR","46","XBB"
"2025","2","CN","99","SUM"
"2025","1","HK","1","XBB"
"2025","8","JO","28","SCH"
"2025","10","LV","2557","INT"
"2025","1",,"75","SCH"
"2025","12","KW","2","INT"
"2025","9",,"1986","INT"
"2025","3","FI","1","SUM"
"2025","5","US","27","INT"
"2025","3","UA","138","SCH"
"2025","6","RO","24","XBB"
"2025","3","LB","4","INT"
"2025","6","BG","8306","INT"
"2025","7","MK","119","XBB"
"2025","4","KW","134","INT"
"2025","1","IE","1028","SCH"
"2025","9","HR","1","DET"
"2025","12","US","2","SCH"
"2025","9","TW","57","SCH"
"2025","3","IL","7","XBB"
"2025","9","GR","9","SUM"
"2025","2","TW","1039","INT"
"2025","7","FI","2","SUM"
"2025","1","BA","4","INT"
"2025","3","AU","28","XBB"
"2025","6","SK","25","XBB"
"2025","6","PK","1","XBB"
"2025","1","JO","2","XBB"
"2025","8","LV","29","DET"
"2025","1","LU","2","SUM"
"2025","10","HU","38","DET"
"2025","11","AT","29","XBB"
"2025","12","JP","7","DET"
"2025","9","SI","4332","INT"
"2025","7","AL","3","INT"
"2025","5","EE","14","XBB"
"2025","8","CN","55","XBB"
"2025","6","MD","360","XBB"
"2025","3","CY","2079","INT"
"2025","8","IE","1050","SCH"
"2025","6","KW","28","DET"
"2025","3","RU","4","SCH"
"2025","9","PL","105170","INT"
"2025","9","KW","123","INT"
"2025","10","YK","83","XBB"
"2025","10","JO","8","SCH"
"2025","12","ES","3044","INT"
"2025","6","RO","120","DET"
"2025","11","CH","704","DET"
"2025","1","MK","3","INT"
"2025","6","CN","3938","INT"
"2025","9","MT","3","XBB"
"2025","5",,"78","SCH"
"2025","2","BE","164","DET"
"2025","4","CY","19","XBB"
"2025","3","SK","41","XBB"
"2025","12","PT","840","INT"
"2025","11","HU","44","DET"
"2025","8","PL","7974","SCH"
"2025","8","BH","1","XBB"
"2025","5","MM","5","DET"
"2025","8","MES","1","DET"
"2025","6","IN","57","XBB"
"2025","5","CH","12329","INT"
"2025","4","LU","53","SCH"
"2025","9","PL","3507","DET"
"2025","12","IS","1","INT"
"2025","6","IL","2","DET"
"2025","8","LU","52","SCH"
"2025","11","UA","132","SCH"
"2025","2","KW","27","DET"
"2025","4","SK","9171","INT"
"2025","1","LB","20","SCH"
"2025","3","HU","29052","INT"
"2025","1","ES","49889","INT"
"2025","4","YK","112","XBB"
"2025","10","AU","11472","DET"
"2025","3","PL","4467","DET"
"2025","4","MD","63","DET"
"2025","11","TW","88","SUM"
"2025","6","CH","12228","INT"
"2025","12","RO","3","DET"
"2025","3","IT","154","XBB"
"2025","2","CA","8","INT"
"2025","2","HK","381","SUM"
"2025","8","GR","8498","INT"
"2025","2","CH","1415","DET"
"2025","8","BH","81","SCH"
"2025","5","EE","36","SCH"
"2025","10","NL","469","XBB"
"2025","6","TH","331","SUM"
"2025","9","CH","12185","INT"
"2025","10","GE","91","XBB"
"2025","11","CZ","32","DET"
"2025","5","ID","522","SCH"
"2025","1","NO","10","DET"
"2025","2","FR","1182","DET"
"2025","7","GE","76","XBB"
"2025","3","US","62","INT"
"2025","6","KR","133","SCH"
"2025","10","IT","152","XBB"
"2025","5","EG","21","XBB"
"2025","9","DK","4","SUM"
"2025","1","GR","39","XBB"
"2025","5","HK","432","SUM"
"2025","9","MM","1","DET"
"2025","11","QA","1","DET"
"2025","8","ZA","129","INT"
"2025","12","MC","4","INT"
"2025","3","AE","16","XBB"
"2025","1","SA","2","SUM"
"2025","2","EE","2963","INT"
"2025","9","CZ","176","SCH"
"2025","10","HR","14","XBB"
"2025","11","TR","35","SUM"
"2025","8","GR","23","XBB"
"2025","11","DE","2129","DET"
"2025","6","PG","2","XBB"
"2025","8","GB","1364","SCH"
"2025","5","ZA","708","SCH"
"2025","10","FI","10385","INT"
"2025","10","BA","32","XBB"
"2025","6",,"413","XBB"
"2025","4","SN","6","XBB"
"2025","8","KW","1","SUM"
"2025","9","IL","1368","INT"
"2025","10","CN","3139","DET"
"2025","6",,"1954","INT"
"2025","8",,"1578","INT"
"2025","1","IN","311","DET"
"2025","11","CN","3126","INT"
"2025","4","LV","3","XBB"
"2025","2","AR","363","SCH"
"2025","1","TN","7","INT"
"2025","6","GR","62","DET"
"2025","2","HU","27649","INT"
"2025","10","KR","307","INT"
"2025","10","HU","26542","INT"
"2025","7","GB","2","INT"
"2025","8","RO","18","XBB"
"2025","1","TW","1023","INT"
"2025","11","SG","819","DET"
"2025","3","BA","2","DET"
"2025","5","PL","75","XBB"
"2025","12","GB","12","DET"
"2025","8","KW","104","INT"
"2025","11","TW","3","XBB"
"2025","11","MY","632","SCH"
"2025","2","US","70","INT"
"2025","8","CH","213","SCH"
"2025","1","US","22","SCH"
"2025","9","LT","4","DET"
"2025","12","EG","2","XBB"
"2025","10","TR","146","SCH"
"2025","11","JP","384","INT"
"2025","10","LV","43","DET"
"2025","5","EG","139","DET"
"2025","11","SE","383","SCH"
"2025","1","FI","10969","INT"
"2025","1","SA","3489","INT"
"2025","1","US","519","DET"
"2025","6","CH","222","XBB"
"2025","10","GB","1338","SCH"
"2025","12","TH","28","SUM"
"2025","12","NL","23","XBB"
"2025","3","EE","4","XBB"
"2025","3",,"678","XBB"
"2025","3","NO","15","XBB"
"2025","7","ID","7","DET"
"2025","9","CN","3839","DET"
"2025","4","KW","4","XBB"
"2025","3",,"2428","INT"
"2025","8","AE","30","DET"
"2025","8","AU","10669","DET"
"2025","2","CZ","37","DET"
"2025","10","LT","12","XBB"
"2025","4","RE","4","INT"
"2025","2","SG","1081","DET"
"2025","12","LV","179","INT"
"2025","10","AE","17","DET"
"2025","1","PT","429","DET"
"2025","3","LU","22","DET"
"2025","12","FR","8","XBB"
"2025","8","BG","401","SCH"
"2025","1","SI","4683","INT"
"2025","4","IE","51","XBB"
"2025","2","EG","4","SUM"
"2025","12","AU","2","XBB"
"2025","11","PL","1","SUM"
"2025","9","CZ","28","SUM"
"2025","2","LT","14","XBB"
"2025","10","FJ","40","XBB"
"2025","7","CN","4361","DET"
"2025","10","NO","16","DET"
"2025","7","FR","1316","DET"
"2025","8","FI","212","DET"
"2025","9","QA","5","XBB"
"2025","8","NL","1047","SCH"
"2025","1","RO","114","DET"
"2025","4","HR","233","INT"
"2025","7","SI","15","SUM"
"2025","7","PL","3442","DET"
"2025","9","EE","2446","INT"
"2025","9","BG","1","SUM"
"2025","6","LT","7","DET"
"2025","5","HU","97","XBB"
"2025","5","PT","73","XBB"
"2025","11","JP","1","XBB"
"2025","2","PK","4","INT"
"2025","3","BR","18","SCH"
"2025","9","SI","38","SUM"
"2025","6","SE","1","SUM"
"2025","7","MA","10","INT"
"2025","9","CH","898","DET"
"2025","9","GE","6","INT"
"2025","4","BG","97","DET"
"2025","11","KR","132","SCH"
"2025","1","AL","218","XBB"
"2025","4","TR","58","XBB"
"2025","3","SI","4789","INT"
"2025","10","NZ","240","DET"
"2025","6","US","3","XBB"
"2025","1","KR","11","SUM"
"2025","9","FJ","18","XBB"
"2025","12",,"85","INT"
"2025","4","AL","4","INT"
"2025","6","HK","3","DET"
"2025","4","HU","84","SUM"
"2025","8","GR","12","SUM"
"2025","9","HR","30","XBB"
"2025","3","TH","47","XBB"
"2025","11","HU","63","SUM"
"2025","2","FI","1","SUM"
"2025","9","SE","355","SCH"
"2025","4","IN","341","INT"
"2025","8","IN","189","DET"
"2025","9","BE","40","SUM"
"2025","4","SG","665","INT"
"2025","3","QA","5","XBB"
"2025","8","QA","99","INT"
"2025","6","TH","3828","INT"
"2025","10","BR","18","SCH"
"2025","8","MK","89","XBB"
"2025","1","AU","10337","DET"
"2025","7","FI","15","XBB"
"2025","3","BE","302","SCH"
"2025","6","BE","71","SUM"
"2025","6","UZ","1","INT"
"2025","11","FR","29420","INT"
"2025","9","PG","1","XBB"
"2025","1","QA","12","XBB"
"2025","2","SA","368","SCH"
"2025","6","ES","677","XBB"
"2025","12","IN","12","INT"
"2025","1","JP","5","SUM"
"2025","11","BG","62","DET"
"2025","8","AT","40","DET"
"2025","7","AM","1","INT"
"2025","2","LT","6","DET"
"2025","8","IL","4","XBB"
"2025","3","NL","309","XBB"
"2025","6","CL","2","INT"
"2025","2","VN","23","DET"
"2025","10","HR","358","INT"
"2025","7","MY","4","SUM"
"2025","10","CH","5","SUM"
"2025","5","BR","16","SCH"
"2025","11","NL","269","XBB"
"2025","7","AU","34","XBB"
"2025","11","MD","321","XBB"
"2025","1","JO","50","INT"
"2025","8","CA","11","DET"
"2025","3","TR","41","SUM"
"2025","10","LT","118","SCH"
"2025","3","ZA","772","SCH"
"2025","6","NO","19","DET"
"2025","11","LK","3","INT"
"2025","10","TW","4","XBB"
"2025","2","FJ","3","DET"
"2025","9","AL","267","XBB"
"2025","4","IT","53","DET"
"2025","8","IN","367","SCH"
"2025","10","CN","46","XBB"
"2025","9","SM","9","INT"
"2025","9","AU","4","SUM"
"2025","5","FI","18","XBB"
"2025","10","AR","379","INT"
"2025","3","NL","253","DET"
"2025","6","MA","11","INT"
"2025","9","SG","59","SUM"
"2025","7","EE","22","SCH"
"2025","9","IE","1","SUM"
"2025","6","CZ","20534","INT"
"2025","8","DE","2221","DET"
"2025","5","JP","99","DET"
"2025","3","PK","4","INT"
"2025","6","FI","10049","INT"
"2025","3","KH","164","SCH"
"2025","2","TH","28","XBB"
"2025","7","ZA","152","INT"
"2025","5","GR","6","SUM"
"2025","1","GR","285","SCH"
"2025","2","BH","2","DET"
"2025","1","UZ","1","XBB"
"2025","10","VN","4","SUM"
"2025","5","KW","2","XBB"
"2025","9","IN","195","INT"
"2025","8","SK","7069","INT"
"2025","3","BG","8657","INT"
"2025","3","PH","104","SCH"
"2025","9","RO","26","XBB"
"2025","4","IL","10","XBB"
"2025","4","CY","48","SCH"
"2025","7","NO","12","DET"
"2025","9","PT","528","SCH"
"2025","1","MY","330","DET"
"2025","8","MC","12","INT"
"2025","6","CH","215","SCH"
"2025","3","IN","52","XBB"
"2025","4","JO","25","SCH"
"2025","9","GB","119","DET"
"2025","4","BH","1","XBB"
"2025","8","BR","16","SCH"
"2025","5","NO","11","XBB"
"2025","12","SA","18","SCH"
"2025","6","IL","1117","INT"
"2025","8","AT","26","XBB"
"2025","1","MD","262","XBB"
"2025","7","HU","39","DET"
"2025","3","BA","8","INT"
"2025","10",,"76","SCH"
"2025","3","FI","11395","INT"
"2025","10","LI","1","DET"
"2025","12","ME","2","XBB"
"2025","2","MY","3181","INT"
"2025","2","PT","55333","INT"
"2025","10","VN","4","SCH"
"2025","11","IS","8","INT"
"2025","7","VN","494","INT"
"2025","12","BE","2735","INT"
"2025","12","DK","17","SCH"
"2025","8","PT","535","SCH"
"2025","3","EG","352","INT"
"2025","1","QA","148","INT"
"2025","7","TW","73","SUM"
"2025","11","TW","854","INT"
"2025","7","AE","1516","INT"
"2025","9","KW","4","XBB"
"2025","6","DK","160","DET"
"2025","4","ES","44085","INT"
"2025","5","QA","27","SCH"
"2025","3","CY","11","DET"
"2025","7","EG","124","DET"
"2025","6","PL","2945","DET"
"2025","10","AT","57","DET"
"2025","8","FI","8882","INT"
"2025","8","GB","116","DET"
"2025","3","IN","334","DET"
"2025","2","AT","55","DET"
"2025","4","LI","9","INT"
"2025","10","FJ","6","DET"
"2025","2","FI","10650","INT"
"2025","6","QA","26","SCH"
"2025","6","SI","206","SCH"
"2025","9","BD","2","INT"
"2025","3","MY","685","SCH"
"2025","11","SK","27","XBB"
"2025","2","MD","61","DET"
"2025","4","FR","34327","INT"
"2025","3","ZA","198","INT"
"2025","12","SG","4","SCH"
"2025","12","FI","1","SUM"
"2025","1","RS","1112","INT"
"2025","2","FR","191","XBB"
"2025","1","ZA","254","INT"
"2025","4","CH","216","SCH"
"2025","12","QA","3","INT"
"2025","2","BE","44460","INT"
"2025","4","BE","186","DET"
"2025","3","YK","73","XBB"
"2025","11",,"7","SUM"
"2025","1","FI","198","DET"
"2025","4","BH","75","SCH"
"2025","5","TW","104","SUM"
"2025","8","MD","279","XBB"
"2025","6","PH","91","SCH"
"2025","9","HU","26910","INT"
"2025","12","JP","1","SUM"
"2025","2","LU","3462","INT"
"2025","8","SA","424","SCH"
"2025","12","FI","748","INT"
"2025","5","LT","7","XBB"
"2025","2","BR","2","INT"
"2025","12","BE","8","DET"
"2025","8","IL","1","DET"
"2025","11","TW","62","SCH"
"2025","1","NZ","288","DET"
"2025","11","SA","11","XBB"
"2025","3","TW","69","SCH"
"2025","2","PL","4330","DET"
"2025","12","LV","1","XBB"
"2025","1","UA","126","SCH"
"2025","11","CN","3447","DET"
"2025","5","LU","25","DET"
"2025","5","LU","11","XBB"
"2025","5","OM","2","XBB"
"2025","7","BE","172","XBB"
"2025","4","AR","1","DET"
"2025","7","LB","6","INT"
"2025","3","CZ","45","DET"
"2025","4","PL","80","XBB"
"2025","8","GB","61","XBB"
"2025","4","NZ","4","XBB"
"2025","12","DK","9","DET"
"2025","6","ES","44722","INT"
"2025","2","LT","4427","INT"
"2025","4","ME","1","INT"
"2025","10","PT","58734","INT"
"2025","5","IT","11180","INT"
"2025","8","CZ","35","SUM"
"2025","1","RO","13","XBB"
"2025","7","TH","3093","DET"
"2025","9","KR","13","DET"
"2025","1","BR","1","DET"
"2025","5","MY","3324","INT"
"2025","6","LU","53","SCH"
"2025","5","MA2","2","XBB"
"2025","3","GB","1478","SCH"
"2025","2","PL","8","SUM"
"2025","3","SA","110","INT"
"2025","2","TR","315","SCH"
"2025","6","CZ","35","SUM"
"2025","7","MD","7","INT"
"2025","4","PT","3","SUM"
"2025","5","BG","7897","INT"
"2025","4","KR","11","DET"
"2025","4","QA","25","SCH"
"2025","4","GB","32838","INT"
"2025","7","IL","1780","INT"
"2025","2","QA","7","DET"
"2025","1","MT","2037","INT"
"2025","5","HR","246","INT"
"2025","12","TR","9","SUM"
"2025","1","LT","8","XBB"
"2025","1","KW","133","INT"
"2025","11","AE","17","DET"
"2025","12","JO","1","DET"
"2025","4","NO","13","XBB"
"2025","10","PK","1","INT"
"2025","12","SE","4","XBB"
"2025","8","IN","58","XBB"
"2025","2","DK","23","XBB"
"2025","8","KW","4","XBB"
"2025","7","NL","329","XBB"
"2025","10","CY","47","SCH"
"2025","8","NZ","169","DET"
"2025","3","FR","209","XBB"
"2025","6","HR","30","XBB"
"2025","12","CZ","9","SCH"
"2025","3","ES","50301","INT"
"2025","8","RS","721","INT"
"2025","5","AE","1536","INT"
"2025","5","KE","1","INT"
"2025","6","RE","5","INT"
"2025","2","SE","120","DET"
"2025","6","IE","72","XBB"
"2025","5","SI","200","SCH"
"2025","11","KZ","2","INT"
"2025","11","GB","2","INT"
"2025","6","KH","152","SCH"
"2025","7","PT","555","SCH"
"2025","12","EE","2","SCH"
"2025","1","SE","371","SCH"
"2025","9","RS","15","XBB"
"2025","4","MY","5","SUM"
"2025","5","PH","198","DET"
"2025","11","PH","254","DET"
"2025","7","CH","1138","DET"
"2025","1","MT","3","DET"
"2025","2","HR","222","INT"
"2025","3","GR","49","DET"
"2025","12","ZA","30","SCH"
"2025","1","AE","1581","INT"
"2025","2","JP","3","SUM"
"2025","3","GB","8","SUM"
"2025","3","PL","132993","INT"
"2025","5","CY","42","SCH"
"2025","11","SE","2","SUM"
"2025","12","PL","11","XBB"
"2025","12","ES","1","SUM"
"2025","2","IT","111","XBB"
"2025","9","PH","43","SCH"
"2025","1",,"186","DET"
"2025","9","DE","2055","DET"
"2025","4","GR","277","SCH"
"2025","5","SK","26","XBB"
"2025","10","FJ","374","SCH"
"2025","11","AR","295","INT"
"2025","2","BD","5","DET"
"2025","11","RO","48","XBB"
"2025","2","GR","31","XBB"
"2025","6","SI","17","DET"
"2025","6","US","25","INT"
"2025","11","LU","5","SUM"
"2025","7","HU","102","SUM"
"2025","5","HR","17","XBB"
"2025","9","CZ","37","XBB"
"2025","5","CA","1","XBB"
"2025","9","EE","31","XBB"
"2025","7","PL","69","XBB"
"2025","7","FR","172","XBB"
"2025","7","IE","15349","INT"
"2025","1","AU","19","XBB"
"2025","4","TW","1074","INT"
"2025","5","CH","205","SCH"
"2025","1","MD","28","SUM"
"2025","10","RO","108","XBB"
"2025","11","MY","2728","INT"
"2025","10","GB","29851","INT"
"2025","12","EG","25","SCH"
"2025","12","SE","17","SCH"
"2025","5","IL","1415","INT"
"2025","5","CN","140","SUM"
"2025","7","PL","2","SUM"
"2025","4","LT","4","DET"
"2025","7","GB","94","XBB"
"2025","3","HU","26","DET"
"2025","1","CN","980","SCH"
"2025","11","PH","20","SCH"
"2025","10","MM","6","XBB"
"2025","9","MY","602","SCH"
"2025","3","HR","23","XBB"
"2025","11","LU","9","DET"
"2025","2",,"2099","INT"
"2025","10","CZ","21351","INT"
"2025","6","TW","2","XBB"
"2025","3","JP","499","INT"
"2025","6","AE","738","SCH"
"2025","2","AL","2","DET"
"2025","2","SG","86","SCH"
"2025","12","NL","3367","INT"
"2025","5","BG","92","DET"
"2025","3","PT","56667","INT"
"2025","2","PH","222","DET"
"2025","9","CA","1","XBB"
"2025","4","BE","136","SCH"
"2025","11","CA","6","INT"
"2025","12","AL","3","INT"
"2025","12","IL","118","INT"
"2025","4","EG","22","XBB"
"2025","11","DK","15","XBB"
"2025","12","CH","55","DET"
"2025","4","NZ","188","DET"
"2025","6","HR","260","INT"
"2025","1","CN","75","XBB"
"2025","3","HU","100","SCH"
"2025","2","NL","55778","INT"
"2025","10","GR","38","XBB"
"2025","2","CZ","27","SUM"
"2025","7","NL","54511","INT"
"2025","12","ID","5","INT"
"2025","4","HU","96","XBB"
"2025","8","DE","165","XBB"
"2025","1","BG","413","SCH"
"2025","12","RS","75","INT"
"2025","6","AT","62","DET"
"2025","12","LT","10","SCH"
"2025","3","IT","56","DET"
"2025","8","CN","3594","DET"
"2025","11","PT","555","SCH"
"2025","1","VN","1","SUM"
"2025","12","ES","66","XBB"
"2025","4","ES","863","XBB"
"2025","1","IE","30","DET"
"2025","7","EG","14","XBB"
"2025","11","US","21","SCH"
"2025","7","TR","993","DET"
"2025","8","MY","610","SCH"
"2025","4","CH","235","XBB"
"2025","5","ID","6","DET"
"2025","6","LI","9","INT"
"2025","1","LB","3","INT"
"2025","12","AE","15","INT"
"2025","10","KR","6","SUM"
"2025","3","CZ","23109","INT"
"2025","3","CA","4","INT"
"2025","12","DE","137","DET"
"2025","2","RO","13","XBB"
"2025","6","GR","28","XBB"
"2025","1","OM","3","INT"
"2025","8","EG","638","SCH"
"2025","1","LT","117","SCH"
"2025","11","MK","13","INT"
"2025","2","BG","103","DET"
"2025","5","QA","5","DET"
"2025","4","RU","5","SCH"
"2025","4","MT","4","DET"
"2025","3","IE","1113","SCH"
"2025","8","ZM","1","INT"
"2025","7","HR","283","INT"
"2025","1","PK","9","INT"
"2025","4","CN","4953","DET"
"2025","11","LT","2913","INT"
"2025","11","SA","428","SCH"
"2025","1","JP","502","INT"
"2025","9","MD","328","XBB"
"2025","9","GR","20","XBB"
"2025","8","GE","1","DET"
"2025","9","DK","330","SCH"
"2025","4","GE","10","INT"
"2025","6","LV","48","DET"
"2025","11","MM","6","XBB"
"2025","4","BA","29","XBB"
"2025","2","YK","95","XBB"
"2025","3","FJ","2","DET"
"2025","4","TR","257","SCH"
"2025","9","NL","51483","INT"
"2025","5","DK","26","XBB"
"2025","7","GB","15","SUM"
"2025","5","IE","13548","INT"
"2025","3","PL","10248","SCH"
"2025","10","AD","3","INT"
"2025","10","SE","366","SCH"
"2025","2","MA","7","INT"
"2025","1","IN","412","SCH"
"2025","1","JP","105","SCH"
"2025","2","GB","162","DET"
"2025","1","BH","71","INT"
"2025","1","HK","878","INT"
"2025","11","CL","201","SCH"
"2025","3","GB","170","DET"
"2025","1","IL","9","XBB"
"2025","4","SI","4382","INT"
"2025","10","BR","5","INT"
"2025","9","SK","9058","INT"
"2025","11","HR","326","INT"
"2025","8","SI","3089","INT"
"2025","9","RO","119","DET"
"2025","10","QA","1","DET"
"2025","11","SE","58","DET"
"2025","10","IT","94","DET"
"2025","7","ES","27","SUM"
"2025","3","TH","79293","SCH"
"2025","10","LU","5","SUM"
"2025","7","ID","8","XBB"
"2025","1","IL","1596","INT"
"2025","10","JO","7","DET"
"2025","6","GB","3","INT"
"2025","2","SE","348","SCH"
"2025","11","GR","2","SUM"
"2025","8","MD","10","INT"
"2025","12","CN","11","SUM"
"2025","4","AR","461","INT"
"2025","9","AE","23","XBB"
"2025","7","AE","24","DET"
"2025","7","JP","487","INT"
"2025","5","BA","1","INT"
"2025","4","GR","13675","INT"
"2025","3","YK","1","INT"
"2025","12","AR","11","INT"
"2025","12","FJ","9","SUM"
"2025","2","CN","3095","INT"
"2025","11","AT","4466","SCH"
"2025","9","PL","71","XBB"
"2025","4","CN","771","SCH"
"2025","11","FR","5","SUM"
"2025","9","AE","10","DET"
"2025","10","RO","71","SCH"
"2025","1","OM","1","XBB"
"2025","10","NL","82","SUM"
"2025","1","HK","497","SUM"
"2025","12","ZA","7","INT"
"2025","6","SG","73","SUM"
"2025","4","MD","27","SUM"
"2025","9","MC","19","INT"
"2025","3","CY","50","SCH"
"2025","4","ID","10","DET"
"2025","10","MD","52","DET"
"2025","9","KH","137","SCH"
"2025","8","HU","25","DET"
"2025","3","LU","3769","INT"
"2025","2","FJ","118","SUM"
"2025","1","BH","66","SCH"
"2025","11","GB","76","XBB"
"2025","10","SA","108","INT"
"2025","10","RS","945","INT"
"2025","12","IE","659","INT"
"2025","5","GB","133","DET"
"2025","1","LT","4809","INT"
"2025","9","MA","2","DET"
"2025","8","KR","132","SCH"
"2025","9","IT","123","XBB"
"2025","4","FJ","376","SCH"
"2025","6","AU","11222","DET"
"2025","3","LV","3528","INT"
"2025","9","SA","5","XBB"
"2025","11","AM","2","INT"
"2025","1","VN","40","DET"
"2025","1","ME","6","XBB"
"2025","2","EE","17","XBB"
"2025","11","BE","97","DET"
"2025","6","TH","35856","SCH"
"2025","6","ID","575","SCH"
"2025","1","CH","1573","DET"
"2025","5","BE","41","SUM"
"2025","4","DK","160","DET"
"2025","10","KR","2","XBB"
"2025","4","LT","122","SCH"
"2025","9","BE","120","DET"
"2025","10","EE","6","DET"
"2025","6","MD","68","DET"
"2025","5","VN","485","INT"
"2025","4","GB","5","INT"
"2025","12","BH","3","SCH"
"2025","7","IE","1051","SCH"
"2025","7","BE","169","DET"
"2025","11","SI","229","SCH"
"2025","6","ZA","266","DET"
"2025","10","DK","25","XBB"
"2025","1","IN","47","XBB"
"2025","2","LU","3","SUM"
"2025","7","FI","8328","INT"
"2025","8","TR","32","SUM"
"2025","12","TH","5","XBB"
"2025","9","FR","168","XBB"
"2025","2","FR","33948","INT"
"2025","2","SK","20","DET"
"2025","9","AT","28","XBB"
"2025","9","IE","996","SCH"
"2025","1","MK","135","XBB"
"2025","11","LB","3","INT"
"2025","11","LV","3","XBB"
"2025","2","FI","21","XBB"
"2025","5","SI","11","XBB"
"2025","10","SI","23","XBB"
"2025","9","IE","13532","INT"
"2025","12","SA","2","INT"
"2025","3","FJ","275","INT"
"2025","3","MD","7","INT"
"2025","11","CH","10","SUM"
"2025","5","BG","387","SCH"
"2025","3","NZ","297","DET"
"2025","10","GE","1","INT"
"2025","1","LK","1","XBB"
"2025","4","FI","219","DET"
"2025","9","GB","71","XBB"
"2025","6","OM","4","INT"
"2025","11","FI","8674","INT"
"2025","11","NO","19","DET"
"2025","5","NO","42","SCH"
"2025","5","MY","369","DET"
"2025","5","JO","1","SUM"
"2025","5","FJ","285","INT"
"2025","10","ID","49","INT"
"2025","4","IE","13955","INT"
"2025","10","DE","163446","INT"
"2025","5","AE","748","SCH"
"2025","5","NL","296","XBB"
"2025","8","BG","6901","INT"
"2025","5","RS","12","XBB"
"2025","8","PL","66","XBB"
"2025","11","AT","11219","INT"
"2025","9","FJ","254","INT"
"2025","9","IS","9","INT"
"2025","9","AU","10579","DET"
"2025","10","TW","63","SCH"
"2025","10","MD","41","INT"
"2025","3","BG","1","SUM"
"2025","1","PH","33","INT"
"2025","8","NL","273","XBB"
"2025","2","LU","7","DET"
"2025","5","QA","4","SUM"
"2025","4","ZA","7","XBB"
"2025","4","KR","134","SCH"
"2025","7","EE","4","DET"
"2025","5","SM","6","INT"
"2025","5","BD","3","INT"
"2025","5","US","3","XBB"
"2025","6","NL","90","SUM"
"2025","10","ID","4","XBB"
"2025","2","KR","21","SUM"
"2025","3","AE","802","SCH"
"2025","6","BH","78","SCH"
"2025","7","CZ","65","DET"
"2025","3","ES","1159","DET"
"2025","6","NZ","134","DET"
"2025","4","MA","1","XBB"
"2025","9","HU","165","XBB"
"2025","8","IT","6420","INT"
"2025","2","AT","4098","SCH"
"2025","10","BH","61","INT"
"2025","12","GR","8","DET"
"2025","5","MY","45","XBB"
"2025","9","LT","9","XBB"
"2025","12","CH","12","XBB"
"2025","12","LB","1","SCH"
"2025","10","PL","7468","SCH"
"2025","2","VN","4","SCH"
"2025","4","GR","2","SUM"
"2025","2","PT","300","DET"
"2025","1","PL","135332","INT"
"2025","10","AT","4282","SCH"
"2025","6","FJ","3","DET"
"2025","11","PT","52881","INT"
"2025","11","US","38","INT"
"2025","4","SE","23922","INT"
"2025","1","GH","2","INT"
"2025","10","MY","317","DET"
"2025","8","IE","26","DET"
"2025","2","RE","2","XBB"
"2025","12","SG","122","DET"
"2025","4","JO","17","DET"
"2025","2","KW","115","INT"
"2025","3","MT","1500","INT"
"2025","6","ES","914","DET"
"2025","1","JO","25","SCH"
"2025","2","IN","279","INT"
"2025","10","JP","7","SUM"
"2025","11","JO","5","DET"
"2025","5","KW","127","INT"
"2025","7","IN","261","INT"
"2025","2","CL","3","INT"
"2025","11","HK","1","XBB"
"2025","1","EE","12","DET"
"2025","7","TH","50","XBB"
"2025","3","PH","1","XBB"
"2025","3","LK","1","XBB"
"2025","9","CA","9","INT"
"2025","11","BE","111","XBB"
"2025","5","MD","3","INT"
"2025","6","NL","51737","INT"
"2025","8","GB","6","SUM"
"2025","2","QA","24","SCH"
"2025","3","EE","138","SCH"
"2025","8","HU","64","XBB"
"2025","8","DK","11","XBB"
"2025","1","GB","12","SUM"
"2025","3","JO","53","INT"
"2025","12","PT","3","DET"
"2025","6","CZ","189","SCH"
"2025","7","GB","1438","SCH"
"2025","11","PT","73","XBB"
"2025","4","QA","11","DET"
"2025","5","LI","5","INT"
"2025","6","JO","16","DET"
"2025","5","PT","534","SCH"
"2025","4","BD","5","INT"
"2025","10","IT","746","SCH"
"2025","1","FR","226","XBB"
"2025","10","LI","9","INT"
"2025","3","JP","2","XBB"
"2025","8","IS","4","INT"
"2025","1","BA","14","XBB"
"2025","7","AT","12938","INT"
"2025","1","MY","3512","INT"
"2025","4","KH","151","SCH"
"2025","7","CY","47","SCH"
"2025","9","PT","289","DET"
"2025","7","BD","3","INT"
"2025","1","CY","16","DET"
"2025","6","QA","2","DET"
"2025","12","VN","29","INT"
"2025","6","CZ","31","DET"
"2025","5","GE","1","DET"
"2025","1","KR","11","DET"
"2025","2","BA","11","XBB"
"2025","5","FR","1173","DET"
"2025","5","NZ","212","DET"
"2025","6","FJ","370","SCH"
"2025","3","GR","8","SUM"
"2025","3","CZ","27","SUM"
"2025","5","DE","2633","DET"
"2025","3","GR","290","SCH"
"2025","6","IT","788","SCH"
"2025","7","SA","400","SCH"
"2025","4","EE","2971","INT"
"2025","1","ZA","309","DET"
"2025","12","US","14","DET"
"2025","3","FI","12","XBB"
"2025","3","GE","6","INT"
"2025","5","EE","10","DET"
"2025","2","AU","560684","INT"
"2025","5","AZ","1","INT"
"2025","7","VN","37","DET"
"2025","6","TW","85","DET"
"2025","7","SK","8813","INT"
"2025","7","QA","4","SUM"
"2025","10","SG","42","XBB"
"2025","1","EE","18","XBB"
"2025","5","PL","116322","INT"
"2025","4","MG","1","INT"
"2025","3","HK","2","XBB"
"2025","11","SG","42","XBB"
"2025","7","DE","206","XBB"
"2025","8","JP","80","DET"
"2025","1","AL","1","INT"
"2025","1","GB","73","XBB"
"2025","7","HU","98","SCH"
"2025","9","US","20","SCH"
"2025","4","US","56","INT"
"2025","6","DE","2203","DET"
"2025","10","SK","9652","INT"
"2025","3","SA","5","XBB"
"2025","10","NL","54572","INT"
"2025","4","SE","14","SUM"
"2025","8","VN","415","INT"
"2025","7","SM","11","INT"
"2025","8","EG","375","INT"
"2025","1","MY","37","XBB"
"2025","1","QA","9","SUM"
"2025","5","DK","192","DET"
"2025","1","KG","1","INT"
"2025","10","BA","4","INT"
"2025","1","DE","202","XBB"
"2025","8","CY","1","SUM"
"2025","9","EG","110","DET"
"2025","10","FR","12717","SCH"
"2025","2","ID","537","SCH"
"2025","1","BE","2072","SCH"
"2025","7","FI","229","DET"
"2025","1","SE","29","XBB"
"2025","8","FJ","317","INT"
"2025","9","LU","51","SCH"
"2025","1","TR","339","SCH"
"2025","5","TH","7164","DET"
"2025","3","CA","14","DET"
"2025","10","ES","1236","DET"
"2025","7","HU","102","XBB"
"2025","8","SI","14","SUM"
"2025","6","SE","33","XBB"
"2025","5","UA","126","SCH"
"2025","11","DE","149494","INT"
"2025","7","HK","1","XBB"
"2025","10","CZ","46","SUM"
"2025","4","PT","260","DET"
"2025","1","CH","49","SUM"
"2025","8","FI","1","SUM"
"2025","2","MK","6","INT"
"2025","7","CY","2166","INT"
"2025","9","EG","22","XBB"
"2025","6","KW","92","INT"
"2025","3","NO","46","SCH"
"2025","8","LU","9","DET"
"2025","10","NZ","2","XBB"
"2025","9","DK","17","XBB"
"2025","9","RO","67","SCH"
"2025","10","QA","2","XBB"
"2025","6","LT","120","SCH"
"2025","12","CZ","7","DET"
"2025","2","OM","1","XBB"
"2025","11","AU","1","SUM"
"2025","10","CA","1","XBB"
"2025","7","NL","1095","SCH"
"2025","4","SE","45","XBB"
"2025","1","FR","12833","SCH"
"2025","8","MY","354","DET"
"2025","3",,"1","SUM"
"2025","3","MY","11","SUM"
"2025","6","PT","204","DET"
"2025","11","SG","51","SUM"
"2025","4","IL","1437","INT"
"2025","7","HK","700","INT"
"2025","6","DO","1","DET"
"2025","1","BE","107","XBB"
"2025","7","CH","14","SUM"
"2025","6","RU","4","SCH"
"2025","5","JP","459","INT"
"2025","5","JP","80","SCH"
"2025","6","BH","55","INT"
"2025","8","TH","310","SUM"
"2025","12","EG","10","DET"
"2025","9","GB","1266","SCH"
"2025","6","EG","10","XBB"
"2025","6","ZA","109","INT"
"2025","1","NL","245","DET"
"2025","9","VN","409","INT"
"2025","12","RO","1749","INT"
"2025","9","LU","3072","INT"
"2025","12","VN","6","XBB"
"2025","8","ID","57","INT"
"2025","6","DE","84","SUM"
"2025","10","SG","95","SCH"
"2025","12","IE","3","XBB"
"2025","5","GR","57","DET"
"2025","9","NZ","179","DET"
"2025","3","TZ","2","INT"
"2025","1","NO","6390","INT"
"2025","10","GR","44","DET"
"2025","9","LV","2607","INT"
"2025","9","US","61","INT"
"2025","7","JP","96","DET"
"2025","8","KW","30","DET"
"2025","1","EG","622","SCH"
"2025","3","HR","2","DET"
"2025","4","SA","65","INT"
"2025","1","US","1","XBB"
"2025","7","ZA","185","DET"
"2025","11","BE","34853","INT"
"2025","7","LU","53","SCH"
"2025","5","AE","41","SUM"
"2025","4","AD","3","INT"
"2025","10","MC","21","INT"
"2025","1","PH","200","DET"
"2025","4","DK","2","SUM"
"2025","2","SA","179","INT"
"2025","8","SE","54","DET"
"2025","9","BA","5","INT"
"2025","11","RO","173","DET"
"2025","1","PH","104","SCH"
"2025","12","MM","1","XBB"
"2025","12","NZ","2","DET"
"2025","3","HU","73","SUM"
"2025","10","IL","1283","INT"
"2025","2","DK","346","DET"
"2025","8","VN","39","XBB"
"2025","7","RO","71","SCH"
"2025","7","ES","48117","INT"
"2025","2","LB","8","INT"
"2025","1","SA","93","DET"
"2025","12","DE","1","SUM"
"2025","9","KR","338","INT"
"2025","11","LT","119","SCH"
"2025","9","DE","68","SUM"
"2025","2","MC","21","INT"
"2025","3","MT","34","XBB"
"2025","11","SI","6","DET"
"2025","7","PT","82","XBB"
"2025","11","IN","170","INT"
"2025","9","CH","8","SUM"
"2025","12","KR","26","INT"
"2025","11","ID","11","XBB"
"2025","4","TN","1","INT"
"2025","4","CH","1382","DET"
"2025","10","GB","4","SUM"
"2025","12","CY","149","INT"
"2025","6","PL","110592","INT"
"2025","1","RS","13","XBB"
"2025","3","PL","95","XBB"
"2025","5","CY","9","DET"
"2025","11","IT","787","SCH"
"2025","10","MG","1","INT"
"2025","5","ES","45765","INT"
"2025","10","JP","463","INT"
"2025","10","ES","1209","XBB"
"2025","5","MC","18","INT"
"2025","3","RS","1003","INT"
"2025","10","HK","465","SUM"
"2025","5","TW","1029","INT"
"2025","3","CH","30","SUM"
"2025","8","NO","4777","INT"
"2025","7","CY","10","XBB"
"2025","1","CN","4490","DET"
"2025","5","JO","19","DET"
"2025","6","AE","23","DET"
