"QueryName","YearVal","MonthVal","Country","RecordCount","BillingType"
"InvoiceCorrections_JI","2025","6","ID","14","Freight Correction"
"InvoiceCorrections_JI","2025","6","KW","2","Freight Correction"
"InvoiceCorrections_JI","2025","4","HK","7","Freight Correction"
"InvoiceCorrections_JI","2025","1","VN","35","Freight Correction"
"InvoiceCorrections_JI","2025","3","NZ","4","Duty Correction"
"InvoiceCorrections_JI","2025","4","JP","20","Duty Correction"
"InvoiceCorrections_JI","2025","11","SI","3","Duty Correction"
"InvoiceCorrections_JI","2025","5","GB","1376","Freight Correction"
"InvoiceCorrections_JI","2025","11","GB","2020","Freight Correction"
"InvoiceCorrections_JI","2025","8","LV","93","Freight Correction"
"InvoiceCorrections_JI","2025","10","UA","2605","Freight Correction"
"InvoiceCorrections_JI","2025","8","PH","10","Duty Correction"
"InvoiceCorrections_JI","2025","9","MY","20","Freight Correction"
"InvoiceCorrections_JI","2025","2","GB","1328","Freight Correction"
"InvoiceCorrections_JI","2025","8","ZA","31","Freight Correction"
"InvoiceCorrections_JI","2025","4","ZA","116","Duty Correction"
"InvoiceCorrections_JI","2025","3","ZA","70","Freight Correction"
"InvoiceCorrections_JI","2025","2","LT","12","Duty Correction"
"InvoiceCorrections_JI","2025","8","GR","386","Freight Correction"
"InvoiceCorrections_JI","2025","4","GB","1478","Freight Correction"
"InvoiceCorrections_JI","2025","3","CY","141","Freight Correction"
"InvoiceCorrections_JI","2025","5","AT","670","Freight Correction"
"InvoiceCorrections_JI","2025","3","FR","2491","Freight Correction"
"InvoiceCorrections_JI","2025","6","IE","234","Duty Correction"
"InvoiceCorrections_JI","2025","9","SA","444","Duty Correction"
"InvoiceCorrections_JI","2025","8","EE","5","Duty Correction"
"InvoiceCorrections_JI","2025","5","RO","575","Freight Correction"
"InvoiceCorrections_JI","2025","8","SK","341","Freight Correction"
"InvoiceCorrections_JI","2025","2","BG","2050","Freight Correction"
"InvoiceCorrections_JI","2025","4","NZ","6","Freight Correction"
"InvoiceCorrections_JI","2025","2","AU","21","Freight Correction"
"InvoiceCorrections_JI","2025","9","LU","3","Duty Correction"
"InvoiceCorrections_JI","2025","7","BE","152","Duty Correction"
"InvoiceCorrections_JI","2025","8","IE","125","Duty Correction"
"InvoiceCorrections_JI","2025","11","IE","78","Freight Correction"
"InvoiceCorrections_JI","2025","8","CY","11","Duty Correction"
"InvoiceCorrections_JI","2025","11","CN","169","Freight Correction"
"InvoiceCorrections_JI","2025","6","CZ","245","Duty Correction"
"InvoiceCorrections_JI","2025","1","LV","112","Freight Correction"
"InvoiceCorrections_JI","2025","3","GR","18","Duty Correction"
"InvoiceCorrections_JI","2025","9","IT","1761","Freight Correction"
"InvoiceCorrections_JI","2025","9","ID","9","Freight Correction"
"InvoiceCorrections_JI","2025","3","SI","109","Freight Correction"
"InvoiceCorrections_JI","2025","4","CN","102","Freight Correction"
"InvoiceCorrections_JI","2025","8","FR","18932","Freight Correction"
"InvoiceCorrections_JI","2025","9","CY","115","Freight Correction"
"InvoiceCorrections_JI","2025","5","VN","10","Freight Correction"
"InvoiceCorrections_JI","2025","7","IN","72","Freight Correction"
"InvoiceCorrections_JI","2025","9","NO","64","Freight Correction"
"InvoiceCorrections_JI","2025","3","AT","77","Duty Correction"
"InvoiceCorrections_JI","2025","6","BG","272","Freight Correction"
"InvoiceCorrections_JI","2025","3","FI","21","Duty Correction"
"InvoiceCorrections_JI","2025","9","PT","53460","Freight Correction"
"InvoiceCorrections_JI","2025","11","BH","6","Duty Correction"
"InvoiceCorrections_JI","2025","3","ES","16660","Freight Correction"
"InvoiceCorrections_JI","2025","10","KW","4","Duty Correction"
"InvoiceCorrections_JI","2025","1","NL","569","Duty Correction"
"InvoiceCorrections_JI","2025","9","CZ","949","Freight Correction"
"InvoiceCorrections_JI","2025","11","FJ","3","Freight Correction"
"InvoiceCorrections_JI","2025","11","ZA","93","Duty Correction"
"InvoiceCorrections_JI","2025","2","PL","140","Duty Correction"
"InvoiceCorrections_JI","2025","7","AU","9","Freight Correction"
"InvoiceCorrections_JI","2025","6","AT","61","Duty Correction"
"InvoiceCorrections_JI","2025","3","JP","22","Duty Correction"
"InvoiceCorrections_JI","2025","6","AU","36","Duty Correction"
"InvoiceCorrections_JI","2025","7","BE","1317","Freight Correction"
"InvoiceCorrections_JI","2025","7","IL","100","Freight Correction"
"InvoiceCorrections_JI","2025","1","LV","1","Duty Correction"
"InvoiceCorrections_JI","2025","7","RO","79","Duty Correction"
"InvoiceCorrections_JI","2025","3","IT","14448","Freight Correction"
"InvoiceCorrections_JI","2025","11","CH","366","Freight Correction"
"InvoiceCorrections_JI","2025","1","KW","14","Duty Correction"
"InvoiceCorrections_JI","2025","2","BT","22","Duty Correction"
"InvoiceCorrections_JI","2025","2","CZ","27","Duty Correction"
"InvoiceCorrections_JI","2025","3","LT","12","Duty Correction"
"InvoiceCorrections_JI","2025","2","ID","31","Freight Correction"
"InvoiceCorrections_JI","2025","4","TM","7","Freight Correction"
"InvoiceCorrections_JI","2025","10","EE","83","Freight Correction"
"InvoiceCorrections_JI","2025","9","BH","4","Freight Correction"
"InvoiceCorrections_JI","2025","2","GB","1019","Duty Correction"
"InvoiceCorrections_JI","2025","6","GR","15","Duty Correction"
"InvoiceCorrections_JI","2025","5","FJ","48","Freight Correction"
"InvoiceCorrections_JI","2025","2","LT","127","Freight Correction"
"InvoiceCorrections_JI","2025","11","CY","1","Duty Correction"
"InvoiceCorrections_JI","2025","9","JP","58","Freight Correction"
"InvoiceCorrections_JI","2025","1","TW","12","Freight Correction"
"InvoiceCorrections_JI","2025","5","BH","8","Freight Correction"
"InvoiceCorrections_JI","2025","1","MY","508","Freight Correction"
"InvoiceCorrections_JI","2025","3","SA","48","Duty Correction"
"InvoiceCorrections_JI","2025","8","BH","20","Duty Correction"
"InvoiceCorrections_JI","2025","6","GB","1266","Freight Correction"
"InvoiceCorrections_JI","2025","5","FR","1138","Freight Correction"
"InvoiceCorrections_JI","2025","3","PL","94","Duty Correction"
"InvoiceCorrections_JI","2025","6","CN","104","Freight Correction"
"InvoiceCorrections_JI","2025","6","SG","11","Duty Correction"
"InvoiceCorrections_JI","2025","7","UA","117","Freight Correction"
"InvoiceCorrections_JI","2025","7","LU","403","Freight Correction"
"InvoiceCorrections_JI","2025","4","LV","5","Duty Correction"
"InvoiceCorrections_JI","2025","11","PT","1169","Freight Correction"
"InvoiceCorrections_JI","2025","6","SG","71","Freight Correction"
"InvoiceCorrections_JI","2025","7","TR","335","Freight Correction"
"InvoiceCorrections_JI","2025","10","IE","81","Duty Correction"
"InvoiceCorrections_JI","2025","4","CZ","632","Freight Correction"
"InvoiceCorrections_JI","2025","9","LT","51","Freight Correction"
"InvoiceCorrections_JI","2025","3","JP","71","Freight Correction"
"InvoiceCorrections_JI","2025","1","FI","24","Duty Correction"
"InvoiceCorrections_JI","2025","7","FR","2043","Freight Correction"
"InvoiceCorrections_JI","2025","5","BG","15","Duty Correction"
"InvoiceCorrections_JI","2025","2","LV","139","Freight Correction"
"InvoiceCorrections_JI","2025","8","NL","164","Duty Correction"
"InvoiceCorrections_JI","2025","11","PL","55","Duty Correction"
"InvoiceCorrections_JI","2025","8","SK","26","Duty Correction"
"InvoiceCorrections_JI","2025","7","AT","635","Freight Correction"
"InvoiceCorrections_JI","2025","9","JO","28","Duty Correction"
"InvoiceCorrections_JI","2025","4","CY","55","Duty Correction"
"InvoiceCorrections_JI","2025","8","IN","224","Freight Correction"
"InvoiceCorrections_JI","2025","4","MY","7","Duty Correction"
"InvoiceCorrections_JI","2025","4","AT","3291","Freight Correction"
"InvoiceCorrections_JI","2025","6","NO","18","Duty Correction"
"InvoiceCorrections_JI","2025","6","TH","1582","Freight Correction"
"InvoiceCorrections_JI","2025","2","KE","3","Duty Correction"
"InvoiceCorrections_JI","2025","10","BG","1","Duty Correction"
"InvoiceCorrections_JI","2025","4","DK","1","Duty Correction"
"InvoiceCorrections_JI","2025","7","ZA","47","Freight Correction"
"InvoiceCorrections_JI","2025","9","HU","407","Freight Correction"
"InvoiceCorrections_JI","2025","6","IN","98","Freight Correction"
"InvoiceCorrections_JI","2025","1","FR","2122","Freight Correction"
"InvoiceCorrections_JI","2025","1","AT","1397","Freight Correction"
"InvoiceCorrections_JI","2025","2","PL","1753","Freight Correction"
"InvoiceCorrections_JI","2025","7","IE","187","Freight Correction"
"InvoiceCorrections_JI","2025","2","JP","172","Freight Correction"
"InvoiceCorrections_JI","2025","8","ES","38570","Freight Correction"
"InvoiceCorrections_JI","2025","10","CH","723","Freight Correction"
"InvoiceCorrections_JI","2025","11","GR","482","Freight Correction"
"InvoiceCorrections_JI","2025","6","FJ","56","Freight Correction"
"InvoiceCorrections_JI","2025","5","SG","135","Freight Correction"
"InvoiceCorrections_JI","2025","2","DK","8","Duty Correction"
"InvoiceCorrections_JI","2025","4","KR","79","Freight Correction"
"InvoiceCorrections_JI","2025","4","PT","2890","Freight Correction"
"InvoiceCorrections_JI","2025","2","NZ","13","Duty Correction"
"InvoiceCorrections_JI","2025","6","GB","519","Duty Correction"
"InvoiceCorrections_JI","2025","4","UA","147","Freight Correction"
"InvoiceCorrections_JI","2025","10","BE","136","Duty Correction"
"InvoiceCorrections_JI","2025","6","EG","5","Duty Correction"
"InvoiceCorrections_JI","2025","11","LT","35","Freight Correction"
"InvoiceCorrections_JI","2025","8","NL","895","Freight Correction"
"InvoiceCorrections_JI","2025","6","CZ","506","Freight Correction"
"InvoiceCorrections_JI","2025","3","NO","195","Freight Correction"
"InvoiceCorrections_JI","2025","4","ES","22257","Freight Correction"
"InvoiceCorrections_JI","2025","2","UA","53","Freight Correction"
"InvoiceCorrections_JI","2025","5","NO","20","Duty Correction"
"InvoiceCorrections_JI","2025","7","TM","12","Freight Correction"
"InvoiceCorrections_JI","2025","8","MY","2","Duty Correction"
"InvoiceCorrections_JI","2025","4","CZ","95","Duty Correction"
"InvoiceCorrections_JI","2025","8","FI","7","Duty Correction"
"InvoiceCorrections_JI","2025","8","CZ","12","Duty Correction"
"InvoiceCorrections_JI","2025","2","ZA","159","Freight Correction"
"InvoiceCorrections_JI","2025","2","AE","22","Duty Correction"
"InvoiceCorrections_JI","2025","8","BE","718","Freight Correction"
"InvoiceCorrections_JI","2025","5","UA","36","Freight Correction"
"InvoiceCorrections_JI","2025","8","PL","1566","Freight Correction"
"InvoiceCorrections_JI","2025","1","BH","10","Duty Correction"
"InvoiceCorrections_JI","2025","9","ZA","18","Freight Correction"
"InvoiceCorrections_JI","2025","9","SI","37","Freight Correction"
"InvoiceCorrections_JI","2025","3","UA","185","Freight Correction"
"InvoiceCorrections_JI","2025","5","KW","12","Freight Correction"
"InvoiceCorrections_JI","2025","9","EG","34","Freight Correction"
"InvoiceCorrections_JI","2025","7","ES","240","Duty Correction"
"InvoiceCorrections_JI","2025","4","ES","564","Duty Correction"
"InvoiceCorrections_JI","2025","10","LV","3","Duty Correction"
"InvoiceCorrections_JI","2025","6","JP","60","Freight Correction"
"InvoiceCorrections_JI","2025","1","PL","71","Duty Correction"
"InvoiceCorrections_JI","2025","3","LU","177","Freight Correction"
"InvoiceCorrections_JI","2025","4","SK","3252","Freight Correction"
"InvoiceCorrections_JI","2025","4","HU","1664","Freight Correction"
"InvoiceCorrections_JI","2025","2","IN","223","Freight Correction"
"InvoiceCorrections_JI","2025","1","FR","304","Duty Correction"
"InvoiceCorrections_JI","2025","5","JP","17","Duty Correction"
"InvoiceCorrections_JI","2025","10","JP","15","Duty Correction"
"InvoiceCorrections_JI","2025","8","LT","32","Freight Correction"
"InvoiceCorrections_JI","2025","7","SI","46","Freight Correction"
"InvoiceCorrections_JI","2025","4","GB","725","Duty Correction"
"InvoiceCorrections_JI","2025","6","EG","4","Freight Correction"
"InvoiceCorrections_JI","2025","8","FJ","21","Duty Correction"
"InvoiceCorrections_JI","2025","8","ZA","65","Duty Correction"
"InvoiceCorrections_JI","2025","8","BH","4","Freight Correction"
"InvoiceCorrections_JI","2025","1","PT","329","Duty Correction"
"InvoiceCorrections_JI","2025","7","NZ","5","Duty Correction"
"InvoiceCorrections_JI","2025","8","NO","68","Freight Correction"
"InvoiceCorrections_JI","2025","11","SK","36","Duty Correction"
"InvoiceCorrections_JI","2025","11","NL","1220","Freight Correction"
"InvoiceCorrections_JI","2025","7","SA","38","Freight Correction"
"InvoiceCorrections_JI","2025","10","FJ","3","Duty Correction"
"InvoiceCorrections_JI","2025","5","JO","2","Freight Correction"
"InvoiceCorrections_JI","2025","9","FJ","11","Duty Correction"
"InvoiceCorrections_JI","2025","5","LT","22","Duty Correction"
"InvoiceCorrections_JI","2025","10","VN","105","Freight Correction"
"InvoiceCorrections_JI","2025","11","HU","522","Freight Correction"
"InvoiceCorrections_JI","2025","5","IL","78","Freight Correction"
"InvoiceCorrections_JI","2025","10","MY","15","Freight Correction"
"InvoiceCorrections_JI","2025","5","GB","507","Duty Correction"
"InvoiceCorrections_JI","2025","9","IL","75","Freight Correction"
"InvoiceCorrections_JI","2025","11","EE","33","Freight Correction"
"InvoiceCorrections_JI","2025","11","LU","2","Duty Correction"
"InvoiceCorrections_JI","2025","10","IE","112","Freight Correction"
"InvoiceCorrections_JI","2025","1","JP","22","Duty Correction"
"InvoiceCorrections_JI","2025","11","MY","4","Duty Correction"
"InvoiceCorrections_JI","2025","4","FR","222","Duty Correction"
"InvoiceCorrections_JI","2025","11","TR","146","Freight Correction"
"InvoiceCorrections_JI","2025","2","PH","18","Duty Correction"
"InvoiceCorrections_JI","2025","3","NL","494","Duty Correction"
"InvoiceCorrections_JI","2025","9","BT","15","Freight Correction"
"InvoiceCorrections_JI","2025","10","FR","1394","Freight Correction"
"InvoiceCorrections_JI","2025","8","MY","104","Freight Correction"
"InvoiceCorrections_JI","2025","1","KW","105","Freight Correction"
"InvoiceCorrections_JI","2025","1","BG","990","Freight Correction"
"InvoiceCorrections_JI","2025","11","EG","3","Duty Correction"
"InvoiceCorrections_JI","2025","5","EG","76","Freight Correction"
"InvoiceCorrections_JI","2025","9","KR","97","Freight Correction"
"InvoiceCorrections_JI","2025","4","NZ","5","Duty Correction"
"InvoiceCorrections_JI","2025","1","AR","69","Freight Correction"
"InvoiceCorrections_JI","2025","5","CY","285","Freight Correction"
"InvoiceCorrections_JI","2025","6","IT","1499","Freight Correction"
"InvoiceCorrections_JI","2025","1","BH","4","Freight Correction"
"InvoiceCorrections_JI","2025","11","JP","3","Duty Correction"
"InvoiceCorrections_JI","2025","11","IT","33","Duty Correction"
"InvoiceCorrections_JI","2025","8","ES","257","Duty Correction"
"InvoiceCorrections_JI","2025","2","SA","128","Freight Correction"
"InvoiceCorrections_JI","2025","9","AE","509","Duty Correction"
"InvoiceCorrections_JI","2025","10","CY","92","Freight Correction"
"InvoiceCorrections_JI","2025","4","BH","4","Duty Correction"
"InvoiceCorrections_JI","2025","9","LV","85","Freight Correction"
"InvoiceCorrections_JI","2025","4","FJ","11","Duty Correction"
"InvoiceCorrections_JI","2025","7","JO","141","Freight Correction"
"InvoiceCorrections_JI","2025","3","JO","3","Freight Correction"
"InvoiceCorrections_JI","2025","4","NL","2990","Freight Correction"
"InvoiceCorrections_JI","2025","6","MY","261","Freight Correction"
"InvoiceCorrections_JI","2025","1","SE","49","Duty Correction"
"InvoiceCorrections_JI","2025","8","CH","778","Freight Correction"
"InvoiceCorrections_JI","2025","8","TR","130","Freight Correction"
"InvoiceCorrections_JI","2025","2","CH","966","Duty Correction"
"InvoiceCorrections_JI","2025","9","RO","613","Freight Correction"
"InvoiceCorrections_JI","2025","6","GR","416","Freight Correction"
"InvoiceCorrections_JI","2025","6","SI","42","Freight Correction"
"InvoiceCorrections_JI","2025","8","AU","41","Duty Correction"
"InvoiceCorrections_JI","2025","8","GR","24","Duty Correction"
"InvoiceCorrections_JI","2025","1","RO","585","Freight Correction"
"InvoiceCorrections_JI","2025","7","LT","7","Duty Correction"
"InvoiceCorrections_JI","2025","8","KR","738","Freight Correction"
"InvoiceCorrections_JI","2025","8","SG","61","Duty Correction"
"InvoiceCorrections_JI","2025","5","AU","71","Duty Correction"
"InvoiceCorrections_JI","2025","9","MY","41","Duty Correction"
"InvoiceCorrections_JI","2025","10","NZ","1","Duty Correction"
"InvoiceCorrections_JI","2025","1","SK","831","Freight Correction"
"InvoiceCorrections_JI","2025","11","ES","612","Freight Correction"
"InvoiceCorrections_JI","2025","11","AU","14","Duty Correction"
"InvoiceCorrections_JI","2025","11","ID","17","Freight Correction"
"InvoiceCorrections_JI","2025","9","PL","54","Duty Correction"
"InvoiceCorrections_JI","2025","7","AT","104","Duty Correction"
"InvoiceCorrections_JI","2025","3","LT","131","Freight Correction"
"InvoiceCorrections_JI","2025","6","AU","32","Freight Correction"
"InvoiceCorrections_JI","2025","3","LV","14","Duty Correction"
"InvoiceCorrections_JI","2025","4","SE","38","Duty Correction"
"InvoiceCorrections_JI","2025","4","SG","37","Duty Correction"
"InvoiceCorrections_JI","2025","8","TH","24","Duty Correction"
"InvoiceCorrections_JI","2025","6","AT","455","Freight Correction"
"InvoiceCorrections_JI","2025","3","AE","23","Freight Correction"
"InvoiceCorrections_JI","2025","4","SA","7","Freight Correction"
"InvoiceCorrections_JI","2025","9","HK","4","Freight Correction"
"InvoiceCorrections_JI","2025","2","AU","12","Duty Correction"
"InvoiceCorrections_JI","2025","6","CH","1510","Freight Correction"
"InvoiceCorrections_JI","2025","8","SE","10","Duty Correction"
"InvoiceCorrections_JI","2025","8","BG","5","Duty Correction"
"InvoiceCorrections_JI","2025","8","SI","30","Duty Correction"
"InvoiceCorrections_JI","2025","6","CY","142","Freight Correction"
"InvoiceCorrections_JI","2025","7","DK","426","Freight Correction"
"InvoiceCorrections_JI","2025","1","IN","97","Freight Correction"
"InvoiceCorrections_JI","2025","2","IE","141","Freight Correction"
"InvoiceCorrections_JI","2025","8","KW","11","Freight Correction"
"InvoiceCorrections_JI","2025","8","NZ","6","Duty Correction"
"InvoiceCorrections_JI","2025","11","NO","35","Freight Correction"
"InvoiceCorrections_JI","2025","3","GB","1391","Duty Correction"
"InvoiceCorrections_JI","2025","2","BT","11","Freight Correction"
"InvoiceCorrections_JI","2025","9","SG","12","Duty Correction"
"InvoiceCorrections_JI","2025","7","IT","19","Duty Correction"
"InvoiceCorrections_JI","2025","3","KW","5","Freight Correction"
"InvoiceCorrections_JI","2025","8","IE","199","Freight Correction"
"InvoiceCorrections_JI","2025","7","DK","1","Duty Correction"
"InvoiceCorrections_JI","2025","1","GB","1139","Duty Correction"
"InvoiceCorrections_JI","2025","1","SK","127","Duty Correction"
"InvoiceCorrections_JI","2025","4","CH","920","Freight Correction"
"InvoiceCorrections_JI","2025","2","JP","77","Duty Correction"
"InvoiceCorrections_JI","2025","2","TW","18","Freight Correction"
"InvoiceCorrections_JI","2025","10","SG","7","Duty Correction"
"InvoiceCorrections_JI","2025","5","SI","59","Freight Correction"
"InvoiceCorrections_JI","2025","10","SI","14","Duty Correction"
"InvoiceCorrections_JI","2025","11","NL","583","Duty Correction"
"InvoiceCorrections_JI","2025","8","FI","175","Freight Correction"
"InvoiceCorrections_JI","2025","9","NL","140","Duty Correction"
"InvoiceCorrections_JI","2025","5","HU","1568","Freight Correction"
"InvoiceCorrections_JI","2025","1","ID","86","Duty Correction"
"InvoiceCorrections_JI","2025","2","KR","40913","Freight Correction"
"InvoiceCorrections_JI","2025","2","SA","140","Duty Correction"
"InvoiceCorrections_JI","2025","3","AT","1236","Freight Correction"
"InvoiceCorrections_JI","2025","8","SA","48","Freight Correction"
"InvoiceCorrections_JI","2025","2","PT","1348","Freight Correction"
"InvoiceCorrections_JI","2025","2","RO","521","Freight Correction"
"InvoiceCorrections_JI","2025","7","CY","8","Duty Correction"
"InvoiceCorrections_JI","2025","7","NO","19","Duty Correction"
"InvoiceCorrections_JI","2025","8","AU","31","Freight Correction"
"InvoiceCorrections_JI","2025","8","JO","3","Freight Correction"
"InvoiceCorrections_JI","2025","6","PL","129","Duty Correction"
"InvoiceCorrections_JI","2025","1","TH","25","Duty Correction"
"InvoiceCorrections_JI","2025","1","NO","48","Duty Correction"
"InvoiceCorrections_JI","2025","7","SG","20","Duty Correction"
"InvoiceCorrections_JI","2025","5","TH","1203","Freight Correction"
"InvoiceCorrections_JI","2025","7","FI","11","Duty Correction"
"InvoiceCorrections_JI","2025","2","FI","29","Duty Correction"
"InvoiceCorrections_JI","2025","6","SA","42","Freight Correction"
"InvoiceCorrections_JI","2025","1","LT","8","Duty Correction"
"InvoiceCorrections_JI","2025","2","NL","303","Duty Correction"
"InvoiceCorrections_JI","2025","7","PT","191","Duty Correction"
"InvoiceCorrections_JI","2025","10","IT","1778","Freight Correction"
"InvoiceCorrections_JI","2025","11","VN","13","Freight Correction"
"InvoiceCorrections_JI","2025","11","AE","43","Duty Correction"
"InvoiceCorrections_JI","2025","1","AE","32","Duty Correction"
"InvoiceCorrections_JI","2025","1","EG","2","Duty Correction"
"InvoiceCorrections_JI","2025","4","GR","664","Freight Correction"
"InvoiceCorrections_JI","2025","9","ES","1471","Freight Correction"
"InvoiceCorrections_JI","2025","3","SE","47","Duty Correction"
"InvoiceCorrections_JI","2025","10","FI","22","Duty Correction"
"InvoiceCorrections_JI","2025","5","TR","98","Freight Correction"
"InvoiceCorrections_JI","2025","7","TH","17","Duty Correction"
"InvoiceCorrections_JI","2025","2","MY","45","Freight Correction"
"InvoiceCorrections_JI","2025","3","LU","15","Duty Correction"
"InvoiceCorrections_JI","2025","5","ID","25","Freight Correction"
"InvoiceCorrections_JI","2025","1","ZA","5","Freight Correction"
"InvoiceCorrections_JI","2025","8","LT","14","Duty Correction"
"InvoiceCorrections_JI","2025","3","NZ","5","Freight Correction"
"InvoiceCorrections_JI","2025","1","SG","60","Freight Correction"
"InvoiceCorrections_JI","2025","10","IL","79","Freight Correction"
"InvoiceCorrections_JI","2025","7","VN","42","Freight Correction"
"InvoiceCorrections_JI","2025","11","JP","18","Freight Correction"
"InvoiceCorrections_JI","2025","4","PL","2483","Freight Correction"
"InvoiceCorrections_JI","2025","4","SI","90","Freight Correction"
"InvoiceCorrections_JI","2025","9","IE","141","Freight Correction"
"InvoiceCorrections_JI","2025","8","TW","14","Freight Correction"
"InvoiceCorrections_JI","2025","7","FJ","6","Freight Correction"
"InvoiceCorrections_JI","2025","6","IT","35","Duty Correction"
"InvoiceCorrections_JI","2025","6","TM","13","Freight Correction"
"InvoiceCorrections_JI","2025","9","EE","2","Duty Correction"
"InvoiceCorrections_JI","2025","1","IT","16","Duty Correction"
"InvoiceCorrections_JI","2025","8","SA","310","Duty Correction"
"InvoiceCorrections_JI","2025","6","FR","35494","Freight Correction"
"InvoiceCorrections_JI","2025","5","AU","31","Freight Correction"
"InvoiceCorrections_JI","2025","5","ES","16482","Freight Correction"
"InvoiceCorrections_JI","2025","5","PL","3118","Freight Correction"
"InvoiceCorrections_JI","2025","6","TW","20","Freight Correction"
"InvoiceCorrections_JI","2025","3","GB","1900","Freight Correction"
"InvoiceCorrections_JI","2025","11","BE","721","Freight Correction"
"InvoiceCorrections_JI","2025","6","LV","20","Freight Correction"
"InvoiceCorrections_JI","2025","4","FR","6729","Freight Correction"
"InvoiceCorrections_JI","2025","3","ZA","133","Duty Correction"
"InvoiceCorrections_JI","2025","2","FI","302","Freight Correction"
"InvoiceCorrections_JI","2025","6","FJ","34","Duty Correction"
"InvoiceCorrections_JI","2025","3","BT","9","Duty Correction"
"InvoiceCorrections_JI","2025","1","FI","247","Freight Correction"
"InvoiceCorrections_JI","2025","5","EE","3","Duty Correction"
"InvoiceCorrections_JI","2025","9","CH","680","Freight Correction"
"InvoiceCorrections_JI","2025","3","HU","746","Freight Correction"
"InvoiceCorrections_JI","2025","5","FI","214","Freight Correction"
"InvoiceCorrections_JI","2025","3","SK","3187","Freight Correction"
"InvoiceCorrections_JI","2025","9","GR","14","Duty Correction"
"InvoiceCorrections_JI","2025","2","TH","12720","Freight Correction"
"InvoiceCorrections_JI","2025","11","AE","109","Freight Correction"
"InvoiceCorrections_JI","2025","10","FI","345","Freight Correction"
"InvoiceCorrections_JI","2025","2","SG","76","Freight Correction"
"InvoiceCorrections_JI","2025","6","TR","411","Freight Correction"
"InvoiceCorrections_JI","2025","7","CY","147","Freight Correction"
"InvoiceCorrections_JI","2025","7","NL","1356","Freight Correction"
"InvoiceCorrections_JI","2025","2","EG","48","Freight Correction"
"InvoiceCorrections_JI","2025","11","SG","53","Duty Correction"
"InvoiceCorrections_JI","2025","7","RO","756","Freight Correction"
"InvoiceCorrections_JI","2025","4","TH","20","Duty Correction"
"InvoiceCorrections_JI","2025","1","ZA","18","Duty Correction"
"InvoiceCorrections_JI","2025","7","BG","5","Duty Correction"
"InvoiceCorrections_JI","2025","6","HU","738","Freight Correction"
"InvoiceCorrections_JI","2025","1","HU","462","Freight Correction"
"InvoiceCorrections_JI","2025","10","AT","61","Duty Correction"
"InvoiceCorrections_JI","2025","11","SA","4","Freight Correction"
"InvoiceCorrections_JI","2025","3","TH","8646","Freight Correction"
"InvoiceCorrections_JI","2025","4","BE","256","Duty Correction"
"InvoiceCorrections_JI","2025","3","PT","196","Duty Correction"
"InvoiceCorrections_JI","2025","5","GR","589","Freight Correction"
"InvoiceCorrections_JI","2025","9","GB","1352","Freight Correction"
"InvoiceCorrections_JI","2025","8","CY","123","Freight Correction"
"InvoiceCorrections_JI","2025","4","ZA","37","Freight Correction"
"InvoiceCorrections_JI","2025","3","FJ","35","Freight Correction"
"InvoiceCorrections_JI","2025","9","BE","449","Freight Correction"
"InvoiceCorrections_JI","2025","2","KR","1","Duty Correction"
"InvoiceCorrections_JI","2025","10","KR","40","Freight Correction"
"InvoiceCorrections_JI","2025","10","GB","914","Duty Correction"
"InvoiceCorrections_JI","2025","1","IL","128","Freight Correction"
"InvoiceCorrections_JI","2025","3","BE","153","Duty Correction"
"InvoiceCorrections_JI","2025","4","SG","101","Freight Correction"
"InvoiceCorrections_JI","2025","1","LT","89","Freight Correction"
"InvoiceCorrections_JI","2025","3","TR","320","Freight Correction"
"InvoiceCorrections_JI","2025","4","BH","2","Freight Correction"
"InvoiceCorrections_JI","2025","7","SE","308","Freight Correction"
"InvoiceCorrections_JI","2025","3","CH","909","Freight Correction"
"InvoiceCorrections_JI","2025","1","SG","24","Duty Correction"
"InvoiceCorrections_JI","2025","10","FR","180","Duty Correction"
"InvoiceCorrections_JI","2025","4","TW","16","Freight Correction"
"InvoiceCorrections_JI","2025","2","SK","1605","Freight Correction"
"InvoiceCorrections_JI","2025","1","AT","98","Duty Correction"
"InvoiceCorrections_JI","2025","9","AE","29","Freight Correction"
"InvoiceCorrections_JI","2025","3","ID","36","Freight Correction"
"InvoiceCorrections_JI","2025","6","ZA","41","Freight Correction"
"InvoiceCorrections_JI","2025","10","FJ","3","Freight Correction"
"InvoiceCorrections_JI","2025","5","JO","2","Duty Correction"
"InvoiceCorrections_JI","2025","8","ID","333","Duty Correction"
"InvoiceCorrections_JI","2025","10","EE","6","Duty Correction"
"InvoiceCorrections_JI","2025","9","FR","148","Duty Correction"
"InvoiceCorrections_JI","2025","3","TH","39","Duty Correction"
"InvoiceCorrections_JI","2025","10","RO","43","Duty Correction"
"InvoiceCorrections_JI","2025","3","IL","73","Freight Correction"
"InvoiceCorrections_JI","2025","8","HU","417","Freight Correction"
"InvoiceCorrections_JI","2025","5","LU","138","Freight Correction"
"InvoiceCorrections_JI","2025","9","EE","36","Freight Correction"
"InvoiceCorrections_JI","2025","9","AT","54","Duty Correction"
"InvoiceCorrections_JI","2025","1","UA","43","Freight Correction"
"InvoiceCorrections_JI","2025","5","EE","39","Freight Correction"
"InvoiceCorrections_JI","2025","4","EG","59","Duty Correction"
"InvoiceCorrections_JI","2025","8","UA","621","Freight Correction"
"InvoiceCorrections_JI","2025","4","JP","42","Freight Correction"
"InvoiceCorrections_JI","2025","5","SI","6","Duty Correction"
"InvoiceCorrections_JI","2025","7","ID","41","Freight Correction"
"InvoiceCorrections_JI","2025","6","FI","114","Freight Correction"
"InvoiceCorrections_JI","2025","10","LV","91","Freight Correction"
"InvoiceCorrections_JI","2025","11","GR","28","Duty Correction"
"InvoiceCorrections_JI","2025","2","PT","242","Duty Correction"
"InvoiceCorrections_JI","2025","10","HU","473","Freight Correction"
"InvoiceCorrections_JI","2025","4","FI","1177","Freight Correction"
"InvoiceCorrections_JI","2025","7","KW","3","Duty Correction"
"InvoiceCorrections_JI","2025","4","IT","28","Duty Correction"
"InvoiceCorrections_JI","2025","10","IN","212","Freight Correction"
"InvoiceCorrections_JI","2025","8","DK","308","Freight Correction"
"InvoiceCorrections_JI","2025","7","BH","8","Freight Correction"
"InvoiceCorrections_JI","2025","9","IE","111","Duty Correction"
"InvoiceCorrections_JI","2025","2","KW","82","Freight Correction"
"InvoiceCorrections_JI","2025","11","TM","17","Freight Correction"
"InvoiceCorrections_JI","2025","5","MY","8","Duty Correction"
"InvoiceCorrections_JI","2025","11","GB","350","Duty Correction"
"InvoiceCorrections_JI","2025","1","ID","33","Freight Correction"
"InvoiceCorrections_JI","2025","8","BT","10","Freight Correction"
"InvoiceCorrections_JI","2025","7","CH","1368","Freight Correction"
"InvoiceCorrections_JI","2025","8","IT","3","Duty Correction"
"InvoiceCorrections_JI","2025","8","EG","15","Freight Correction"
"InvoiceCorrections_JI","2025","6","RO","640","Freight Correction"
"InvoiceCorrections_JI","2025","5","BE","116","Duty Correction"
"InvoiceCorrections_JI","2025","7","FI","134","Freight Correction"
"InvoiceCorrections_JI","2025","5","ZA","225","Duty Correction"
"InvoiceCorrections_JI","2025","4","CY","180","Freight Correction"
"InvoiceCorrections_JI","2025","4","AU","185","Duty Correction"
"InvoiceCorrections_JI","2025","7","JO","13","Duty Correction"
"InvoiceCorrections_JI","2025","10","TW","7","Freight Correction"
"InvoiceCorrections_JI","2025","8","SE","211","Freight Correction"
"InvoiceCorrections_JI","2025","6","FI","13","Duty Correction"
"InvoiceCorrections_JI","2025","4","NO","28","Duty Correction"
"InvoiceCorrections_JI","2025","7","CN","125","Freight Correction"
"InvoiceCorrections_JI","2025","4","TH","21086","Freight Correction"
"InvoiceCorrections_JI","2025","6","DK","4","Duty Correction"
"InvoiceCorrections_JI","2025","5","IT","2689","Freight Correction"
"InvoiceCorrections_JI","2025","2","MY","7","Duty Correction"
"InvoiceCorrections_JI","2025","6","SE","8","Duty Correction"
"InvoiceCorrections_JI","2025","11","CZ","10","Duty Correction"
"InvoiceCorrections_JI","2025","1","SI","116","Duty Correction"
"InvoiceCorrections_JI","2025","4","FJ","54","Freight Correction"
"InvoiceCorrections_JI","2025","4","NL","376","Duty Correction"
"InvoiceCorrections_JI","2025","11","SE","5","Duty Correction"
"InvoiceCorrections_JI","2025","11","SE","143","Freight Correction"
"InvoiceCorrections_JI","2025","11","HK","49","Freight Correction"
"InvoiceCorrections_JI","2025","11","LT","4","Duty Correction"
"InvoiceCorrections_JI","2025","9","TM","4","Freight Correction"
"InvoiceCorrections_JI","2025","4","IE","217","Freight Correction"
"InvoiceCorrections_JI","2025","8","AE","375","Duty Correction"
"InvoiceCorrections_JI","2025","6","IE","159","Freight Correction"
"InvoiceCorrections_JI","2025","11","NZ","7","Duty Correction"
"InvoiceCorrections_JI","2025","5","AT","44","Duty Correction"
"InvoiceCorrections_JI","2025","4","RO","25","Duty Correction"
"InvoiceCorrections_JI","2025","1","NL","2883","Freight Correction"
"InvoiceCorrections_JI","2025","10","CZ","224","Duty Correction"
"InvoiceCorrections_JI","2025","2","NZ","7","Freight Correction"
"InvoiceCorrections_JI","2025","3","MY","189","Freight Correction"
"InvoiceCorrections_JI","2025","2","ZA","235","Duty Correction"
"InvoiceCorrections_JI","2025","10","BH","9","Freight Correction"
"InvoiceCorrections_JI","2025","10","PT","991","Freight Correction"
"InvoiceCorrections_JI","2025","2","HK","211","Freight Correction"
"InvoiceCorrections_JI","2025","4","VN","55","Freight Correction"
"InvoiceCorrections_JI","2025","5","CN","128","Freight Correction"
"InvoiceCorrections_JI","2025","4","KW","4","Duty Correction"
"InvoiceCorrections_JI","2025","3","EG","42","Freight Correction"
"InvoiceCorrections_JI","2025","3","ES","445","Duty Correction"
"InvoiceCorrections_JI","2025","10","AU","10","Duty Correction"
"InvoiceCorrections_JI","2025","3","PH","39","Duty Correction"
"InvoiceCorrections_JI","2025","4","BT","4","Freight Correction"
"InvoiceCorrections_JI","2025","4","IN","131","Freight Correction"
"InvoiceCorrections_JI","2025","5","SA","122","Duty Correction"
"InvoiceCorrections_JI","2025","6","LT","2","Duty Correction"
"InvoiceCorrections_JI","2025","5","LV","83","Freight Correction"
"InvoiceCorrections_JI","2025","11","NO","18","Duty Correction"
"InvoiceCorrections_JI","2025","6","ZA","44","Duty Correction"
"InvoiceCorrections_JI","2025","8","SG","224","Freight Correction"
"InvoiceCorrections_JI","2025","10","LU","51","Duty Correction"
"InvoiceCorrections_JI","2025","7","KW","9","Freight Correction"
"InvoiceCorrections_JI","2025","2","AT","1081","Freight Correction"
"InvoiceCorrections_JI","2025","10","SA","8","Freight Correction"
"InvoiceCorrections_JI","2025","5","CZ","600","Freight Correction"
"InvoiceCorrections_JI","2025","6","PH","21","Freight Correction"
"InvoiceCorrections_JI","2025","2","NL","3770","Freight Correction"
"InvoiceCorrections_JI","2025","6","TH","28","Duty Correction"
"InvoiceCorrections_JI","2025","1","NZ","1","Duty Correction"
"InvoiceCorrections_JI","2025","11","RO","70","Duty Correction"
"InvoiceCorrections_JI","2025","3","TM","21","Freight Correction"
"InvoiceCorrections_JI","2025","4","KW","7","Freight Correction"
"InvoiceCorrections_JI","2025","7","FJ","19","Duty Correction"
"InvoiceCorrections_JI","2025","7","HU","350","Freight Correction"
"InvoiceCorrections_JI","2025","6","BH","2","Freight Correction"
"InvoiceCorrections_JI","2025","1","BE","1067","Freight Correction"
"InvoiceCorrections_JI","2025","7","SE","25","Duty Correction"
"InvoiceCorrections_JI","2025","6","RO","35","Duty Correction"
"InvoiceCorrections_JI","2025","2","AR","1","Freight Correction"
"InvoiceCorrections_JI","2025","4","AU","23","Freight Correction"
"InvoiceCorrections_JI","2025","4","FI","41","Duty Correction"
"InvoiceCorrections_JI","2025","8","KW","1","Duty Correction"
"InvoiceCorrections_JI","2025","6","KR","1","Duty Correction"
"InvoiceCorrections_JI","2025","4","LV","140","Freight Correction"
"InvoiceCorrections_JI","2025","8","PH","12","Freight Correction"
"InvoiceCorrections_JI","2025","11","LV","2","Duty Correction"
"InvoiceCorrections_JI","2025","10","SE","30","Duty Correction"
"InvoiceCorrections_JI","2025","10","GR","397","Freight Correction"
"InvoiceCorrections_JI","2025","5","FI","27","Duty Correction"
"InvoiceCorrections_JI","2025","6","IL","121","Freight Correction"
"InvoiceCorrections_JI","2025","3","RO","58","Duty Correction"
"InvoiceCorrections_JI","2025","8","TM","3","Freight Correction"
"InvoiceCorrections_JI","2025","9","SA","33","Freight Correction"
"InvoiceCorrections_JI","2025","1","PL","2852","Freight Correction"
"InvoiceCorrections_JI","2025","2","NO","198","Freight Correction"
"InvoiceCorrections_JI","2025","7","CZ","1071","Freight Correction"
"InvoiceCorrections_JI","2025","8","IN","8","Duty Correction"
"InvoiceCorrections_JI","2025","9","NL","950","Freight Correction"
"InvoiceCorrections_JI","2025","1","CH","1091","Freight Correction"
"InvoiceCorrections_JI","2025","10","TH","960","Freight Correction"
"InvoiceCorrections_JI","2025","3","KW","3","Duty Correction"
"InvoiceCorrections_JI","2025","10","AE","422","Duty Correction"
"InvoiceCorrections_JI","2025","5","AR","24","Freight Correction"
"InvoiceCorrections_JI","2025","8","PT","182","Duty Correction"
"InvoiceCorrections_JI","2025","1","TR","415","Freight Correction"
"InvoiceCorrections_JI","2025","6","ES","25903","Freight Correction"
"InvoiceCorrections_JI","2025","9","RO","72","Duty Correction"
"InvoiceCorrections_JI","2025","10","LT","3","Duty Correction"
"InvoiceCorrections_JI","2025","9","CH","385","Duty Correction"
"InvoiceCorrections_JI","2025","6","SI","11","Duty Correction"
"InvoiceCorrections_JI","2025","3","EE","12","Duty Correction"
"InvoiceCorrections_JI","2025","9","NO","44","Duty Correction"
"InvoiceCorrections_JI","2025","5","SE","19","Duty Correction"
"InvoiceCorrections_JI","2025","3","BG","9","Duty Correction"
"InvoiceCorrections_JI","2025","7","SK","75","Duty Correction"
"InvoiceCorrections_JI","2025","7","FR","236","Duty Correction"
"InvoiceCorrections_JI","2025","5","IE","134","Duty Correction"
"InvoiceCorrections_JI","2025","2","FJ","9","Freight Correction"
"InvoiceCorrections_JI","2025","4","EE","8","Duty Correction"
"InvoiceCorrections_JI","2025","6","SK","505","Freight Correction"
"InvoiceCorrections_JI","2025","10","ID","21","Duty Correction"
"InvoiceCorrections_JI","2025","11","SK","112","Freight Correction"
"InvoiceCorrections_JI","2025","1","CN","90","Freight Correction"
"InvoiceCorrections_JI","2025","3","JO","5","Duty Correction"
"InvoiceCorrections_JI","2025","4","IE","335","Duty Correction"
"InvoiceCorrections_JI","2025","3","EE","55","Freight Correction"
"InvoiceCorrections_JI","2025","11","UA","81","Freight Correction"
"InvoiceCorrections_JI","2025","10","PT","313","Duty Correction"
"InvoiceCorrections_JI","2025","5","JP","57","Freight Correction"
"InvoiceCorrections_JI","2025","1","LU","166","Freight Correction"
"InvoiceCorrections_JI","2025","5","IT","24","Duty Correction"
"InvoiceCorrections_JI","2025","2","AT","150","Duty Correction"
"InvoiceCorrections_JI","2025","11","LU","28","Freight Correction"
"InvoiceCorrections_JI","2025","3","DK","3","Duty Correction"
"InvoiceCorrections_JI","2025","10","SI","64","Freight Correction"
"InvoiceCorrections_JI","2025","5","LT","74","Freight Correction"
"InvoiceCorrections_JI","2025","5","DK","243","Freight Correction"
"InvoiceCorrections_JI","2025","1","GB","1132","Freight Correction"
"InvoiceCorrections_JI","2025","2","IL","94","Freight Correction"
"InvoiceCorrections_JI","2025","4","TR","340","Freight Correction"
"InvoiceCorrections_JI","2025","4","BG","355","Freight Correction"
"InvoiceCorrections_JI","2025","5","CH","356","Duty Correction"
"InvoiceCorrections_JI","2025","1","EE","55","Freight Correction"
"InvoiceCorrections_JI","2025","11","IE","47","Duty Correction"
"InvoiceCorrections_JI","2025","2","CZ","637","Freight Correction"
"InvoiceCorrections_JI","2025","2","AE","38","Freight Correction"
"InvoiceCorrections_JI","2025","1","PH","12","Freight Correction"
"InvoiceCorrections_JI","2025","6","NL","1380","Freight Correction"
"InvoiceCorrections_JI","2025","6","ID","72","Duty Correction"
"InvoiceCorrections_JI","2025","10","IT","12","Duty Correction"
"InvoiceCorrections_JI","2025","10","BH","1","Duty Correction"
"InvoiceCorrections_JI","2025","4","RO","728","Freight Correction"
"InvoiceCorrections_JI","2025","6","NO","48","Freight Correction"
"InvoiceCorrections_JI","2025","7","LV","17","Freight Correction"
"InvoiceCorrections_JI","2025","10","RO","837","Freight Correction"
"InvoiceCorrections_JI","2025","4","DK","32774","Freight Correction"
"InvoiceCorrections_JI","2025","9","GR","163","Freight Correction"
"InvoiceCorrections_JI","2025","8","ID","28","Freight Correction"
"InvoiceCorrections_JI","2025","8","VN","13","Freight Correction"
"InvoiceCorrections_JI","2025","2","IT","2633","Freight Correction"
"InvoiceCorrections_JI","2025","5","SG","23","Duty Correction"
"InvoiceCorrections_JI","2025","10","DK","136","Freight Correction"
"InvoiceCorrections_JI","2025","11","ES","162","Duty Correction"
"InvoiceCorrections_JI","2025","4","SK","97","Duty Correction"
"InvoiceCorrections_JI","2025","3","BH","9","Duty Correction"
"InvoiceCorrections_JI","2025","3","BE","954","Freight Correction"
"InvoiceCorrections_JI","2025","9","TH","22","Duty Correction"
"InvoiceCorrections_JI","2025","10","NL","1948","Freight Correction"
"InvoiceCorrections_JI","2025","5","SK","334","Freight Correction"
"InvoiceCorrections_JI","2025","1","SA","64","Freight Correction"
"InvoiceCorrections_JI","2025","10","SG","61","Freight Correction"
"InvoiceCorrections_JI","2025","5","BE","561","Freight Correction"
"InvoiceCorrections_JI","2025","11","IN","355","Freight Correction"
"InvoiceCorrections_JI","2025","5","SE","320","Freight Correction"
"InvoiceCorrections_JI","2025","10","SK","31","Duty Correction"
"InvoiceCorrections_JI","2025","7","AE","104","Freight Correction"
"InvoiceCorrections_JI","2025","11","PL","815","Freight Correction"
"InvoiceCorrections_JI","2025","7","GB","1564","Freight Correction"
"InvoiceCorrections_JI","2025","10","CH","318","Duty Correction"
"InvoiceCorrections_JI","2025","1","PH","18","Duty Correction"
"InvoiceCorrections_JI","2025","4","ID","46","Freight Correction"
"InvoiceCorrections_JI","2025","10","PH","1","Duty Correction"
"InvoiceCorrections_JI","2025","9","FI","173","Freight Correction"
"InvoiceCorrections_JI","2025","3","PL","2345","Freight Correction"
"InvoiceCorrections_JI","2025","6","UA","12","Freight Correction"
"InvoiceCorrections_JI","2025","2","TH","47","Duty Correction"
"InvoiceCorrections_JI","2025","3","RO","5791","Freight Correction"
"InvoiceCorrections_JI","2025","8","FJ","14","Freight Correction"
"InvoiceCorrections_JI","2025","9","JP","13","Duty Correction"
"InvoiceCorrections_JI","2025","2","HU","703","Freight Correction"
"InvoiceCorrections_JI","2025","10","ES","399","Duty Correction"
"InvoiceCorrections_JI","2025","6","BE","804","Freight Correction"
"InvoiceCorrections_JI","2025","5","NL","4005","Freight Correction"
"InvoiceCorrections_JI","2025","4","AE","18","Freight Correction"
"InvoiceCorrections_JI","2025","1","HK","8","Freight Correction"
"InvoiceCorrections_JI","2025","10","CN","196","Freight Correction"
"InvoiceCorrections_JI","2025","3","AU","27","Duty Correction"
"InvoiceCorrections_JI","2025","9","PL","1430","Freight Correction"
"InvoiceCorrections_JI","2025","3","SE","1125","Freight Correction"
"InvoiceCorrections_JI","2025","11","CZ","902","Freight Correction"
"InvoiceCorrections_JI","2025","10","CZ","664","Freight Correction"
"InvoiceCorrections_JI","2025","4","IL","87","Freight Correction"
"InvoiceCorrections_JI","2025","3","CH","809","Duty Correction"
"InvoiceCorrections_JI","2025","9","AU","21","Freight Correction"
"InvoiceCorrections_JI","2025","9","BG","229","Freight Correction"
"InvoiceCorrections_JI","2025","8","SI","268","Freight Correction"
"InvoiceCorrections_JI","2025","5","RO","18","Duty Correction"
"InvoiceCorrections_JI","2025","7","IE","169","Duty Correction"
"InvoiceCorrections_JI","2025","6","VN","37","Freight Correction"
"InvoiceCorrections_JI","2025","6","NL","579","Duty Correction"
"InvoiceCorrections_JI","2025","1","TM","6","Freight Correction"
"InvoiceCorrections_JI","2025","8","CH","389","Duty Correction"
"InvoiceCorrections_JI","2025","5","NZ","11","Duty Correction"
"InvoiceCorrections_JI","2025","4","BE","959","Freight Correction"
"InvoiceCorrections_JI","2025","1","EG","21","Freight Correction"
"InvoiceCorrections_JI","2025","10","AE","73","Freight Correction"
"InvoiceCorrections_JI","2025","8","AT","53","Duty Correction"
"InvoiceCorrections_JI","2025","11","PT","104","Duty Correction"
"InvoiceCorrections_JI","2025","7","TW","33","Freight Correction"
"InvoiceCorrections_JI","2025","10","GB","2712","Freight Correction"
"InvoiceCorrections_JI","2025","1","ES","8213","Freight Correction"
"InvoiceCorrections_JI","2025","9","DK","232","Freight Correction"
"InvoiceCorrections_JI","2025","2","SE","37","Duty Correction"
"InvoiceCorrections_JI","2025","5","TM","3","Freight Correction"
"InvoiceCorrections_JI","2025","11","CH","255","Duty Correction"
"InvoiceCorrections_JI","2025","11","BT","9","Freight Correction"
"InvoiceCorrections_JI","2025","6","JO","2","Duty Correction"
"InvoiceCorrections_JI","2025","4","AT","87","Duty Correction"
"InvoiceCorrections_JI","2025","7","ES","9380","Freight Correction"
"InvoiceCorrections_JI","2025","1","DK","21","Duty Correction"
"InvoiceCorrections_JI","2025","1","RO","52","Duty Correction"
"InvoiceCorrections_JI","2025","7","JP","26","Duty Correction"
"InvoiceCorrections_JI","2025","5","SA","32","Freight Correction"
"InvoiceCorrections_JI","2025","1","PT","992","Freight Correction"
"InvoiceCorrections_JI","2025","11","AT","303","Freight Correction"
"InvoiceCorrections_JI","2025","1","KR","95","Freight Correction"
"InvoiceCorrections_JI","2025","6","PH","13","Duty Correction"
"InvoiceCorrections_JI","2025","7","SA","24","Duty Correction"
"InvoiceCorrections_JI","2025","11","SI","18","Freight Correction"
"InvoiceCorrections_JI","2025","7","ZA","58","Duty Correction"
"InvoiceCorrections_JI","2025","11","EG","19","Freight Correction"
"InvoiceCorrections_JI","2025","3","MY","13","Duty Correction"
"InvoiceCorrections_JI","2025","7","SG","84","Freight Correction"
"InvoiceCorrections_JI","2025","1","BG","6","Duty Correction"
"InvoiceCorrections_JI","2025","4","LU","209","Freight Correction"
"InvoiceCorrections_JI","2025","7","MY","41","Freight Correction"
"InvoiceCorrections_JI","2025","10","AU","1","Freight Correction"
"InvoiceCorrections_JI","2025","3","FJ","56","Duty Correction"
"InvoiceCorrections_JI","2025","11","BE","78","Duty Correction"
"InvoiceCorrections_JI","2025","6","LU","395","Freight Correction"
"InvoiceCorrections_JI","2025","3","FR","140","Duty Correction"
"InvoiceCorrections_JI","2025","7","GB","973","Duty Correction"
"InvoiceCorrections_JI","2025","2","TR","227","Freight Correction"
"InvoiceCorrections_JI","2025","6","BH","4","Duty Correction"
"InvoiceCorrections_JI","2025","1","GR","120","Duty Correction"
"InvoiceCorrections_JI","2025","11","IT","1574","Freight Correction"
"InvoiceCorrections_JI","2025","1","IE","276","Freight Correction"
"InvoiceCorrections_JI","2025","2","SK","143","Duty Correction"
"InvoiceCorrections_JI","2025","3","AE","794","Duty Correction"
"InvoiceCorrections_JI","2025","8","JO","2","Duty Correction"
"InvoiceCorrections_JI","2025","11","FJ","2","Duty Correction"
"InvoiceCorrections_JI","2025","11","JO","4","Duty Correction"
"InvoiceCorrections_JI","2025","3","SA","10","Freight Correction"
"InvoiceCorrections_JI","2025","1","AU","21","Freight Correction"
"InvoiceCorrections_JI","2025","3","SG","51","Duty Correction"
"InvoiceCorrections_JI","2025","2","SE","1050","Freight Correction"
"InvoiceCorrections_JI","2025","7","NO","98","Freight Correction"
"InvoiceCorrections_JI","2025","4","LU","5","Duty Correction"
"InvoiceCorrections_JI","2025","5","KW","3","Duty Correction"
"InvoiceCorrections_JI","2025","9","ZA","44","Duty Correction"
"InvoiceCorrections_JI","2025","10","JP","62","Freight Correction"
"InvoiceCorrections_JI","2025","5","GR","72","Duty Correction"
"InvoiceCorrections_JI","2025","1","AU","23","Duty Correction"
"InvoiceCorrections_JI","2025","2","CY","121","Freight Correction"
"InvoiceCorrections_JI","2025","10","LT","79","Freight Correction"
"InvoiceCorrections_JI","2025","7","JP","27","Freight Correction"
"InvoiceCorrections_JI","2025","3","ID","30","Duty Correction"
"InvoiceCorrections_JI","2025","4","BG","20","Duty Correction"
"InvoiceCorrections_JI","2025","1","AE","49","Freight Correction"
"InvoiceCorrections_JI","2025","7","IT","2990","Freight Correction"
"InvoiceCorrections_JI","2025","11","FR","557","Freight Correction"
"InvoiceCorrections_JI","2025","1","IT","2293","Freight Correction"
"InvoiceCorrections_JI","2025","4","EG","41","Freight Correction"
"InvoiceCorrections_JI","2025","11","IL","55","Freight Correction"
"InvoiceCorrections_JI","2025","7","KR","72","Freight Correction"
"InvoiceCorrections_JI","2025","5","IE","150","Freight Correction"
"InvoiceCorrections_JI","2025","3","BG","393","Freight Correction"
"InvoiceCorrections_JI","2025","5","PL","87","Duty Correction"
"InvoiceCorrections_JI","2025","6","BE","105","Duty Correction"
"InvoiceCorrections_JI","2025","2","RO","54","Duty Correction"
"InvoiceCorrections_JI","2025","3","CY","14","Duty Correction"
"InvoiceCorrections_JI","2025","9","CY","2","Duty Correction"
"InvoiceCorrections_JI","2025","1","NZ","4","Freight Correction"
"InvoiceCorrections_JI","2025","7","LU","4","Duty Correction"
"InvoiceCorrections_JI","2025","11","NZ","1","Freight Correction"
"InvoiceCorrections_JI","2025","7","MY","33","Duty Correction"
"InvoiceCorrections_JI","2025","1","CZ","1290","Freight Correction"
"InvoiceCorrections_JI","2025","5","DK","1","Duty Correction"
"InvoiceCorrections_JI","2025","6","BG","12","Duty Correction"
"InvoiceCorrections_JI","2025","2","ES","447","Duty Correction"
"InvoiceCorrections_JI","2025","11","CY","33","Freight Correction"
"InvoiceCorrections_JI","2025","6","LT","63","Freight Correction"
"InvoiceCorrections_JI","2025","6","EE","48","Freight Correction"
"InvoiceCorrections_JI","2025","1","LU","6","Duty Correction"
"InvoiceCorrections_JI","2025","3","CZ","958","Freight Correction"
"InvoiceCorrections_JI","2025","6","LU","11","Duty Correction"
"InvoiceCorrections_JI","2025","10","DK","3","Duty Correction"
"InvoiceCorrections_JI","2025","1","FJ","21","Duty Correction"
"InvoiceCorrections_JI","2025","7","EE","68","Freight Correction"
"InvoiceCorrections_JI","2025","5","ZA","49","Freight Correction"
"InvoiceCorrections_JI","2025","4","SI","36","Duty Correction"
"InvoiceCorrections_JI","2025","10","PH","2","Freight Correction"
"InvoiceCorrections_JI","2025","11","KW","3","Duty Correction"
"InvoiceCorrections_JI","2025","2","LV","5","Duty Correction"
"InvoiceCorrections_JI","2025","4","PH","19","Duty Correction"
"InvoiceCorrections_JI","2025","6","SK","117","Duty Correction"
"InvoiceCorrections_JI","2025","4","LT","8","Duty Correction"
"InvoiceCorrections_JI","2025","2","EE","14","Duty Correction"
"InvoiceCorrections_JI","2025","2","EE","44","Freight Correction"
"InvoiceCorrections_JI","2025","6","AE","23","Freight Correction"
"InvoiceCorrections_JI","2025","11","KR","120","Freight Correction"
"InvoiceCorrections_JI","2025","2","LU","15","Duty Correction"
"InvoiceCorrections_JI","2025","9","LU","148","Freight Correction"
"InvoiceCorrections_JI","2025","2","NO","28","Duty Correction"
"InvoiceCorrections_JI","2025","8","NO","27","Duty Correction"
"InvoiceCorrections_JI","2025","10","BT","5","Freight Correction"
"InvoiceCorrections_JI","2025","11","SG","16","Freight Correction"
"InvoiceCorrections_JI","2025","5","ES","306","Duty Correction"
"InvoiceCorrections_JI","2025","2","BH","4","Duty Correction"
"InvoiceCorrections_JI","2025","8","JP","19","Freight Correction"
"InvoiceCorrections_JI","2025","2","ES","1904","Freight Correction"
"InvoiceCorrections_JI","2025","6","AE","79","Duty Correction"
"InvoiceCorrections_JI","2025","6","PL","3287","Freight Correction"
"InvoiceCorrections_JI","2025","8","BG","189","Freight Correction"
"InvoiceCorrections_JI","2025","4","AE","23","Duty Correction"
"InvoiceCorrections_JI","2025","9","PT","137","Duty Correction"
"InvoiceCorrections_JI","2025","5","CH","676","Freight Correction"
"InvoiceCorrections_JI","2025","11","RO","968","Freight Correction"
"InvoiceCorrections_JI","2025","7","HK","6","Freight Correction"
"InvoiceCorrections_JI","2025","9","SK","199","Freight Correction"
"InvoiceCorrections_JI","2025","9","AU","14","Duty Correction"
"InvoiceCorrections_JI","2025","7","BT","5","Freight Correction"
"InvoiceCorrections_JI","2025","7","SK","396","Freight Correction"
"InvoiceCorrections_JI","2025","10","BE","2899","Freight Correction"
"InvoiceCorrections_JI","2025","1","FJ","13","Freight Correction"
"InvoiceCorrections_JI","2025","4","ID","44","Duty Correction"
"InvoiceCorrections_JI","2025","2","JO","4","Freight Correction"
"InvoiceCorrections_JI","2025","1","CY","161","Freight Correction"
"InvoiceCorrections_JI","2025","10","ZA","161","Duty Correction"
"InvoiceCorrections_JI","2025","7","NL","307","Duty Correction"
"InvoiceCorrections_JI","2025","6","FR","164","Duty Correction"
"InvoiceCorrections_JI","2025","6","ES","246","Duty Correction"
"InvoiceCorrections_JI","2025","9","AT","990","Freight Correction"
"InvoiceCorrections_JI","2025","3","NO","47","Duty Correction"
"InvoiceCorrections_JI","2025","3","CN","126","Freight Correction"
"InvoiceCorrections_JI","2025","3","IE","103","Duty Correction"
"InvoiceCorrections_JI","2025","8","FR","162","Duty Correction"
"InvoiceCorrections_JI","2025","2","BE","1987","Freight Correction"
"InvoiceCorrections_JI","2025","4","BT","2","Duty Correction"
"InvoiceCorrections_JI","2025","3","CZ","25","Duty Correction"
"InvoiceCorrections_JI","2025","11","TH","17","Duty Correction"
"InvoiceCorrections_JI","2025","2","DK","1017","Freight Correction"
"InvoiceCorrections_JI","2025","10","TR","92","Freight Correction"
"InvoiceCorrections_JI","2025","7","PH","9","Duty Correction"
"InvoiceCorrections_JI","2025","10","PL","1635","Freight Correction"
"InvoiceCorrections_JI","2025","9","ES","187","Duty Correction"
"InvoiceCorrections_JI","2025","4","EE","29","Freight Correction"
"InvoiceCorrections_JI","2025","4","NO","216","Freight Correction"
"InvoiceCorrections_JI","2025","7","PT","717","Freight Correction"
"InvoiceCorrections_JI","2025","9","GB","552","Duty Correction"
"InvoiceCorrections_JI","2025","1","GR","899","Freight Correction"
"InvoiceCorrections_JI","2025","10","CY","4","Duty Correction"
"InvoiceCorrections_JI","2025","1","SA","324","Duty Correction"
"InvoiceCorrections_JI","2025","3","HK","11","Freight Correction"
"InvoiceCorrections_JI","2025","8","TH","979","Freight Correction"
"InvoiceCorrections_JI","2025","2","PH","18","Freight Correction"
"InvoiceCorrections_JI","2025","3","BT","14","Freight Correction"
"InvoiceCorrections_JI","2025","2","GR","551","Freight Correction"
"InvoiceCorrections_JI","2025","7","BH","8","Duty Correction"
"InvoiceCorrections_JI","2025","11","ZA","1","Freight Correction"
"InvoiceCorrections_JI","2025","4","GR","43","Duty Correction"
"InvoiceCorrections_JI","2025","2","BE","175","Duty Correction"
"InvoiceCorrections_JI","2025","5","PT","304","Duty Correction"
"InvoiceCorrections_JI","2025","8","CZ","310","Freight Correction"
"InvoiceCorrections_JI","2025","1","MY","6","Duty Correction"
"InvoiceCorrections_JI","2025","2","FR","257","Duty Correction"
"InvoiceCorrections_JI","2025","8","PT","2386","Freight Correction"
"InvoiceCorrections_JI","2025","3","SK","161","Duty Correction"
"InvoiceCorrections_JI","2025","8","AT","305","Freight Correction"
"InvoiceCorrections_JI","2025","8","GB","1336","Freight Correction"
"InvoiceCorrections_JI","2025","2","TM","26","Freight Correction"
"InvoiceCorrections_JI","2025","6","DK","155","Freight Correction"
"InvoiceCorrections_JI","2025","1","JO","1","Freight Correction"
"InvoiceCorrections_JI","2025","5","CZ","14","Duty Correction"
"InvoiceCorrections_JI","2025","11","EE","4","Duty Correction"
"InvoiceCorrections_JI","2025","2","GR","57","Duty Correction"
"InvoiceCorrections_JI","2025","7","AE","545","Duty Correction"
"InvoiceCorrections_JI","2025","3","SI","70","Duty Correction"
"InvoiceCorrections_JI","2025","8","HK","4","Freight Correction"
"InvoiceCorrections_JI","2025","3","SG","105","Freight Correction"
"InvoiceCorrections_JI","2025","5","PT","3986","Freight Correction"
"InvoiceCorrections_JI","2025","11","AT","53","Duty Correction"
"InvoiceCorrections_JI","2025","2","FJ","5","Duty Correction"
"InvoiceCorrections_JI","2025","7","LT","59","Freight Correction"
"InvoiceCorrections_JI","2025","9","NA","1","Duty Correction"
"InvoiceCorrections_JI","2025","1","BT","6","Freight Correction"
"InvoiceCorrections_JI","2025","9","TW","21","Freight Correction"
"InvoiceCorrections_JI","2025","7","BG","260","Freight Correction"
"InvoiceCorrections_JI","2025","11","TW","10","Freight Correction"
"InvoiceCorrections_JI","2025","7","ID","123","Duty Correction"
"InvoiceCorrections_JI","2025","8","IL","80","Freight Correction"
"InvoiceCorrections_JI","2025","2","SG","7","Duty Correction"
"InvoiceCorrections_JI","2025","3","LV","118","Freight Correction"
"InvoiceCorrections_JI","2025","6","JP","14","Duty Correction"
"InvoiceCorrections_JI","2025","5","TH","25","Duty Correction"
"InvoiceCorrections_JI","2025","5","BT","8","Freight Correction"
"InvoiceCorrections_JI","2025","5","HK","10","Freight Correction"
"InvoiceCorrections_JI","2025","2","IE","142","Duty Correction"
"InvoiceCorrections_JI","2025","7","GR","428","Freight Correction"
"InvoiceCorrections_JI","2025","8","LU","190","Freight Correction"
"InvoiceCorrections_JI","2025","5","FR","117","Duty Correction"
"InvoiceCorrections_JI","2025","2","CH","1205","Freight Correction"
"InvoiceCorrections_JI","2025","7","CH","429","Duty Correction"
"InvoiceCorrections_JI","2025","4","PL","110","Duty Correction"
"InvoiceCorrections_JI","2025","11","FR","124","Duty Correction"
"InvoiceCorrections_JI","2025","2","KW","10","Duty Correction"
"InvoiceCorrections_JI","2025","6","KW","1","Duty Correction"
"InvoiceCorrections_JI","2025","9","FR","893","Freight Correction"
"InvoiceCorrections_JI","2025","9","SK","20","Duty Correction"
"InvoiceCorrections_JI","2025","9","LV","3","Duty Correction"
"InvoiceCorrections_JI","2025","3","IE","242","Freight Correction"
"InvoiceCorrections_JI","2025","1","TH","36846","Freight Correction"
"InvoiceCorrections_JI","2025","6","EE","4","Duty Correction"
"InvoiceCorrections_JI","2025","3","BH","2","Freight Correction"
"InvoiceCorrections_JI","2025","5","BG","297","Freight Correction"
"InvoiceCorrections_JI","2025","10","KW","25","Freight Correction"
"InvoiceCorrections_JI","2025","2","SI","115","Duty Correction"
"InvoiceCorrections_JI","2025","11","FI","10","Duty Correction"
"InvoiceCorrections_JI","2025","5","AE","70","Duty Correction"
"InvoiceCorrections_JI","2025","10","JO","21","Duty Correction"
"InvoiceCorrections_JI","2025","3","AU","83","Freight Correction"
"InvoiceCorrections_JI","2025","10","NO","134","Freight Correction"
"InvoiceCorrections_JI","2025","11","AU","15","Freight Correction"
"InvoiceCorrections_JI","2025","9","SE","22","Duty Correction"
"InvoiceCorrections_JI","2025","2","BH","15","Freight Correction"
"InvoiceCorrections_JI","2025","1","JP","19","Freight Correction"
"InvoiceCorrections_JI","2025","9","FI","9","Duty Correction"
"InvoiceCorrections_JI","2025","7","NZ","1","Freight Correction"
"InvoiceCorrections_JI","2025","4","PH","16","Freight Correction"
"InvoiceCorrections_JI","2025","5","TW","30","Freight Correction"
"InvoiceCorrections_JI","2025","1","EE","5","Duty Correction"
"InvoiceCorrections_JI","2025","9","EG","2","Duty Correction"
"InvoiceCorrections_JI","2025","4","LT","119","Freight Correction"
"InvoiceCorrections_JI","2025","9","IT","39","Duty Correction"
"InvoiceCorrections_JI","2025","1","SI","86","Freight Correction"
"InvoiceCorrections_JI","2025","7","EG","27","Freight Correction"
"InvoiceCorrections_JI","2025","3","IN","76","Freight Correction"
"InvoiceCorrections_JI","2025","9","FJ","46","Freight Correction"
"InvoiceCorrections_JI","2025","6","MY","17","Duty Correction"
"InvoiceCorrections_JI","2025","10","NL","152","Duty Correction"
"InvoiceCorrections_JI","2025","10","ZA","6","Freight Correction"
"InvoiceCorrections_JI","2025","9","BE","134","Duty Correction"
"InvoiceCorrections_JI","2025","11","TH","448","Freight Correction"
"InvoiceCorrections_JI","2025","2","LU","585","Freight Correction"
"InvoiceCorrections_JI","2025","6","SE","140","Freight Correction"
"InvoiceCorrections_JI","2025","5","NO","56","Freight Correction"
"InvoiceCorrections_JI","2025","7","CZ","6","Duty Correction"
"InvoiceCorrections_JI","2025","2","BG","12","Duty Correction"
"InvoiceCorrections_JI","2025","5","ID","52","Duty Correction"
"InvoiceCorrections_JI","2025","1","CY","36","Duty Correction"
"InvoiceCorrections_JI","2025","9","CN","222","Freight Correction"
"InvoiceCorrections_JI","2025","11","BG","25","Duty Correction"
"InvoiceCorrections_JI","2025","4","IT","2585","Freight Correction"
"InvoiceCorrections_JI","2025","1","DK","629","Freight Correction"
"InvoiceCorrections_JI","2025","7","EE","5","Duty Correction"
"InvoiceCorrections_JI","2025","8","CN","198","Freight Correction"
"InvoiceCorrections_JI","2025","5","CY","23","Duty Correction"
"InvoiceCorrections_JI","2025","6","KR","119","Freight Correction"
"InvoiceCorrections_JI","2025","10","NO","38","Duty Correction"
"InvoiceCorrections_JI","2025","9","BH","12","Duty Correction"
"InvoiceCorrections_JI","2025","6","HK","9","Freight Correction"
"InvoiceCorrections_JI","2025","9","TH","874","Freight Correction"
"InvoiceCorrections_JI","2025","3","TW","17","Freight Correction"
"InvoiceCorrections_JI","2025","9","UA","207","Freight Correction"
"InvoiceCorrections_JI","2025","8","NZ","4","Freight Correction"
"InvoiceCorrections_JI","2025","5","FJ","6","Duty Correction"
"InvoiceCorrections_JI","2025","11","FI","104","Freight Correction"
"InvoiceCorrections_JI","2025","8","IT","1336","Freight Correction"
"InvoiceCorrections_JI","2025","5","BH","6","Duty Correction"
"InvoiceCorrections_JI","2025","2","ID","15","Duty Correction"
"InvoiceCorrections_JI","2025","8","AE","58","Freight Correction"
"InvoiceCorrections_JI","2025","10","HK","4","Freight Correction"
"InvoiceCorrections_JI","2025","10","PL","81","Duty Correction"
"InvoiceCorrections_JI","2025","11","BG","324","Freight Correction"
"InvoiceCorrections_JI","2025","10","ES","1469","Freight Correction"
"InvoiceCorrections_JI","2025","10","SA","216","Duty Correction"
"InvoiceCorrections_JI","2025","10","LU","200","Freight Correction"
"InvoiceCorrections_JI","2025","5","NL","187","Duty Correction"
"InvoiceCorrections_JI","2025","3","IT","13","Duty Correction"
"InvoiceCorrections_JI","2025","2","FR","1596","Freight Correction"
"InvoiceCorrections_JI","2025","9","NZ","6","Freight Correction"
"InvoiceCorrections_JI","2025","8","RO","44","Duty Correction"
"InvoiceCorrections_JI","2025","10","MY","7","Duty Correction"
"InvoiceCorrections_JI","2025","4","SE","1961","Freight Correction"
"InvoiceCorrections_JI","2025","5","KR","34","Freight Correction"
"InvoiceCorrections_JI","2025","3","FI","221","Freight Correction"
"InvoiceCorrections_JI","2025","6","CH","601","Duty Correction"
"InvoiceCorrections_JI","2025","2","SI","133","Freight Correction"
"InvoiceCorrections_JI","2025","8","KR","1","Duty Correction"
"InvoiceCorrections_JI","2025","9","CZ","20","Duty Correction"
"InvoiceCorrections_JI","2025","3","DK","32988","Freight Correction"
"InvoiceCorrections_JI","2025","11","MY","62","Freight Correction"
"InvoiceCorrections_JI","2025","9","SE","177","Freight Correction"
"InvoiceCorrections_JI","2025","5","LU","2","Duty Correction"
"InvoiceCorrections_JI","2025","2","CN","87","Freight Correction"
"InvoiceCorrections_JI","2025","2","CY","8","Duty Correction"
"InvoiceCorrections_JI","2025","3","NL","5462","Freight Correction"
"InvoiceCorrections_JI","2025","3","PT","1654","Freight Correction"
"InvoiceCorrections_JI","2025","10","TH","21","Duty Correction"
"InvoiceCorrections_JI","2025","1","NO","414","Freight Correction"
"InvoiceCorrections_JI","2025","3","PH","7","Freight Correction"
"InvoiceCorrections_JI","2025","10","ID","16","Freight Correction"
"InvoiceCorrections_JI","2025","4","CH","531","Duty Correction"
"InvoiceCorrections_JI","2025","9","KW","12","Freight Correction"
"InvoiceCorrections_JI","2025","8","GB","799","Duty Correction"
"InvoiceCorrections_JI","2025","9","KW","3","Duty Correction"
"InvoiceCorrections_JI","2025","7","PH","33","Freight Correction"
"InvoiceCorrections_JI","2025","8","JP","16","Duty Correction"
"InvoiceCorrections_JI","2025","10","TM","2","Freight Correction"
"InvoiceCorrections_JI","2025","11","ID","10","Duty Correction"
"InvoiceCorrections_JI","2025","10","BG","380","Freight Correction"
"InvoiceCorrections_JI","2025","6","JO","198","Freight Correction"
"InvoiceCorrections_JI","2025","7","AU","17","Duty Correction"
"InvoiceCorrections_JI","2025","6","NZ","3","Freight Correction"
"InvoiceCorrections_JI","2025","4","MY","385","Freight Correction"
"InvoiceCorrections_JI","2025","6","BT","4","Freight Correction"
"InvoiceCorrections_JI","2025","6","PT","86","Duty Correction"
"InvoiceCorrections_JI","2025","11","KW","4","Freight Correction"
"InvoiceCorrections_JI","2025","5","NZ","4","Freight Correction"
"InvoiceCorrections_JI","2025","9","VN","56","Freight Correction"
"InvoiceCorrections_JI","2025","6","NZ","7","Duty Correction"
"InvoiceCorrections_JI","2025","3","GR","759","Freight Correction"
"InvoiceCorrections_JI","2025","7","PL","2093","Freight Correction"
"InvoiceCorrections_JI","2025","7","TH","1819","Freight Correction"
"InvoiceCorrections_JI","2025","5","SK","100","Duty Correction"
"InvoiceCorrections_JI","2025","1","SE","490","Freight Correction"
"InvoiceCorrections_JI","2025","2","IT","16","Duty Correction"
"InvoiceCorrections_JI","2025","2","VN","11","Freight Correction"
"InvoiceCorrections_JI","2025","3","KR","28278","Freight Correction"
"InvoiceCorrections_JI","2025","7","GR","40","Duty Correction"
"InvoiceCorrections_JI","2025","8","BE","95","Duty Correction"
"InvoiceCorrections_JI","2025","6","PT","806","Freight Correction"
"InvoiceCorrections_JI","2025","9","NZ","1","Duty Correction"
"InvoiceCorrections_JI","2025","5","AE","101","Freight Correction"
"InvoiceCorrections_JI","2025","10","SK","230","Freight Correction"
"InvoiceCorrections_JI","2025","6","CY","16","Duty Correction"
"InvoiceCorrections_JI","2025","8","RO","1186","Freight Correction"
"InvoiceCorrections_JI","2025","8","EE","48","Freight Correction"
"InvoiceCorrections_JI","2025","10","SE","177","Freight Correction"
"InvoiceCorrections_JI","2025","11","DK","225","Freight Correction"
"InvoiceCorrections_JI","2025","9","SG","59","Freight Correction"
"InvoiceCorrections_JI","2025","11","LV","54","Freight Correction"
"InvoiceCorrections_JI","2025","11","SA","129","Duty Correction"
"InvoiceCorrections_JI","2025","1","IE","132","Duty Correction"
"InvoiceCorrections_JI","2025","10","GR","31","Duty Correction"
"InvoiceCorrections_JI","2025","7","SI","7","Duty Correction"
"InvoiceCorrections_JI","2025","4","SA","19","Duty Correction"
"InvoiceCorrections_JI","2025","1","CH","1083","Duty Correction"
"InvoiceCorrections_JI","2025","1","BE","194","Duty Correction"
"InvoiceCorrections_JI","2025","7","PL","63","Duty Correction"
"InvoiceCorrections_JI","2025","9","IN","94","Freight Correction"
"InvoiceCorrections_JI","2025","4","PT","2745","Duty Correction"
"InvoiceCorrections_JI","2025","1","CZ","20","Duty Correction"
"InvoiceCorrections_JI","2025","6","SA","70","Duty Correction"
"InvoiceCorrections_JI","2025","8","PL","71","Duty Correction"
"InvoiceCorrections_JI","2025","9","TR","389","Freight Correction"
"InvoiceCorrections_JI","2025","5","MY","69","Freight Correction"
"InvoiceCorrections_JI","2025","11","JO","2","Freight Correction"
"InvoiceCorrections_JI","2025","9","SI","3","Duty Correction"
"InvoiceCorrections_JI","2025","10","AT","537","Freight Correction"
"InvoiceCorrections_JI","2025","9","ID","15","Duty Correction"
"InvoiceCorrections_JI","2025","3","VN","46","Freight Correction"
"InvoiceCorrections_JI","2025","5","LV","7","Duty Correction"
"InvoiceCorrections_JI","2025","10","EG","13","Freight Correction"
"InvoiceCorrections_JI","2025","1","ES","479","Duty Correction"
"InvoiceCorrections_JI","2025","5","IN","160","Freight Correction"
