"QueryName","YearVal","MonthVal","Country","RecordCount","OpsSourceCode"
"05_Exceptions_YH","2025","9","TH","1047","R"
"05_Exceptions_YH","2025","2","CN","78","R"
"05_Exceptions_YH","2025","9","BE","2887","R"
"05_Exceptions_YH","2025","3","JP","27","R"
"05_Exceptions_YH","2025","6","GR","61","R"
"05_Exceptions_YH","2025","5","BG","13864","R"
"05_Exceptions_YH","2025","10",,"70448","B"
"05_Exceptions_YH","2025","11","CN","79","R"
"05_Exceptions_YH","2025","8","ES","7168","R"
"05_Exceptions_YH","2025","11","FR","30520","R"
"05_Exceptions_YH","2025","7","KR","38","R"
"05_Exceptions_YH","2025","10","FI","265","R"
"05_Exceptions_YH","2025","11","MY","36","R"
"05_Exceptions_YH","2025","2","JO","2","R"
"05_Exceptions_YH","2025","10","PH","5","R"
"05_Exceptions_YH","2025","5","SA","70","R"
"05_Exceptions_YH","2025","2","AE","148","R"
"05_Exceptions_YH","2025","5","ZA","431","R"
"05_Exceptions_YH","2025","6","IE","6607","R"
"05_Exceptions_YH","2025","3","ZA","59","R"
"05_Exceptions_YH","2025","2","SG","3662","R"
"05_Exceptions_YH","2025","9","SK","30096","R"
"05_Exceptions_YH","2025","9","ID","17","R"
"05_Exceptions_YH","2025","11","TW","3","R"
"05_Exceptions_YH","2025","5","CL","14","R"
"05_Exceptions_YH","2025","4","PT","44642","R"
"05_Exceptions_YH","2025","7","BE","5554","R"
"05_Exceptions_YH","2025","7","LT","5","R"
"05_Exceptions_YH","2025","7","TH","287","R"
"05_Exceptions_YH","2025","7","UA","87","R"
"05_Exceptions_YH","2025","3","SK","61824","R"
"05_Exceptions_YH","2025","6","PT","1740","R"
"05_Exceptions_YH","2025","5","AU","529","R"
"05_Exceptions_YH","2025","11","VN","5","R"
"05_Exceptions_YH","2025","5","CH","6658","R"
"05_Exceptions_YH","2025","9","JP","27","R"
"05_Exceptions_YH","2025","2","KR","28","R"
"05_Exceptions_YH","2025","2","KE","1","R"
"05_Exceptions_YH","2025","7","PT","1869","R"
"05_Exceptions_YH","2025","8","BT","18","R"
"05_Exceptions_YH","2025","8","LT","3","R"
"05_Exceptions_YH","2025","6",,"62420","B"
"05_Exceptions_YH","2025","9","LT","9","R"
"05_Exceptions_YH","2025","10","BT","13","R"
"05_Exceptions_YH","2025","8","PT","1592","R"
"05_Exceptions_YH","2025","2",,"88419","B"
"05_Exceptions_YH","2025","1","LV","59","R"
"05_Exceptions_YH","2025","1","IE","10318","R"
"05_Exceptions_YH","2025","5","ES","8100","R"
"05_Exceptions_YH","2025","10","HU","535","R"
"05_Exceptions_YH","2025","4","SK","48362","R"
"05_Exceptions_YH","2025","3","CH","6955","R"
"05_Exceptions_YH","2025","6","SA","53","R"
"05_Exceptions_YH","2025","9","SI","8","R"
"05_Exceptions_YH","2025","11","AE","470","R"
"05_Exceptions_YH","2025","10","FJ","60","R"
"05_Exceptions_YH","2025","2","ZA","414","R"
"05_Exceptions_YH","2025","4","CL","9","R"
"05_Exceptions_YH","2025","8","NL","76631","R"
"05_Exceptions_YH","2025","11","LT","29","R"
"05_Exceptions_YH","2025","1","TH","1104","R"
"05_Exceptions_YH","2025","2","IL","35","R"
"05_Exceptions_YH","2025","3","NO","154","R"
"05_Exceptions_YH","2025","8","FI","283","R"
"05_Exceptions_YH","2025","3","LV","69","R"
"05_Exceptions_YH","2025","6","NO","142","R"
"05_Exceptions_YH","2025","7","CN","78","R"
"05_Exceptions_YH","2025","4","EE","329","R"
"05_Exceptions_YH","2025","1","KW","74","R"
"05_Exceptions_YH","2025","3","FR","38770","R"
"05_Exceptions_YH","2025","1","ZA","137","R"
"05_Exceptions_YH","2025","4","SA","40","R"
"05_Exceptions_YH","2025","5","BT","17","R"
"05_Exceptions_YH","2025","2","SI","27","R"
"05_Exceptions_YH","2025","9","NL","125415","R"
"05_Exceptions_YH","2025","5","JO","3","R"
"05_Exceptions_YH","2025","5","EE","380","R"
"05_Exceptions_YH","2025","6","LV","45","R"
"05_Exceptions_YH","2025","4","BT","14","R"
"05_Exceptions_YH","2025","8","CN","77","R"
"05_Exceptions_YH","2025","6","IN","51","R"
"05_Exceptions_YH","2025","5","TH","1374","R"
"05_Exceptions_YH","2025","6","EG","13","R"
"05_Exceptions_YH","2025","8","IE","6062","R"
"05_Exceptions_YH","2025","7",,"90041","B"
"05_Exceptions_YH","2025","1","CZ","5250","R"
"05_Exceptions_YH","2025","10","PL","19663","R"
"05_Exceptions_YH","2025","3","BH","39","R"
"05_Exceptions_YH","2025","5","BH","44","R"
"05_Exceptions_YH","2025","7","LU","205","R"
"05_Exceptions_YH","2025","4","SI","3","R"
"05_Exceptions_YH","2025","11","AT","827","R"
"05_Exceptions_YH","2025","1","IT","21048","R"
"05_Exceptions_YH","2025","3","PH","3","R"
"05_Exceptions_YH","2025","1",,"99891","B"
"05_Exceptions_YH","2025","2","EE","333","R"
"05_Exceptions_YH","2025","8","IT","6113","R"
"05_Exceptions_YH","2025","4","BH","42","R"
"05_Exceptions_YH","2025","11","ZA","161","R"
"05_Exceptions_YH","2025","7","IL","40","R"
"05_Exceptions_YH","2025","4","RO","250","R"
"05_Exceptions_YH","2025","6","BT","17","R"
"05_Exceptions_YH","2025","3","BE","4790","R"
"05_Exceptions_YH","2025","8","KW","79","R"
"05_Exceptions_YH","2025","3","NL","136870","R"
"05_Exceptions_YH","2025","1","AE","141","R"
"05_Exceptions_YH","2025","10","UA","69","R"
"05_Exceptions_YH","2025","4","VN","314","R"
"05_Exceptions_YH","2025","11","LV","39","R"
"05_Exceptions_YH","2025","6","GB","10395","R"
"05_Exceptions_YH","2025","3","ID","20","R"
"05_Exceptions_YH","2025","1",,"50142","R"
"05_Exceptions_YH","2025","11","IN","50","R"
"05_Exceptions_YH","2025","9","PH","1","R"
"05_Exceptions_YH","2025","10","LV","51","R"
"05_Exceptions_YH","2025","9","HU","609","R"
"05_Exceptions_YH","2025","11","TR","893","R"
"05_Exceptions_YH","2025","3","AE","101","R"
"05_Exceptions_YH","2025","4","EG","7","R"
"05_Exceptions_YH","2025","1","DK","500","R"
"05_Exceptions_YH","2025","4","IE","6507","R"
"05_Exceptions_YH","2025","9","NO","123","R"
"05_Exceptions_YH","2025","4","CY","5463","R"
"05_Exceptions_YH","2025","1","CL","18","R"
"05_Exceptions_YH","2025","10","SK","30018","R"
"05_Exceptions_YH","2025","3","TW","14","R"
"05_Exceptions_YH","2025","4","ES","8896","R"
"05_Exceptions_YH","2025","5","LV","71","R"
"05_Exceptions_YH","2025","5","AE","451","R"
"05_Exceptions_YH","2025","9","AU","471","R"
"05_Exceptions_YH","2025","3","BT","26","R"
"05_Exceptions_YH","2025","6","RO","273","R"
"05_Exceptions_YH","2025","1","EE","430","R"
"05_Exceptions_YH","2025","1","JO","8","R"
"05_Exceptions_YH","2025","8","MY","1446","R"
"05_Exceptions_YH","2025","11","HK","353","R"
"05_Exceptions_YH","2025","7","FR","29096","R"
"05_Exceptions_YH","2025","11","IL","23","R"
"05_Exceptions_YH","2025","11","BH","32","R"
"05_Exceptions_YH","2025","3","CN","76","R"
"05_Exceptions_YH","2025","7","BH","34","R"
"05_Exceptions_YH","2025","6","ES","6574","R"
"05_Exceptions_YH","2025","6","BE","5065","R"
"05_Exceptions_YH","2025","11",,"13264","I"
"05_Exceptions_YH","2025","6","HU","125","R"
"05_Exceptions_YH","2025","7","EE","233","R"
"05_Exceptions_YH","2025","2","HK","187","R"
"05_Exceptions_YH","2025","5","UA","47","R"
"05_Exceptions_YH","2025","4","BE","4043","R"
"05_Exceptions_YH","2025","5","FR","33051","R"
"05_Exceptions_YH","2025","9","PL","4374","R"
"05_Exceptions_YH","2025","8","PH","3","R"
"05_Exceptions_YH","2025","4","FI","316","R"
"05_Exceptions_YH","2025","1","GB","10051","R"
"05_Exceptions_YH","2025","7","TM","7","R"
"05_Exceptions_YH","2025","5","CY","6096","R"
"05_Exceptions_YH","2025","4","NO","164","R"
"05_Exceptions_YH","2025","7","FJ","14","R"
"05_Exceptions_YH","2025","6",,"44181","R"
"05_Exceptions_YH","2025","11","NL","162445","R"
"05_Exceptions_YH","2025","7","FI","242","R"
"05_Exceptions_YH","2025","5",,"16408","I"
"05_Exceptions_YH","2025","10","SE","6335","R"
"05_Exceptions_YH","2025","11","AU","403","R"
"05_Exceptions_YH","2025","5","AT","1162","R"
"05_Exceptions_YH","2025","4","MY","73","R"
"05_Exceptions_YH","2025","4","LV","98","R"
"05_Exceptions_YH","2025","4","FJ","8","R"
"05_Exceptions_YH","2025","6","VN","47","R"
"05_Exceptions_YH","2025","1","NA","2","R"
"05_Exceptions_YH","2025","1","SG","3353","R"
"05_Exceptions_YH","2025","1","LU","149","R"
"05_Exceptions_YH","2025","1","IL","51","R"
"05_Exceptions_YH","2025","2","SA","65","R"
"05_Exceptions_YH","2025","7","NL","111010","R"
"05_Exceptions_YH","2025","3","HU","145","R"
"05_Exceptions_YH","2025","5","GR","64","R"
"05_Exceptions_YH","2025","11","EE","281","R"
"05_Exceptions_YH","2025","9","ZA","238","R"
"05_Exceptions_YH","2025","8","BE","2853","R"
"05_Exceptions_YH","2025","9","AE","412","R"
"05_Exceptions_YH","2025","6","TM","10","R"
"05_Exceptions_YH","2025","7","JP","31","R"
"05_Exceptions_YH","2025","8","GR","47","R"
"05_Exceptions_YH","2025","1","JP","31","R"
"05_Exceptions_YH","2025","2","ES","20887","R"
"05_Exceptions_YH","2025","11","EG","13","R"
"05_Exceptions_YH","2025","6","SE","5186","R"
"05_Exceptions_YH","2025","4","ZA","457","R"
"05_Exceptions_YH","2025","11","BG","15472","R"
"05_Exceptions_YH","2025","10","PT","1878","R"
"05_Exceptions_YH","2025","3","SE","5770","R"
"05_Exceptions_YH","2025","2","GR","1194","R"
"05_Exceptions_YH","2025","5","MY","109","R"
"05_Exceptions_YH","2025","2","EG","11","R"
"05_Exceptions_YH","2025","2","PL","4922","R"
"05_Exceptions_YH","2025","11","PH","4","R"
"05_Exceptions_YH","2025","11","PL","21518","R"
"05_Exceptions_YH","2025","2","CL","31","R"
"05_Exceptions_YH","2025","5","BE","2995","R"
"05_Exceptions_YH","2025","4","IN","51","R"
"05_Exceptions_YH","2025","3","UA","49","R"
"05_Exceptions_YH","2025","7","IN","60","R"
"05_Exceptions_YH","2025","10","RO","263","R"
"05_Exceptions_YH","2025","3","KW","72","R"
"05_Exceptions_YH","2025","10",,"13147","I"
"05_Exceptions_YH","2025","8","FJ","16","R"
"05_Exceptions_YH","2025","4","GB","12261","R"
"05_Exceptions_YH","2025","1","EG","8","R"
"05_Exceptions_YH","2025","4","IL","26","R"
"05_Exceptions_YH","2025","7","KW","67","R"
"05_Exceptions_YH","2025","3","SA","53","R"
"05_Exceptions_YH","2025","7","LV","36","R"
"05_Exceptions_YH","2025","10","CY","508","R"
"05_Exceptions_YH","2025","2","PT","55528","R"
"05_Exceptions_YH","2025","1","TW","9","R"
"05_Exceptions_YH","2025","1","RO","217","R"
"05_Exceptions_YH","2025","11","SK","22909","R"
"05_Exceptions_YH","2025","10","HK","299","R"
"05_Exceptions_YH","2025","2","LV","63","R"
"05_Exceptions_YH","2025","5","HK","270","R"
"05_Exceptions_YH","2025","8","TW","12","R"
"05_Exceptions_YH","2025","7","CY","9031","R"
"05_Exceptions_YH","2025","1","ES","8107","R"
"05_Exceptions_YH","2025","1","HU","82","R"
"05_Exceptions_YH","2025","7","AE","511","R"
"05_Exceptions_YH","2025","1","VN","4","R"
"05_Exceptions_YH","2025","6","AU","546","R"
"05_Exceptions_YH","2025","2","AU","521","R"
"05_Exceptions_YH","2025","5","IE","7717","R"
"05_Exceptions_YH","2025","11","BT","19","R"
"05_Exceptions_YH","2025","8","BH","38","R"
"05_Exceptions_YH","2025","6","LT","4","R"
"05_Exceptions_YH","2025","4","BG","11627","R"
"05_Exceptions_YH","2025","9","FJ","4","R"
"05_Exceptions_YH","2025","6","FI","273","R"
"05_Exceptions_YH","2025","1","NL","96012","R"
"05_Exceptions_YH","2025","1","PT","44762","R"
"05_Exceptions_YH","2025","8",,"11454","I"
"05_Exceptions_YH","2025","10","NL","98134","R"
"05_Exceptions_YH","2025","3",,"83154","B"
"05_Exceptions_YH","2025","10","IL","35","R"
"05_Exceptions_YH","2025","8","LU","107","R"
"05_Exceptions_YH","2025","6","FR","28574","R"
"05_Exceptions_YH","2025","2","TH","1187","R"
"05_Exceptions_YH","2025","2","MT","2","R"
"05_Exceptions_YH","2025","9","FR","28654","R"
"05_Exceptions_YH","2025","9","LV","24","R"
"05_Exceptions_YH","2025","6","AT","967","R"
"05_Exceptions_YH","2025","8",,"24431","R"
"05_Exceptions_YH","2025","3","FJ","9","R"
"05_Exceptions_YH","2025","4",,"84462","B"
"05_Exceptions_YH","2025","1","BT","25","R"
"05_Exceptions_YH","2025","1","SK","68385","R"
"05_Exceptions_YH","2025","9","CH","4829","R"
"05_Exceptions_YH","2025","4","CN","89","R"
"05_Exceptions_YH","2025","2","KW","64","R"
"05_Exceptions_YH","2025","2","CZ","13857","R"
"05_Exceptions_YH","2025","2","TR","1365","R"
"05_Exceptions_YH","2025","1","CY","5784","R"
"05_Exceptions_YH","2025","1","GR","59","R"
"05_Exceptions_YH","2025","3","BG","11361","R"
"05_Exceptions_YH","2025","7","BG","21667","R"
"05_Exceptions_YH","2025","11","HU","515","R"
"05_Exceptions_YH","2025","3","CL","17","R"
"05_Exceptions_YH","2025","10","GR","42","R"
"05_Exceptions_YH","2025","11","LU","7","R"
"05_Exceptions_YH","2025","1","BE","8307","R"
"05_Exceptions_YH","2025","1","AT","1229","R"
"05_Exceptions_YH","2025","9","CY","1330","R"
"05_Exceptions_YH","2025","7","CZ","9287","R"
"05_Exceptions_YH","2025","11","GR","45","R"
"05_Exceptions_YH","2025","2","GB","11236","R"
"05_Exceptions_YH","2025","4","TR","1199","R"
"05_Exceptions_YH","2025","7","GR","65","R"
"05_Exceptions_YH","2025","1","AU","518","R"
"05_Exceptions_YH","2025","6","BH","36","R"
"05_Exceptions_YH","2025","11","NO","154","R"
"05_Exceptions_YH","2025","11","IE","2203","R"
"05_Exceptions_YH","2025","7","JO","3","R"
"05_Exceptions_YH","2025","3","DK","230","R"
"05_Exceptions_YH","2025","6","DK","179","R"
"05_Exceptions_YH","2025","5","RO","291","R"
"05_Exceptions_YH","2025","9","TR","1292","R"
"05_Exceptions_YH","2025","1","BG","8937","R"
"05_Exceptions_YH","2025","8","TH","763","R"
"05_Exceptions_YH","2025","9","HK","281","R"
"05_Exceptions_YH","2025","2","HU","100","R"
"05_Exceptions_YH","2025","1","FR","40364","R"
"05_Exceptions_YH","2025","1","NO","184","R"
"05_Exceptions_YH","2025","11","KW","53","R"
"05_Exceptions_YH","2025","4","HU","157","R"
"05_Exceptions_YH","2025","11","SE","4225","R"
"05_Exceptions_YH","2025","7","VN","5","R"
"05_Exceptions_YH","2025","4","UA","62","R"
"05_Exceptions_YH","2025","7","ID","13","R"
"05_Exceptions_YH","2025","7","AU","530","R"
"05_Exceptions_YH","2025","8","IL","40","R"
"05_Exceptions_YH","2025","11","UA","37","R"
"05_Exceptions_YH","2025","10","KR","23","R"
"05_Exceptions_YH","2025","6","PH","2","R"
"05_Exceptions_YH","2025","2","IN","49","R"
"05_Exceptions_YH","2025","8","AE","137","R"
"05_Exceptions_YH","2025","7","CL","25","R"
"05_Exceptions_YH","2025","8","RO","273","R"
"05_Exceptions_YH","2025","8","LV","48","R"
"05_Exceptions_YH","2025","5","PT","10686","R"
"05_Exceptions_YH","2025","2","BG","9700","R"
"05_Exceptions_YH","2025","8","EG","17","R"
"05_Exceptions_YH","2025","11","PT","1560","R"
"05_Exceptions_YH","2025","4","JO","3","R"
"05_Exceptions_YH","2025","1","KE","1","R"
"05_Exceptions_YH","2025","3","AT","1068","R"
"05_Exceptions_YH","2025","7","NZ","4","R"
"05_Exceptions_YH","2025","4","FR","52753","R"
"05_Exceptions_YH","2025","4","LT","5","R"
"05_Exceptions_YH","2025","5","LT","5","R"
"05_Exceptions_YH","2025","6","KW","55","R"
"05_Exceptions_YH","2025","8","SG","3274","R"
"05_Exceptions_YH","2025","9","AT","728","R"
"05_Exceptions_YH","2025","4","JP","26","R"
"05_Exceptions_YH","2025","7","PL","3504","R"
"05_Exceptions_YH","2025","8","NO","133","R"
"05_Exceptions_YH","2025","6","CN","71","R"
"05_Exceptions_YH","2025","6","SK","38895","R"
"05_Exceptions_YH","2025","5","ID","16","R"
"05_Exceptions_YH","2025","10","CN","74","R"
"05_Exceptions_YH","2025","7","HU","497","R"
"05_Exceptions_YH","2025","10","TR","1099","R"
"05_Exceptions_YH","2025","3","HK","522","R"
"05_Exceptions_YH","2025","1","KR","17","R"
"05_Exceptions_YH","2025","2","RO","279","R"
"05_Exceptions_YH","2025","6","ID","24","R"
"05_Exceptions_YH","2025","1","IN","41","R"
"05_Exceptions_YH","2025","4","TH","1239","R"
"05_Exceptions_YH","2025","5","IL","47","R"
"05_Exceptions_YH","2025","5","SE","5460","R"
"05_Exceptions_YH","2025","10","KW","92","R"
"05_Exceptions_YH","2025","8","SK","30446","R"
"05_Exceptions_YH","2025","9",,"12429","I"
"05_Exceptions_YH","2025","4","SG","2649","R"
"05_Exceptions_YH","2025","10","DK","221","R"
"05_Exceptions_YH","2025","7","SI","4","R"
"05_Exceptions_YH","2025","9","GB","6183","R"
"05_Exceptions_YH","2025","9","MY","2836","R"
"05_Exceptions_YH","2025","10","ES","8054","R"
"05_Exceptions_YH","2025","8","IN","69","R"
"05_Exceptions_YH","2025","5","CZ","12249","R"
"05_Exceptions_YH","2025","2","IE","6125","R"
"05_Exceptions_YH","2025","4","PL","5597","R"
"05_Exceptions_YH","2025","9","TW","12","R"
"05_Exceptions_YH","2025","3","FI","264","R"
"05_Exceptions_YH","2025","3","GR","290","R"
"05_Exceptions_YH","2025","6","KR","30","R"
"05_Exceptions_YH","2025","9","RO","288","R"
"05_Exceptions_YH","2025","11","CY","476","R"
"05_Exceptions_YH","2025","9","DK","186","R"
"05_Exceptions_YH","2025","9","SA","86","R"
"05_Exceptions_YH","2025","6","SG","2975","R"
"05_Exceptions_YH","2025","6","FJ","10","R"
"05_Exceptions_YH","2025","3","IN","17","R"
"05_Exceptions_YH","2025","3","GB","9162","R"
"05_Exceptions_YH","2025","10","MY","71","R"
"05_Exceptions_YH","2025","7","SG","3107","R"
"05_Exceptions_YH","2025","8","UA","51","R"
"05_Exceptions_YH","2025","3","EG","22","R"
"05_Exceptions_YH","2025","7","IE","8362","R"
"05_Exceptions_YH","2025","7","EG","16","R"
"05_Exceptions_YH","2025","8","SA","82","R"
"05_Exceptions_YH","2025","1","SE","6804","R"
"05_Exceptions_YH","2025","7","GB","7637","R"
"05_Exceptions_YH","2025","5","JP","30","R"
"05_Exceptions_YH","2025","5","FI","282","R"
"05_Exceptions_YH","2025","6","UA","41","R"
"05_Exceptions_YH","2025","8","FR","25701","R"
"05_Exceptions_YH","2025","1","LT","11","R"
"05_Exceptions_YH","2025","11","RO","268","R"
"05_Exceptions_YH","2025","8","JO","3","R"
"05_Exceptions_YH","2025","10","SI","9","R"
"05_Exceptions_YH","2025","10","CH","6228","R"
"05_Exceptions_YH","2025","3","KR","38","R"
"05_Exceptions_YH","2025","9","BT","17","R"
"05_Exceptions_YH","2025","8","CL","7","R"
"05_Exceptions_YH","2025","1","BH","64","R"
"05_Exceptions_YH","2025","9","KW","73","R"
"05_Exceptions_YH","2025","8","SE","6388","R"
"05_Exceptions_YH","2025","8","NZ","2","R"
"05_Exceptions_YH","2025","7","DK","208","R"
"05_Exceptions_YH","2025","9","NZ","2","R"
"05_Exceptions_YH","2025","5",,"114702","B"
"05_Exceptions_YH","2025","11","DK","156","R"
"05_Exceptions_YH","2025","10","BH","53","R"
"05_Exceptions_YH","2025","10","SA","89","R"
"05_Exceptions_YH","2025","2",,"15613","I"
"05_Exceptions_YH","2025","4","ID","15","R"
"05_Exceptions_YH","2025","3","PL","5962","R"
"05_Exceptions_YH","2025","10","JP","26","R"
"05_Exceptions_YH","2025","2","IT","7484","R"
"05_Exceptions_YH","2025","5","HU","198","R"
"05_Exceptions_YH","2025","9","TM","8","R"
"05_Exceptions_YH","2025","10","CZ","11139","R"
"05_Exceptions_YH","2025","4","AU","517","R"
"05_Exceptions_YH","2025","6","LU","168","R"
"05_Exceptions_YH","2025","8","GB","6381","R"
"05_Exceptions_YH","2025","2","BT","19","R"
"05_Exceptions_YH","2025","3","NZ","14","R"
"05_Exceptions_YH","2025","4","KR","23","R"
"05_Exceptions_YH","2025","1","PH","4","R"
"05_Exceptions_YH","2025","10","CL","3","R"
"05_Exceptions_YH","2025","7",,"12683","I"
"05_Exceptions_YH","2025","7","MY","91","R"
"05_Exceptions_YH","2025","6","HK","169","R"
"05_Exceptions_YH","2025","10","EE","342","R"
"05_Exceptions_YH","2025","4",,"31635","R"
"05_Exceptions_YH","2025","9","CL","3","R"
"05_Exceptions_YH","2025","10","TW","7","R"
"05_Exceptions_YH","2025","11","CH","6681","R"
"05_Exceptions_YH","2025","2","LT","8","R"
"05_Exceptions_YH","2025","3","IT","7520","R"
"05_Exceptions_YH","2025","5","TM","3","R"
"05_Exceptions_YH","2025","5","SG","3057","R"
"05_Exceptions_YH","2025","2","TW","11","R"
"05_Exceptions_YH","2025","3","CY","5487","R"
"05_Exceptions_YH","2025","6","NZ","7","R"
"05_Exceptions_YH","2025","3","LT","2","R"
"05_Exceptions_YH","2025","11",,"50238","R"
"05_Exceptions_YH","2025","4","LU","227","R"
"05_Exceptions_YH","2025","6","JO","1","R"
"05_Exceptions_YH","2025","6","TH","730","R"
"05_Exceptions_YH","2025","9","BH","34","R"
"05_Exceptions_YH","2025","5","TR","1544","R"
"05_Exceptions_YH","2025","2","TM","6","R"
"05_Exceptions_YH","2025","1",,"23786","I"
"05_Exceptions_YH","2025","2","BH","43","R"
"05_Exceptions_YH","2025","4","IT","3806","R"
"05_Exceptions_YH","2025","6","CZ","2671","R"
"05_Exceptions_YH","2025","8","TR","1196","R"
"05_Exceptions_YH","2025","6",,"14699","I"
"05_Exceptions_YH","2025","10","GB","11340","R"
"05_Exceptions_YH","2025","10","EG","4","R"
"05_Exceptions_YH","2025","11","CZ","5113","R"
"05_Exceptions_YH","2025","7","SA","54","R"
"05_Exceptions_YH","2025","8","AR","1","R"
"05_Exceptions_YH","2025","6","BG","2774","R"
"05_Exceptions_YH","2025","8","ZA","165","R"
"05_Exceptions_YH","2025","5","KW","48","R"
"05_Exceptions_YH","2025","10","ZA","238","R"
"05_Exceptions_YH","2025","9","ES","8415","R"
"05_Exceptions_YH","2025","6","TW","27","R"
"05_Exceptions_YH","2025","1","CN","80","R"
"05_Exceptions_YH","2025","2","SK","91382","R"
"05_Exceptions_YH","2025","7","NO","115","R"
"05_Exceptions_YH","2025","2","FJ","12","R"
"05_Exceptions_YH","2025","9","IE","5142","R"
"05_Exceptions_YH","2025","9","BG","10051","R"
"05_Exceptions_YH","2025","7","ZA","460","R"
"05_Exceptions_YH","2025","10","AT","871","R"
"05_Exceptions_YH","2025","4","CZ","6626","R"
"05_Exceptions_YH","2025","6","SI","4","R"
"05_Exceptions_YH","2025","6","JP","20","R"
"05_Exceptions_YH","2025","9","VN","4","R"
"05_Exceptions_YH","2025","2","PH","1","R"
"05_Exceptions_YH","2025","8","HK","194","R"
"05_Exceptions_YH","2025","2","NL","206977","R"
"05_Exceptions_YH","2025","9","SG","2855","R"
"05_Exceptions_YH","2025","11","BE","8243","R"
"05_Exceptions_YH","2025","8","AT","724","R"
"05_Exceptions_YH","2025","9","LU","36","R"
"05_Exceptions_YH","2025","1","HK","148","R"
"05_Exceptions_YH","2025","2","CY","5582","R"
"05_Exceptions_YH","2025","1","SI","117","R"
"05_Exceptions_YH","2025","9","KR","25","R"
"05_Exceptions_YH","2025","4","KW","73","R"
"05_Exceptions_YH","2025","2","CH","6856","R"
"05_Exceptions_YH","2025","9","EE","325","R"
"05_Exceptions_YH","2025","6","MY","76","R"
"05_Exceptions_YH","2025","11","ES","7030","R"
"05_Exceptions_YH","2025","10","IN","752","R"
"05_Exceptions_YH","2025","5","PL","4266","R"
"05_Exceptions_YH","2025","2","FR","56333","R"
"05_Exceptions_YH","2025","6","EE","353","R"
"05_Exceptions_YH","2025","5","TW","6","R"
"05_Exceptions_YH","2025","8","AU","567","R"
"05_Exceptions_YH","2025","11","TM","5","R"
"05_Exceptions_YH","2025","3","MT","1","R"
"05_Exceptions_YH","2025","7","ES","7247","R"
"05_Exceptions_YH","2025","5","NL","121068","R"
"05_Exceptions_YH","2025","2","VN","8","R"
"05_Exceptions_YH","2025","7","PH","3","R"
"05_Exceptions_YH","2025","6","CL","13","R"
"05_Exceptions_YH","2025","2","NO","195","R"
"05_Exceptions_YH","2025","8","PL","15720","R"
"05_Exceptions_YH","2025","10","LU","13","R"
"05_Exceptions_YH","2025","5",,"26504","R"
"05_Exceptions_YH","2025","2","UA","33","R"
"05_Exceptions_YH","2025","9","FI","261","R"
"05_Exceptions_YH","2025","6","IL","23","R"
"05_Exceptions_YH","2025","10",,"27306","R"
"05_Exceptions_YH","2025","11","KR","20","R"
"05_Exceptions_YH","2025","3","VN","50","R"
"05_Exceptions_YH","2025","10","LT","6","R"
"05_Exceptions_YH","2025","8","VN","6","R"
"05_Exceptions_YH","2025","2","MY","1019","R"
"05_Exceptions_YH","2025","11",,"49303","B"
"05_Exceptions_YH","2025","2","FI","219","R"
"05_Exceptions_YH","2025","10","BE","3911","R"
"05_Exceptions_YH","2025","9","CZ","8108","R"
"05_Exceptions_YH","2025","7","SE","5095","R"
"05_Exceptions_YH","2025","6","CY","3500","R"
"05_Exceptions_YH","2025","4","NZ","2","R"
"05_Exceptions_YH","2025","5","NO","168","R"
"05_Exceptions_YH","2025","3","TM","11","R"
"05_Exceptions_YH","2025","8","BG","11477","R"
"05_Exceptions_YH","2025","1","TR","1109","R"
"05_Exceptions_YH","2025","10","AU","531","R"
"05_Exceptions_YH","2025","1","FI","292","R"
"05_Exceptions_YH","2025","10","BG","38234","R"
"05_Exceptions_YH","2025","11","TH","197","R"
"05_Exceptions_YH","2025","1","FJ","10","R"
"05_Exceptions_YH","2025","1","MT","3","R"
"05_Exceptions_YH","2025","7","AT","1037","R"
"05_Exceptions_YH","2025","9",,"57258","B"
"05_Exceptions_YH","2025","3","CZ","9141","R"
"05_Exceptions_YH","2025","10","AE","382","R"
"05_Exceptions_YH","2025","8","HU","553","R"
"05_Exceptions_YH","2025","7","CH","6204","R"
"05_Exceptions_YH","2025","4","AE","280","R"
"05_Exceptions_YH","2025","3",,"16677","I"
"05_Exceptions_YH","2025","10","FR","32102","R"
"05_Exceptions_YH","2025","6","TR","1354","R"
"05_Exceptions_YH","2025","6","NL","112470","R"
"05_Exceptions_YH","2025","2","SE","5830","R"
"05_Exceptions_YH","2025","5","FJ","15","R"
"05_Exceptions_YH","2025","3","RO","250","R"
"05_Exceptions_YH","2025","2","AT","2404","R"
"05_Exceptions_YH","2025","1","NZ","4","R"
"05_Exceptions_YH","2025","4","TM","4","R"
"05_Exceptions_YH","2025","9","IT","5667","R"
"05_Exceptions_YH","2025","3","MY","562","R"
"05_Exceptions_YH","2025","8","CY","4139","R"
"05_Exceptions_YH","2025","11","GB","7135","R"
"05_Exceptions_YH","2025","5","LU","188","R"
"05_Exceptions_YH","2025","10","ID","26","R"
"05_Exceptions_YH","2025","10","TH","299","R"
"05_Exceptions_YH","2025","11","SG","3925","R"
"05_Exceptions_YH","2025","1","PL","2634","R"
"05_Exceptions_YH","2025","4","NL","108326","R"
"05_Exceptions_YH","2025","7","HK","395","R"
"05_Exceptions_YH","2025","1","CH","5702","R"
"05_Exceptions_YH","2025","5","CN","77","R"
"05_Exceptions_YH","2025","8","EE","359","R"
"05_Exceptions_YH","2025","11","ID","7","R"
"05_Exceptions_YH","2025","9","GR","46","R"
"05_Exceptions_YH","2025","3","EE","339","R"
"05_Exceptions_YH","2025","8","ID","9","R"
"05_Exceptions_YH","2025","7","SK","68251","R"
"05_Exceptions_YH","2025","5","VN","8","R"
"05_Exceptions_YH","2025","4","HK","408","R"
"05_Exceptions_YH","2025","8",,"57111","B"
"05_Exceptions_YH","2025","3","LU","254","R"
"05_Exceptions_YH","2025","5","KR","40","R"
"05_Exceptions_YH","2025","11","JP","17","R"
"05_Exceptions_YH","2025","2","BE","9081","R"
"05_Exceptions_YH","2025","10","VN","12","R"
"05_Exceptions_YH","2025","4","DK","201","R"
"05_Exceptions_YH","2025","3","IL","42","R"
"05_Exceptions_YH","2025","5","IN","67","R"
"05_Exceptions_YH","2025","7","RO","331","R"
"05_Exceptions_YH","2025","2","LU","224","R"
"05_Exceptions_YH","2025","4","GR","70","R"
"05_Exceptions_YH","2025","3","ES","9571","R"
"05_Exceptions_YH","2025","3","JO","2","R"
"05_Exceptions_YH","2025","9","AR","1","R"
"05_Exceptions_YH","2025","5","SK","79469","R"
"05_Exceptions_YH","2025","7",,"30144","R"
"05_Exceptions_YH","2025","2","ID","10","R"
"05_Exceptions_YH","2025","1","SA","95","R"
"05_Exceptions_YH","2025","6","ZA","255","R"
"05_Exceptions_YH","2025","8","DK","211","R"
"05_Exceptions_YH","2025","10","JO","1","R"
"05_Exceptions_YH","2025","4","CH","6864","R"
"05_Exceptions_YH","2025","5","DK","212","R"
"05_Exceptions_YH","2025","3","PT","40441","R"
"05_Exceptions_YH","2025","8","KR","26","R"
"05_Exceptions_YH","2025","10","TM","7","R"
"05_Exceptions_YH","2025","4","SE","8152","R"
"05_Exceptions_YH","2025","9","JO","8","R"
"05_Exceptions_YH","2025","2","DK","269","R"
"05_Exceptions_YH","2025","11","SA","62","R"
"05_Exceptions_YH","2025","4","PH","1","R"
"05_Exceptions_YH","2025","4","TW","9","R"
"05_Exceptions_YH","2025","9","UA","71","R"
"05_Exceptions_YH","2025","10","IT","6294","R"
"05_Exceptions_YH","2025","9","SE","5990","R"
"05_Exceptions_YH","2025","9","IN","196","R"
"05_Exceptions_YH","2025","6","AE","218","R"
"05_Exceptions_YH","2025","1","MY","88","R"
"05_Exceptions_YH","2025","11","JO","2","R"
"05_Exceptions_YH","2025","6","IT","7489","R"
"05_Exceptions_YH","2025","1","TM","4","R"
"05_Exceptions_YH","2025","11","FI","218","R"
"05_Exceptions_YH","2025","1","UA","34","R"
"05_Exceptions_YH","2025","5","SI","4","R"
"05_Exceptions_YH","2025","9","IL","38","R"
"05_Exceptions_YH","2025","10","NO","135","R"
"05_Exceptions_YH","2025","6","PL","3125","R"
"05_Exceptions_YH","2025","3",,"32770","R"
"05_Exceptions_YH","2025","9",,"24660","R"
"05_Exceptions_YH","2025","7","IT","7929","R"
"05_Exceptions_YH","2025","3","SG","4089","R"
"05_Exceptions_YH","2025","10","IE","4788","R"
"05_Exceptions_YH","2025","2","JP","24","R"
"05_Exceptions_YH","2025","4","AT","856","R"
"05_Exceptions_YH","2025","4",,"16882","I"
"05_Exceptions_YH","2025","11","IT","4351","R"
"05_Exceptions_YH","2025","5","IT","5247","R"
"05_Exceptions_YH","2025","3","TH","1209","R"
"05_Exceptions_YH","2025","1","ID","15","R"
"05_Exceptions_YH","2025","2",,"37572","R"
"05_Exceptions_YH","2025","6","CH","5037","R"
"05_Exceptions_YH","2025","3","IE","6665","R"
"05_Exceptions_YH","2025","11","SI","3","R"
"05_Exceptions_YH","2025","8","SI","9","R"
"05_Exceptions_YH","2025","10","SG","6580","R"
"05_Exceptions_YH","2025","3","TR","1656","R"
"05_Exceptions_YH","2025","8","CZ","6495","R"
"05_Exceptions_YH","2025","8","TM","3","R"
"05_Exceptions_YH","2025","8","JP","89","R"
"05_Exceptions_YH","2025","5","EG","2","R"
"05_Exceptions_YH","2025","9","CN","55","R"
"05_Exceptions_YH","2025","3","SI","7","R"
"05_Exceptions_YH","2025","7","TW","8","R"
"05_Exceptions_YH","2025","9","PT","1575","R"
"05_Exceptions_YH","2025","7","TR","1473","R"
"05_Exceptions_YH","2025","11","FJ","3","R"
"05_Exceptions_YH","2025","7","BT","15","R"
"05_Exceptions_YH","2025","5","GB","6696","R"
"05_Exceptions_YH","2025","8","CH","4441","R"
"05_Exceptions_YH","2025","3","AU","572","R"
"05_Exceptions_YH","2025","10","NZ","2","R"
