"YearVal","MonthVal","Country","RecordCount","Division"
"2025","12","IE","9","Z"
"2025","7","TW","2","Z"
"2025","4","CY","3036","FX"
"2025","12","SI","236","D"
"2025","4","CL","18","S"
"2025","2","ID","4","D"
"2025","11","ID","2","D"
"2025","6","BH","46","S"
"2025","11","BH","31","G"
"2025","5","FI","354","D"
"2025","6","FR","5666","G"
"2025","8","HU","296","S"
"2025","6","TW","67","G"
"2025","7","CY","15","D"
"2025","12","BG","552","G"
"2025","9","KW","37","G"
"2025","8","NO","50","Z"
"2025","12","IE","1","W"
"2025","1","FJ","48","D"
"2025","1","GB","20","D"
"2025","7","LU","11","Z"
"2025","4","HU","1615","D"
"2025","5","MT","243","G"
"2025","9","FI","91","S"
"2025","10","BG","854","FX"
"2025","9","KR","3","Z"
"2025","8","LU","53","D"
"2025","10","NO","55","Z"
"2025","3","IE","259","D"
"2025","9","SI","7","Z"
"2025","6","FI","328","D"
"2025","6","PT","3411","D"
"2025","9","IT","1","D"
"2025","4","EG","58","G"
"2025","1","AT","68","Z"
"2025","11","BG","976","G"
"2025","10","ID","168","G"
"2025","2","LV","16","Z"
"2025","4","TR","169","Z"
"2025","8","LT","5","Z"
"2025","7","AE","112","S"
"2025","5","IT","214","Z"
"2025","11","LT","126","D"
"2025","6","FI","83","S"
"2025","11","BT","3","S"
"2025","10","AU","552","G"
"2025","1","FR","1","W"
"2025","5","AU","6","YA"
"2025","10","HK","4","Z"
"2025","6","KW","1","Z"
"2025","3","SA","46","G"
"2025","8","GR","131","S"
"2025","4","FJ","285","G"
"2025","7","PT","133","FX"
"2025","7","CH","8807","G"
"2025","6","LU","266","G"
"2025","1","NL","49","SD"
"2025","9","KW","1","Z"
"2025","7","GR","1365","G"
"2025","1","SG","18","Z"
"2025","2","PT","42","Z"
"2025","12","KR","111","S"
"2025","5","DK","48","S"
"2025","2","CY","616","G"
"2025","4","BG","1066","G"
"2025","9","SI","76","S"
"2025","6","RO","98","S"
"2025","4","NZ","2","Z"
"2025","2","FI","1639","G"
"2025","12","HU","8","Z"
"2025","3","FI","1647","G"
"2025","1","LU","8","Z"
"2025","12","EE","160","G"
"2025","12","CA","1","G"
"2025","4","VN","1","Z"
"2025","1","BE","3329","G"
"2025","4","PT","7254","FX"
"2025","6","FR","123","Z"
"2025","4","AU","1029","G"
"2025","1","CN","6","D"
"2025","10","NL","1","W"
"2025","4","FR","2","P"
"2025","11","AU","25","Z"
"2025","5","NO","1169","G"
"2025","2","VN","178","G"
"2025","11","RO","1854","G"
"2025","12","CH","52","S"
"2025","4","CY","71","S"
"2025","12","CZ","819","D"
"2025","11","CH","279","D"
"2025","7","EE","74","D"
"2025","6","CY","3399","FX"
"2025","4","PH","1","S"
"2025","11","EG","43","D"
"2025","12","CH","1881","G"
"2025","9","CZ","1167","D"
"2025","12","BE","17","Z"
"2025","4","KR","89","G"
"2025","7","HU","2084","G"
"2025","8","EE","85","D"
"2025","4","NA","1","G"
"2025","7","CH","2","Z"
"2025","4","GB","138","S"
"2025","7","NZ","31","G"
"2025","10","NL","2","C"
"2025","12","ZA","9","S"
"2025","2","JO","2","Z"
"2025","1","RO","1953","D"
"2025","12","HK","10","G"
"2025","11","SK","36","FX"
"2025","12","MY","31","S"
"2025","11","KR","4","Z"
"2025","3","KR","140","S"
"2025","11","TW","1","Z"
"2025","6","PT","81","S"
"2025","12","NA","1","G"
"2025","11","LU","261","G"
"2025","8","FI","75","S"
"2025","8","RO","1794","G"
"2025","5","CZ","1","W"
"2025","9","PT","3386","G"
"2025","5","SK","1","Z"
"2025","5","ES","289","S"
"2025","6","KR","93","G"
"2025","9","BG","730","FX"
"2025","9","BG","48","S"
"2025","10","ES","4","C"
"2025","2","SE","2419","G"
"2025","1","TR","4929","G"
"2025","7","SA","1","D"
"2025","12","CL","4","G"
"2025","1","SG","153","G"
"2025","11","CZ","387","S"
"2025","5","AU","1072","G"
"2025","9","BH","2","D"
"2025","9","GR","125","S"
"2025","5","SA","16","S"
"2025","11","KW","30","G"
"2025","10","NL","221","S"
"2025","4","CN","241","G"
"2025","9","TR","4687","G"
"2025","1","PT","63","S"
"2025","5","LT","155","D"
"2025","9","CZ","45","Z"
"2025","3","NO","74","S"
"2025","6","FJ","9","S"
"2025","6","FJ","321","G"
"2025","4","GB","21","D"
"2025","10","TR","138","D"
"2025","7","PL","4228","G"
"2025","9","SE","42","Z"
"2025","1","BG","203","D"
"2025","6","RO","22","Z"
"2025","4","PT","43","Z"
"2025","5","JO","47","G"
"2025","3","HU","1800","D"
"2025","7","SG","16","Z"
"2025","9","CH","6612","G"
"2025","9","LV","98","D"
"2025","12","SK","6","FX"
"2025","3","BG","5","YA"
"2025","1","CH","7","P"
"2025","5","LV","614","G"
"2025","10","PT","73","S"
"2025","2","PT","3617","G"
"2025","6","CH","7262","G"
"2025","10","KR","2","Z"
"2025","7","BE","1801","D"
"2025","11","ZA","66","G"
"2025","3","SI","375","D"
"2025","2","IN","119","S"
"2025","1","HU","314","S"
"2025","3","PH","47","G"
"2025","4","IL","4","D"
"2025","8","FJ","56","D"
"2025","7","BG","203","D"
"2025","10","CH","11","P"
"2025","11","BG","60","S"
"2025","1","DK","634","D"
"2025","1","CH","266","D"
"2025","11","EE","95","D"
"2025","11","PL","3708","G"
"2025","5","TR","1","C"
"2025","4","ES","4091","G"
"2025","5","FJ","4","S"
"2025","10","IE","21","S"
"2025","6","RO","1835","D"
"2025","10","LV","20","S"
"2025","6","PH","3","S"
"2025","3","JO","44","G"
"2025","1","HU","39","Z"
"2025","8","SK","575","D"
"2025","9","GB","16","D"
"2025","1","IN","42","G"
"2025","4","BE","270","S"
"2025","6","EG","9","S"
"2025","2","TW","16","S"
"2025","8","CZ","1891","G"
"2025","1","SK","54","S"
"2025","3","SE","106","S"
"2025","2","CZ","1354","D"
"2025","2","TH","110","S"
"2025","10","PT","3638","D"
"2025","3","ID","267","G"
"2025","10","TR","4744","G"
"2025","6","SA","46","G"
"2025","3","NL","47","SD"
"2025","1","IT","207","Z"
"2025","12","TM","1","Z"
"2025","8","CY","2725","FX"
"2025","8","CY","1","Z"
"2025","11","AU","23","S"
"2025","8","LU","12","Z"
"2025","7","DK","1245","G"
"2025","8","EE","2","Z"
"2025","4","BH","37","S"
"2025","3","CY","3183","FX"
"2025","6","BG","63","S"
"2025","6","GB","29","D"
"2025","12","PH","1","S"
"2025","1","AE","109","S"
"2025","7","IE","246","D"
"2025","9","GR","1133","G"
"2025","5","AT","696","D"
"2025","2","LT","725","G"
"2025","11","ES","1956","D"
"2025","11","SR","1","S"
"2025","11","MY","1","Z"
"2025","5","SE","109","S"
"2025","12","CY","12","S"
"2025","3","CN","96","S"
"2025","4","CY","2","Z"
"2025","12","NL","23","SD"
"2025","7","SE","69","Z"
"2025","3","FR","192","D"
"2025","1","FR","235","D"
"2025","4","TH","382","G"
"2025","4","CZ","1","W"
"2025","10","FJ","2","S"
"2025","1","TR","138","Z"
"2025","2","HK","4","Z"
"2025","7","VN","187","G"
"2025","5","IT","8406","G"
"2025","5","LU","51","S"
"2025","6","NZ","1","Z"
"2025","6","DE","3","G"
"2025","1","SE","68","Z"
"2025","2","PT","3583","D"
"2025","2","DK","60","Z"
"2025","12","FR","3524","G"
"2025","3","AE","33","D"
"2025","4","IL","12","Z"
"2025","5","PL","4458","G"
"2025","6","TH","353","G"
"2025","9","ID","4","D"
"2025","5","EE","36","S"
"2025","6","AT","1597","G"
"2025","6","IT","52","S"
"2025","3","NZ","25","S"
"2025","8","KW","1","Z"
"2025","4","NZ","41","G"
"2025","2","JP","187","S"
"2025","1","TR","2","C"
"2025","5","FJ","299","G"
"2025","3","GR","15","Z"
"2025","4","FR","6530","G"
"2025","6","SG","130","G"
"2025","12","LT","239","G"
"2025","9","BT","4","S"
"2025","3","LV","623","G"
"2025","6","IE","30","Z"
"2025","11","NL","127","Z"
"2025","6","PL","5","W"
"2025","12","AU","2","Z"
"2025","5","UA","188","FX"
"2025","10","NO","137","D"
"2025","12","NL","1336","D"
"2025","5","SK","2385","FX"
"2025","5","NZ","1","Z"
"2025","7","AT","1603","G"
"2025","1","CZ","2136","G"
"2025","8","TR","90","S"
"2025","5","NO","80","S"
"2025","2","ID","37","S"
"2025","6","CN","211","G"
"2025","7","PT","82","S"
"2025","10","PT","45","FX"
"2025","12","IN","15","G"
"2025","8","DK","66","S"
"2025","9","BE","1694","D"
"2025","5","RO","1764","D"
"2025","5","EG","50","D"
"2025","12","FR","191","S"
"2025","11","HK","1","P"
"2025","8","GB","8907","G"
"2025","12","AU","264","G"
"2025","10","IL","294","G"
"2025","7","CY","34","S"
"2025","11","TR","1","C"
"2025","11","HK","18","D"
"2025","7","LV","10","Z"
"2025","11","SI","6","Z"
"2025","11","TH","5","Z"
"2025","9","IE","1304","G"
"2025","11","FR","5856","G"
"2025","10","UA","250","FX"
"2025","3","SG","3","D"
"2025","5","MY","3","Z"
"2025","9","RO","108","S"
"2025","3","LU","81","D"
"2025","2","ES","2394","D"
"2025","10","JO","1","Z"
"2025","10","HK","26","G"
"2025","11","EG","5","Z"
"2025","5","JP","112","G"
"2025","11","AE","10","Z"
"2025","12","SK","715","G"
"2025","10","NZ","1","D"
"2025","7","CZ","1","W"
"2025","5","FR","156","Z"
"2025","6","LT","21","S"
"2025","12","ZA","2","D"
"2025","4","LV","17","Z"
"2025","7","CL","16","S"
"2025","11","SK","1165","G"
"2025","9","LU","280","G"
"2025","5","JO","21","S"
"2025","12","SG","45","S"
"2025","1","CZ","59","Z"
"2025","8","BE","2897","G"
"2025","1","BG","19","Z"
"2025","6","MT","247","G"
"2025","6","SI","553","G"
"2025","3","UA","181","FX"
"2025","11","BG","18","Z"
"2025","8","IE","234","D"
"2025","8","PT","64","S"
"2025","7","CZ","1993","G"
"2025","3","BH","39","S"
"2025","4","SI","7","Z"
"2025","2","LT","146","D"
"2025","7","BT","5","S"
"2025","1","NL","1","P"
"2025","10","FR","273","S"
"2025","9","TW","3","Z"
"2025","3","MY","19","S"
"2025","1","JP","1","Z"
"2025","10","BG","208","D"
"2025","6","GB","1","P"
"2025","6","PL","4315","G"
"2025","8","IT","6518","G"
"2025","11","CA","1","D"
"2025","6","CL","14","S"
"2025","11","IN","135","S"
"2025","8","KR","82","G"
"2025","10","PL","4162","G"
"2025","2","SE","920","D"
"2025","6","IT","1","D"
"2025","8","UA","223","FX"
"2025","7","HU","335","S"
"2025","8","CN","321","G"
"2025","1","ES","257","S"
"2025","10","GB","532","Z"
"2025","9","BH","29","G"
"2025","3","CN","237","G"
"2025","10","SE","51","Z"
"2025","4","SE","2258","G"
"2025","4","SG","19","Z"
"2025","10","SI","348","D"
"2025","5","IE","1","W"
"2025","10","MT","245","G"
"2025","8","AU","20","S"
"2025","6","PL","231","S"
"2025","5","ID","37","S"
"2025","6","ES","4019","G"
"2025","11","SA","43","S"
"2025","5","PT","35","Z"
"2025","11","BE","2882","G"
"2025","11","SK","65","S"
"2025","10","AE","127","G"
"2025","1","RO","2039","G"
"2025","2","PL","1","Z"
"2025","8","PT","2977","G"
"2025","1","FJ","269","G"
"2025","4","IT","1","D"
"2025","11","TM","8","G"
"2025","10","CY","54","FX"
"2025","6","VN","183","G"
"2025","8","IL","1","D"
"2025","6","LV","14","S"
"2025","7","IT","61","S"
"2025","3","LT","699","G"
"2025","2","IT","1","D"
"2025","6","HU","2213","G"
"2025","9","EG","23","S"
"2025","4","TW","24","S"
"2025","1","NZ","2","D"
"2025","4","LT","686","G"
"2025","8","AT","21","S"
"2025","12","PL","2250","G"
"2025","10","ZA","1","Z"
"2025","4","GR","325","D"
"2025","4","NL","2","P"
"2025","2","SK","66","S"
"2025","12","FJ","7","S"
"2025","6","KR","6","Z"
"2025","1","ID","40","S"
"2025","1","HU","1589","D"
"2025","7","AU","40","Z"
"2025","7","KR","147","S"
"2025","8","HK","2","Z"
"2025","9","MY","4","Z"
"2025","6","NL","271","Z"
"2025","11","TH","296","D"
"2025","4","ES","296","S"
"2025","10","SA","123","FX"
"2025","12","FI","1","Z"
"2025","8","PT","188","FX"
"2025","12","GB","9","D"
"2025","6","FR","179","D"
"2025","6","IE","1769","G"
"2025","12","AT","198","D"
"2025","5","KR","2","Z"
"2025","10","CH","1","Z"
"2025","12","HU","1028","D"
"2025","4","BG","197","D"
"2025","11","LU","8","Z"
"2025","7","PH","1","S"
"2025","3","BT","7","S"
"2025","4","VN","209","G"
"2025","11","ZW","1","G"
"2025","11","CZ","1137","D"
"2025","7","FR","326","S"
"2025","3","IL","407","G"
"2025","4","HK","8","S"
"2025","5","SG","6","D"
"2025","6","HK","7","S"
"2025","3","BT","1","Z"
"2025","7","MY","2","Z"
"2025","9","CY","547","G"
"2025","9","CH","5","P"
"2025","10","HU","16","Z"
"2025","9","IL","2","D"
"2025","9","SK","571","D"
"2025","12","LV","2","S"
"2025","10","HU","2151","G"
"2025","5","AR","104","D"
"2025","12","JO","21","G"
"2025","3","CY","24","S"
"2025","4","EE","394","G"
"2025","8","DK","45","Z"
"2025","2","KR","130","S"
"2025","4","ES","1","P"
"2025","6","IL","322","G"
"2025","4","CN","99","S"
"2025","4","AE","136","G"
"2025","7","EE","5","Z"
"2025","12","BG","30","S"
"2025","9","SG","12","Z"
"2025","1","FI","86","S"
"2025","2","IL","362","G"
"2025","11","GB","12","C"
"2025","7","FR","1","C"
"2025","2","HK","1","P"
"2025","1","ZA","1","Z"
"2025","8","KR","5","Z"
"2025","6","NO","1302","G"
"2025","5","JO","1","Z"
"2025","9","BE","1","W"
"2025","12","LU","186","G"
"2025","1","RO","78","S"
"2025","9","BG","193","D"
"2025","8","NL","41","SD"
"2025","11","ES","1","P"
"2025","1","GB","113","S"
"2025","12","ES","1494","D"
"2025","1","PT","3294","G"
"2025","5","BG","1080","G"
"2025","6","DK","40","Z"
"2025","7","IT","1","D"
"2025","6","PH","53","G"
"2025","6","LT","143","D"
"2025","2","ES","4","C"
"2025","5","IE","30","S"
"2025","7","ES","4068","G"
"2025","5","ID","3","D"
"2025","1","HK","7","S"
"2025","3","EG","58","G"
"2025","9","FR","99","Z"
"2025","12","IN","8","D"
"2025","12","VN","2","S"
"2025","7","KW","1","D"
"2025","1","LV","628","G"
"2025","5","PT","2067","FX"
"2025","7","CN","116","S"
"2025","2","TR","161","D"
"2025","7","HK","6","S"
"2025","12","SK","30","S"
"2025","12","SA","36","S"
"2025","12","CN","109","G"
"2025","11","MY","133","G"
"2025","8","BT","6","S"
"2025","3","NA","1","G"
"2025","11","IL","301","G"
"2025","3","SI","111","S"
"2025","7","TR","105","S"
"2025","7","SK","1224","G"
"2025","10","SI","518","G"
"2025","8","NZ","2","Z"
"2025","8","JP","109","G"
"2025","2","NL","250","S"
"2025","2","BG","20","Z"
"2025","8","BG","73","S"
"2025","4","HK","1","P"
"2025","2","CH","12","P"
"2025","4","TH","3","Z"
"2025","2","VN","3","D"
"2025","1","GR","357","D"
"2025","10","RO","91","S"
"2025","7","NL","1","P"
"2025","2","MY","135","D"
"2025","10","CN","4","D"
"2025","8","AT","581","D"
"2025","5","LT","7","Z"
"2025","4","BG","17","Z"
"2025","3","CH","119","S"
"2025","1","EG","26","S"
"2025","5","BT","1","Z"
"2025","2","TR","121","Z"
"2025","12","SA","24","G"
"2025","11","PL","3977","D"
"2025","3","CZ","1399","D"
"2025","2","SA","62","D"
"2025","10","HK","6","S"
"2025","6","JO","59","G"
"2025","11","GR","4","Z"
"2025","12","PT","4","Z"
"2025","10","CY","16","D"
"2025","4","NO","1","P"
"2025","3","LV","129","D"
"2025","4","SA","60","G"
"2025","9","HU","2037","G"
"2025","7","NZ","16","S"
"2025","7","GB","718","Z"
"2025","6","BE","220","S"
"2025","1","AR","97","D"
"2025","5","CY","2","Z"
"2025","1","BT","1","Z"
"2025","10","IN","22","G"
"2025","2","HU","1735","D"
"2025","7","BH","32","G"
"2025","11","NL","40","SD"
"2025","8","TW","24","S"
"2025","9","IE","28","Z"
"2025","2","IE","1625","G"
"2025","7","GR","1","P"
"2025","3","PH","3","S"
"2025","10","BT","1","Z"
"2025","11","FI","1388","G"
"2025","7","FI","68","S"
"2025","5","BG","9","YA"
"2025","10","KR","135","S"
"2025","6","EE","36","S"
"2025","3","CZ","84","Z"
"2025","5","LT","20","S"
"2025","12","LV","177","G"
"2025","11","SR","3","YA"
"2025","9","NZ","12","S"
"2025","12","BH","34","S"
"2025","1","CY","3462","FX"
"2025","10","DK","58","S"
"2025","3","KW","1","D"
"2025","6","AE","108","G"
"2025","5","ZA","21","D"
"2025","2","SG","108","S"
"2025","9","ES","3390","G"
"2025","6","AT","605","D"
"2025","2","AT","1745","G"
"2025","12","LU","37","D"
"2025","3","GB","20","C"
"2025","10","RO","2039","G"
"2025","8","BG","186","D"
"2025","10","PL","11","W"
"2025","2","AU","3","YA"
"2025","11","PL","3","Z"
"2025","5","NL","4472","G"
"2025","11","PH","30","G"
"2025","10","TH","107","S"
"2025","10","KR","57","G"
"2025","2","SI","610","G"
"2025","8","GB","22","C"
"2025","6","EG","47","D"
"2025","12","EG","39","D"
"2025","10","CY","594","G"
"2025","10","IE","29","Z"
"2025","9","HK","1","P"
"2025","3","PT","41","Z"
"2025","1","ES","4125","G"
"2025","9","IN","151","S"
"2025","6","CY","3","Z"
"2025","4","BT","4","G"
"2025","9","AT","1412","G"
"2025","7","AR","83","D"
"2025","2","NZ","54","G"
"2025","9","HK","3","Z"
"2025","8","NL","259","S"
"2025","5","EE","412","G"
"2025","8","IN","157","S"
"2025","3","NL","2316","D"
"2025","1","TW","72","G"
"2025","6","SI","1","Z"
"2025","5","TM","1","YA"
"2025","9","TH","352","D"
"2025","11","HU","20","Z"
"2025","2","BE","140","Z"
"2025","5","KR","81","G"
"2025","11","PT","1","C"
"2025","6","NZ","48","G"
"2025","4","SG","107","S"
"2025","10","VN","5","S"
"2025","6","BG","214","D"
"2025","8","KR","147","S"
"2025","3","FJ","54","D"
"2025","8","ZA","11","D"
"2025","1","IL","8","Z"
"2025","11","ES","339","S"
"2025","6","TM","1","YA"
"2025","3","EE","4","Z"
"2025","3","RO","2041","D"
"2025","8","MY","3","Z"
"2025","7","BE","1","C"
"2025","8","LT","588","G"
"2025","4","SK","608","D"
"2025","3","IT","199","Z"
"2025","10","EE","404","G"
"2025","8","SG","2","D"
"2025","11","NA","1","G"
"2025","11","FI","81","S"
"2025","3","SK","1389","G"
"2025","5","HU","2142","G"
"2025","12","FI","121","D"
"2025","8","NZ","14","S"
"2025","8","CY","31","S"
"2025","10","TR","2","C"
"2025","6","AU","1104","G"
"2025","8","GB","3","P"
"2025","12","MY","62","G"
"2025","2","KW","51","G"
"2025","3","GR","1537","G"
"2025","10","DK","590","D"
"2025","6","IL","6","Z"
"2025","4","SA","45","S"
"2025","2","DK","628","D"
"2025","5","GB","100","S"
"2025","7","UA","309","FX"
"2025","6","CN","102","S"
"2025","5","VN","6","S"
"2025","8","NL","1940","D"
"2025","2","IE","254","D"
"2025","8","ID","36","S"
"2025","11","IL","6","Z"
"2025","5","ES","3936","G"
"2025","12","SK","358","D"
"2025","2","TW","2","Z"
"2025","8","BG","7","YA"
"2025","3","KR","4","Z"
"2025","11","PT","40","Z"
"2025","8","GR","10","Z"
"2025","11","SE","53","Z"
"2025","6","NL","3","C"
"2025","3","NZ","61","G"
"2025","8","IN","11","D"
"2025","7","NO","1312","G"
"2025","10","NL","2020","D"
"2025","8","SI","287","D"
"2025","7","CZ","43","Z"
"2025","8","HK","43","G"
"2025","5","CN","209","G"
"2025","8","IT","1","D"
"2025","7","BE","251","S"
"2025","6","JP","1","P"
"2025","7","SG","153","G"
"2025","4","IT","51","S"
"2025","10","LT","149","D"
"2025","12","JO","4","S"
"2025","7","NL","4","C"
"2025","4","AU","44","Z"
"2025","6","NL","4136","G"
"2025","9","CN","101","S"
"2025","1","KR","98","G"
"2025","8","CH","231","D"
"2025","6","SK","1","W"
"2025","1","SA","337","D"
"2025","6","VN","5","S"
"2025","5","AE","35","D"
"2025","10","PL","1","Z"
"2025","10","GR","165","S"
"2025","11","RU","1","D"
"2025","10","BG","76","S"
"2025","4","LV","610","G"
"2025","11","HK","27","G"
"2025","5","HU","1580","D"
"2025","1","NZ","14","S"
"2025","11","BH","2","D"
"2025","4","KR","147","S"
"2025","12","CN","1","C"
"2025","5","TW","1","Z"
"2025","1","BT","4","G"
"2025","1","NO","120","D"
"2025","7","NO","62","S"
"2025","3","TW","73","G"
"2025","1","JP","127","G"
"2025","7","LT","161","D"
"2025","4","ZA","22","D"
"2025","12","AT","1","Z"
"2025","4","PL","13","W"
"2025","9","GR","270","D"
"2025","3","SK","92","S"
"2025","5","TH","117","S"
"2025","10","ES","303","S"
"2025","6","IN","125","S"
"2025","12","NZ","7","S"
"2025","2","BH","2","D"
"2025","1","FJ","1","Z"
"2025","1","IT","2","W"
"2025","1","VN","166","G"
"2025","11","IE","27","S"
"2025","12","BE","1770","G"
"2025","12","BG","5","YA"
"2025","11","TR","157","Z"
"2025","7","SK","1","Z"
"2025","5","IE","1984","G"
"2025","3","AE","1","Z"
"2025","12","EG","35","G"
"2025","9","SG","115","G"
"2025","6","SK","2","Z"
"2025","6","CZ","413","S"
"2025","8","BG","946","G"
"2025","3","GB","4","P"
"2025","10","LU","8","Z"
"2025","7","JO","16","S"
"2025","3","LU","10","Z"
"2025","5","GB","581","Z"
"2025","11","SE","782","D"
"2025","3","VN","6","S"
"2025","4","IN","1","Z"
"2025","1","ES","4","C"
"2025","2","JP","1","P"
"2025","8","CZ","1139","D"
"2025","11","US","2","FX"
"2025","1","JO","36","G"
"2025","2","BG","207","D"
"2025","12","ID","36","S"
"2025","2","NL","39","SD"
"2025","3","IL","10","Z"
"2025","7","IL","14","Z"
"2025","5","RO","16","Z"
"2025","12","CZ","15","Z"
"2025","4","EG","20","Z"
"2025","8","CY","534","G"
"2025","8","FR","5059","G"
"2025","2","BE","1","C"
"2025","8","SI","78","S"
"2025","8","LU","42","S"
"2025","10","BE","244","S"
"2025","11","SE","2084","G"
"2025","10","GR","308","D"
"2025","11","SG","5","D"
"2025","8","MT","238","G"
"2025","3","AU","1247","G"
"2025","9","CY","1166","FX"
"2025","7","ZA","98","G"
"2025","4","PT","75","S"
"2025","10","ZA","4","D"
"2025","12","NO","45","D"
"2025","12","AE","107","S"
"2025","3","BE","244","S"
"2025","5","BH","2","D"
"2025","2","NZ","5","S"
"2025","4","NO","75","S"
"2025","10","AR","90","D"
"2025","5","IL","2","D"
"2025","4","NL","338","Z"
"2025","3","SA","4","D"
"2025","5","TH","906","D"
"2025","1","AU","902","G"
"2025","6","ID","215","G"
"2025","2","ID","270","G"
"2025","11","RU","1","G"
"2025","3","FR","194","Z"
"2025","7","SA","57","G"
"2025","1","IE","42","Z"
"2025","11","BR","2","G"
"2025","1","SG","3","D"
"2025","4","AE","108","S"
"2025","12","ES","196","S"
"2025","1","MY","239","G"
"2025","12","AE","80","G"
"2025","2","SK","1326","G"
"2025","3","BH","42","G"
"2025","2","IN","47","G"
"2025","3","AU","37","S"
"2025","12","BT","1","FX"
"2025","3","KW","13","S"
"2025","4","FI","1","W"
"2025","11","FI","1","W"
"2025","11","PH","3","S"
"2025","10","CZ","403","S"
"2025","12","PT","2316","D"
"2025","12","FJ","2","Z"
"2025","1","FR","6085","G"
"2025","9","SI","484","G"
"2025","12","LU","1","Z"
"2025","10","VN","156","G"
"2025","9","IL","304","G"
"2025","9","KR","73","G"
"2025","2","AE","39","D"
"2025","11","MY","26","S"
"2025","1","FR","182","Z"
"2025","5","CH","5","P"
"2025","5","SG","147","G"
"2025","6","NO","137","Z"
"2025","10","JO","17","G"
"2025","3","GB","634","Z"
"2025","11","IT","72","S"
"2025","4","SI","558","G"
"2025","2","UA","170","FX"
"2025","1","NO","188","Z"
"2025","5","KR","6","D"
"2025","8","DK","1149","G"
"2025","2","CY","46","S"
"2025","1","TM","3","G"
"2025","8","EG","42","D"
"2025","3","TH","425","G"
"2025","8","LT","13","S"
"2025","7","NL","4533","G"
"2025","3","TW","21","S"
"2025","8","TM","4","G"
"2025","4","TR","5390","G"
"2025","9","PL","3882","G"
"2025","4","ZA","10","S"
"2025","1","IE","24","S"
"2025","5","IT","59","S"
"2025","2","NO","135","D"
"2025","12","TR","71","D"
"2025","11","FR","265","S"
"2025","10","HU","1607","D"
"2025","3","BE","1","C"
"2025","7","KR","81","G"
"2025","7","AU","27","S"
"2025","5","SI","333","D"
"2025","11","BE","226","S"
"2025","9","CZ","1927","G"
"2025","11","EE","324","G"
"2025","5","TR","153","D"
"2025","12","DK","635","G"
"2025","7","ID","45","S"
"2025","10","CH","118","S"
"2025","2","NL","2331","D"
"2025","5","BH","25","G"
"2025","9","FJ","4","Z"
"2025","8","IT","41","S"
"2025","11","IN","24","G"
"2025","8","IT","167","Z"
"2025","11","SK","1","W"
"2025","11","AE","40","D"
"2025","3","MY","152","D"
"2025","7","CZ","408","S"
"2025","7","PH","47","G"
"2025","12","LT","54","D"
"2025","11","BG","6","YA"
"2025","2","SI","8","Z"
"2025","11","RO","93","S"
"2025","6","BG","5","YA"
"2025","9","NL","1","P"
"2025","2","NL","305","Z"
"2025","2","AU","7","S"
"2025","8","PH","46","G"
"2025","12","VN","87","G"
"2025","3","CN","5","D"
"2025","11","RO","1642","D"
"2025","3","JP","181","S"
"2025","3","SK","2393","FX"
"2025","3","LU","46","S"
"2025","2","SI","353","D"
"2025","1","AU","17","S"
"2025","12","BT","1","YA"
"2025","12","LU","35","S"
"2025","8","CZ","41","Z"
"2025","2","AU","50","Z"
"2025","6","SI","92","S"
"2025","7","ID","5","D"
"2025","6","LU","13","Z"
"2025","7","LV","16","S"
"2025","2","MY","3","Z"
"2025","7","NO","113","Z"
"2025","11","CH","8","P"
"2025","7","IN","150","S"
"2025","6","SE","109","S"
"2025","4","LU","88","D"
"2025","5","MY","199","G"
"2025","2","EE","36","S"
"2025","1","BG","576","FX"
"2025","8","BH","2","D"
"2025","8","MY","132","D"
"2025","1","TH","1","Z"
"2025","9","ID","185","G"
"2025","9","TR","1","C"
"2025","8","BE","189","S"
"2025","9","NO","123","D"
"2025","1","SI","571","G"
"2025","9","CN","357","G"
"2025","9","LT","146","D"
"2025","3","HK","1","Z"
"2025","12","PT","29","S"
"2025","6","SA","1","D"
"2025","10","CZ","2013","G"
"2025","5","BG","62","S"
"2025","6","TM","3","G"
"2025","12","LT","5","S"
"2025","12","BE","2","C"
"2025","12","SK","2","Z"
"2025","6","SE","2090","G"
"2025","9","RO","1635","D"
"2025","5","PL","4","Z"
"2025","12","CY","3","D"
"2025","5","GR","171","S"
"2025","4","SA","1","D"
"2025","2","AU","1041","G"
"2025","3","TM","4","G"
"2025","2","SA","107","G"
"2025","8","TW","56","G"
"2025","9","VN","10","S"
"2025","3","HK","67","G"
"2025","1","NL","3","C"
"2025","3","CH","299","D"
"2025","12","RO","1213","D"
"2025","9","PT","24","FX"
"2025","8","AT","48","Z"
"2025","9","ZA","6","D"
"2025","1","LT","13","S"
"2025","8","AU","29","Z"
"2025","11","SG","10","Z"
"2025","4","NZ","1","D"
"2025","7","AT","623","D"
"2025","10","ES","3976","G"
"2025","11","SE","108","S"
"2025","8","EG","20","S"
"2025","3","PL","231","S"
"2025","10","RO","1","Z"
"2025","4","FJ","1","Z"
"2025","11","ES","3573","G"
"2025","8","AU","958","G"
"2025","9","FR","4584","G"
"2025","11","IE","1330","G"
"2025","5","SA","269","FX"
"2025","7","CY","3","Z"
"2025","6","IN","10","D"
"2025","12","AE","2","Z"
"2025","12","PH","14","G"
"2025","12","TH","55","D"
"2025","6","TR","105","Z"
"2025","1","SE","876","D"
"2025","6","BE","107","Z"
"2025","11","FR","151","Z"
"2025","8","PL","201","S"
"2025","5","EG","10","S"
"2025","1","NA","1","G"
"2025","5","SK","602","D"
"2025","8","NZ","29","G"
"2025","6","AT","2","P"
"2025","12","KR","1","Z"
"2025","6","HK","2","Z"
"2025","7","FI","1391","G"
"2025","10","CH","8188","G"
"2025","1","KR","8","D"
"2025","10","LV","11","Z"
"2025","1","CN","76","S"
"2025","6","PT","147","FX"
"2025","4","PL","217","S"
"2025","7","AU","4","YA"
"2025","7","AT","60","Z"
"2025","6","TR","92","S"
"2025","2","ZA","9","S"
"2025","4","RO","2056","G"
"2025","3","LU","405","G"
"2025","2","EG","14","Z"
"2025","1","FR","1","FX"
"2025","5","CY","10","D"
"2025","1","AT","2","P"
"2025","5","HK","1","P"
"2025","2","EE","97","D"
"2025","7","BH","1","Z"
"2025","11","IT","1","D"
"2025","3","KW","2","Z"
"2025","7","BT","2","G"
"2025","4","CH","8","P"
"2025","12","RO","30","S"
"2025","5","CH","117","S"
"2025","5","PT","3523","D"
"2025","5","CL","23","S"
"2025","10","KW","15","S"
"2025","2","SE","62","Z"
"2025","7","GB","123","S"
"2025","9","GB","114","S"
"2025","8","SK","378","FX"
"2025","6","IL","5","D"
"2025","9","BE","1","C"
"2025","11","CN","315","G"
"2025","3","IL","2","D"
"2025","4","EE","33","S"
"2025","10","BE","1","C"
"2025","4","MY","32","S"
"2025","10","ID","2","D"
"2025","10","FR","1","P"
"2025","9","LU","66","D"
"2025","10","LU","267","G"
"2025","2","IE","41","Z"
"2025","5","BG","761","FX"
"2025","1","SA","247","FX"
"2025","4","FR","187","Z"
"2025","2","PH","2","S"
"2025","7","NL","2","W"
"2025","1","BH","2","D"
"2025","10","KW","29","G"
"2025","5","SI","4","Z"
"2025","10","JO","11","S"
"2025","8","BG","19","Z"
"2025","1","VN","1","Z"
"2025","7","IE","40","Z"
"2025","9","VN","164","G"
"2025","7","TH","413","D"
"2025","8","LV","13","S"
"2025","12","ID","41","G"
"2025","3","BH","1","Z"
"2025","9","JO","23","G"
"2025","12","DK","1","W"
"2025","5","SA","79","G"
"2025","5","LV","15","Z"
"2025","9","TR","89","S"
"2025","9","VN","1","D"
"2025","5","PL","12","W"
"2025","3","ES","2333","D"
"2025","12","IE","151","D"
"2025","4","HU","34","Z"
"2025","1","AT","1699","G"
"2025","5","IL","12","Z"
"2025","7","AE","1","Z"
"2025","4","MT","228","G"
"2025","9","GB","12","C"
"2025","5","IN","2","Z"
"2025","8","GB","537","Z"
"2025","2","SI","85","S"
"2025","9","IL","14","Z"
"2025","4","ID","47","S"
"2025","8","TH","348","G"
"2025","12","HK","1","P"
"2025","3","IN","35","G"
"2025","3","AE","143","G"
"2025","11","GB","6967","G"
"2025","8","LV","101","D"
"2025","2","SG","2","D"
"2025","5","SE","2217","G"
"2025","7","CH","141","S"
"2025","12","CY","8","FX"
"2025","8","LV","9","Z"
"2025","9","JO","13","S"
"2025","8","CY","13","D"
"2025","4","CN","4","D"
"2025","12","BH","13","G"
"2025","11","CZ","39","Z"
"2025","5","CZ","40","Z"
"2025","9","RO","1905","G"
"2025","9","KR","140","S"
"2025","4","ZA","1","Z"
"2025","11","CY","588","G"
"2025","7","GR","159","S"
"2025","4","JP","182","S"
"2025","5","DK","588","D"
"2025","7","TR","1","C"
"2025","6","NO","83","S"
"2025","7","LT","14","S"
"2025","1","TH","1238","D"
"2025","12","TR","2364","G"
"2025","4","IE","54","Z"
"2025","5","CN","95","S"
"2025","2","PT","63","S"
"2025","1","VN","2","D"
"2025","9","SA","1","D"
"2025","5","CY","2562","FX"
"2025","1","IN","131","S"
"2025","6","SE","73","Z"
"2025","3","IT","67","S"
"2025","1","PT","3395","D"
"2025","10","GB","6","D"
"2025","11","US","29","G"
"2025","8","JP","176","S"
"2025","7","ES","4","C"
"2025","10","AT","652","D"
"2025","9","IN","26","G"
"2025","3","EE","431","G"
"2025","11","AT","43","S"
"2025","1","NO","1376","G"
"2025","4","FJ","46","D"
"2025","3","NL","3","C"
"2025","1","MT","271","G"
"2025","7","BH","2","D"
"2025","9","IE","229","D"
"2025","5","HU","30","Z"
"2025","10","PL","228","S"
"2025","10","FI","347","D"
"2025","4","DK","50","S"
"2025","5","HU","347","S"
"2025","12","NZ","13","G"
"2025","8","IL","10","Z"
"2025","2","HK","17","S"
"2025","7","NZ","1","D"
"2025","3","NO","1488","G"
"2025","11","LV","112","D"
"2025","3","GR","330","D"
"2025","12","RO","1","YA"
"2025","5","BT","6","S"
"2025","5","KW","18","S"
"2025","6","HK","61","G"
"2025","10","BH","2","D"
"2025","2","TR","1","C"
"2025","10","LT","14","S"
"2025","1","SI","325","D"
"2025","11","GB","8","D"
"2025","2","EE","427","G"
"2025","5","SK","1316","G"
"2025","6","FR","287","S"
"2025","2","TR","94","S"
"2025","3","JO","1","Z"
"2025","10","CL","5","S"
"2025","4","AT","645","D"
"2025","10","TR","125","S"
"2025","1","NL","263","S"
"2025","7","LU","289","G"
"2025","10","TH","252","G"
"2025","6","EE","387","G"
"2025","3","SE","891","D"
"2025","6","KW","13","S"
"2025","11","ZA","10","S"
"2025","5","IN","10","D"
"2025","6","KW","1","D"
"2025","8","BE","1","W"
"2025","4","GR","20","Z"
"2025","8","IN","28","G"
"2025","10","BH","47","S"
"2025","4","TR","141","D"
"2025","7","BH","46","S"
"2025","3","ZA","173","G"
"2025","6","BT","3","G"
"2025","9","TR","97","Z"
"2025","3","AR","86","D"
"2025","8","IE","24","S"
"2025","9","PT","83","S"
"2025","1","EG","10","Z"
"2025","1","SK","1","C"
"2025","6","MY","185","G"
"2025","8","CZ","1","W"
"2025","8","ES","244","S"
"2025","12","NL","132","S"
"2025","9","NL","4172","G"
"2025","7","JP","133","G"
"2025","5","DK","53","Z"
"2025","1","AE","43","D"
"2025","5","BE","249","S"
"2025","12","ES","1","TG"
"2025","7","FJ","6","Z"
"2025","8","BG","730","FX"
"2025","9","FJ","349","G"
"2025","7","SI","4","Z"
"2025","9","HK","39","G"
"2025","6","AE","97","S"
"2025","9","AR","74","D"
"2025","11","LU","66","D"
"2025","10","NA","1","G"
"2025","11","SR","2","G"
"2025","10","IL","2","D"
"2025","4","BG","6","YA"
"2025","8","RO","1659","D"
"2025","8","SA","107","G"
"2025","10","FJ","216","G"
"2025","7","BE","3352","G"
"2025","10","LV","118","D"
"2025","1","HK","16","D"
"2025","11","CN","85","S"
"2025","9","MT","203","G"
"2025","9","UA","213","FX"
"2025","8","BT","2","Z"
"2025","9","BE","212","S"
"2025","5","ID","203","G"
"2025","2","BT","8","G"
"2025","6","BH","1","Z"
"2025","5","HK","16","D"
"2025","2","CZ","57","Z"
"2025","5","KW","1","Z"
"2025","6","ES","2","W"
"2025","4","LT","16","S"
"2025","9","EG","49","G"
"2025","2","GB","32","C"
"2025","9","SG","107","S"
"2025","5","PL","4399","D"
"2025","7","IL","2","D"
"2025","9","SK","1","Z"
"2025","5","BE","1855","D"
"2025","4","LU","303","G"
"2025","7","BG","5","YA"
"2025","6","NL","236","S"
"2025","12","ES","4","C"
"2025","1","DK","61","S"
"2025","1","UA","157","FX"
"2025","6","TR","126","D"
"2025","7","LV","581","G"
"2025","6","GR","2","Z"
"2025","4","GB","1","P"
"2025","7","ID","236","G"
"2025","8","VN","4","D"
"2025","3","EG","43","D"
"2025","12","SI","37","S"
"2025","1","SK","1214","G"
"2025","7","TM","2","Z"
"2025","10","BE","1781","D"
"2025","12","BG","131","D"
"2025","6","DK","580","D"
"2025","4","PL","4325","G"
"2025","5","LU","299","G"
"2025","12","BE","1173","D"
"2025","8","FI","301","D"
"2025","5","TW","71","G"
"2025","10","PH","4","S"
"2025","3","BG","23","Z"
"2025","10","AT","30","S"
"2025","9","AE","39","D"
"2025","10","TW","17","S"
"2025","11","TR","4284","G"
"2025","10","SE","2076","G"
"2025","5","BH","35","S"
"2025","3","AT","696","D"
"2025","7","AU","981","G"
"2025","7","SI","337","D"
"2025","7","FR","115","Z"
"2025","11","GR","153","S"
"2025","2","BE","231","S"
"2025","10","BT","3","G"
"2025","8","JO","28","G"
"2025","10","NZ","9","S"
"2025","11","ES","1","W"
"2025","7","ES","1","W"
"2025","2","AR","95","D"
"2025","3","DK","55","S"
"2025","11","JO","8","S"
"2025","8","EE","28","S"
"2025","12","BT","13","G"
"2025","6","BH","2","D"
"2025","12","SI","295","G"
"2025","3","FJ","8","S"
"2025","6","EE","3","Z"
"2025","6","AE","38","D"
"2025","7","FI","312","D"
"2025","3","GB","10949","G"
"2025","7","LV","117","D"
"2025","2","SK","1","C"
"2025","7","AE","35","D"
"2025","5","GR","313","D"
"2025","5","BE","3253","G"
"2025","10","KW","1","Z"
"2025","7","LT","639","G"
"2025","10","LU","76","D"
"2025","9","NO","66","S"
"2025","9","BH","47","S"
"2025","10","IT","1","D"
"2025","5","TR","121","Z"
"2025","3","BE","133","Z"
"2025","11","VN","1","D"
"2025","3","SG","23","Z"
"2025","5","CN","4","D"
"2025","5","AU","24","S"
"2025","1","FR","310","S"
"2025","2","BT","6","S"
"2025","9","BG","5","YA"
"2025","5","VN","169","G"
"2025","11","KW","1","D"
"2025","9","BE","2966","G"
"2025","8","ZA","1","Z"
"2025","8","FI","1402","G"
"2025","10","HU","341","S"
"2025","3","LV","22","S"
"2025","3","LV","13","Z"
"2025","2","FJ","3","Z"
"2025","8","CZ","384","S"
"2025","2","LT","7","Z"
"2025","3","AT","30","S"
"2025","6","KR","7","D"
"2025","1","IE","228","D"
"2025","2","KR","5","Z"
"2025","7","SE","2029","G"
"2025","7","RO","1732","D"
"2025","8","FJ","3","S"
"2025","10","IE","1832","G"
"2025","5","TR","5057","G"
"2025","11","SR","2","FX"
"2025","5","GR","7","Z"
"2025","12","NO","36","S"
"2025","2","HU","330","S"
"2025","10","CY","1","Z"
"2025","8","BH","49","S"
"2025","4","BE","1","C"
"2025","9","AT","18","Z"
"2025","5","HK","4","Z"
"2025","12","RO","2","Z"
"2025","6","SA","19","S"
"2025","9","SK","82","FX"
"2025","11","TR","115","S"
"2025","4","KW","35","G"
"2025","2","NL","3","C"
"2025","11","SG","115","G"
"2025","10","EG","12","S"
"2025","7","CH","311","D"
"2025","8","IN","5","Z"
"2025","12","DK","43","S"
"2025","7","JO","41","G"
"2025","4","TR","1","C"
"2025","9","PT","3593","D"
"2025","4","CZ","53","Z"
"2025","2","PT","6376","FX"
"2025","5","FI","92","S"
"2025","3","NL","266","S"
"2025","6","ES","356","S"
"2025","12","NL","29","Z"
"2025","9","IT","51","S"
"2025","9","CZ","2","W"
"2025","4","IN","12","D"
"2025","8","GB","19","D"
"2025","11","BH","72","S"
"2025","5","SA","1","D"
"2025","7","TH","5","Z"
"2025","6","SK","1","C"
"2025","6","BE","1724","D"
"2025","11","IE","25","Z"
"2025","3","TR","95","S"
"2025","9","DK","566","D"
"2025","4","BE","1964","D"
"2025","6","BT","8","S"
"2025","2","CN","5","D"
"2025","1","CY","604","G"
"2025","1","BE","137","Z"
"2025","8","HU","26","Z"
"2025","10","EE","4","Z"
"2025","2","SE","106","S"
"2025","1","CH","7845","G"
"2025","11","CZ","1868","G"
"2025","12","EG","27","S"
"2025","1","SI","6","Z"
"2025","10","AT","47","Z"
"2025","10","SK","1276","G"
"2025","5","PH","39","G"
"2025","11","NZ","1","D"
"2025","11","TW","31","G"
"2025","1","PT","8029","FX"
"2025","10","NO","79","S"
"2025","2","CH","10491","G"
"2025","1","NA","3","S"
"2025","2","PL","4525","G"
"2025","8","EE","352","G"
"2025","11","LT","6","S"
"2025","12","IL","3","D"
"2025","9","PH","4","S"
"2025","4","JO","3","S"
"2025","3","NL","311","Z"
"2025","11","DK","1110","G"
"2025","11","FJ","47","D"
"2025","1","EG","48","D"
"2025","7","HK","64","G"
"2025","8","IE","44","Z"
"2025","7","MY","162","D"
"2025","3","KR","95","G"
"2025","5","SK","1","C"
"2025","9","BG","11","Z"
"2025","7","KW","30","G"
"2025","6","GR","165","S"
"2025","10","TM","4","G"
"2025","7","KR","2","Z"
"2025","3","CZ","1","W"
"2025","10","SE","846","D"
"2025","1","SI","64","S"
"2025","3","BE","1926","D"
"2025","12","FR","27","Z"
"2025","5","BE","1","C"
"2025","7","TM","4","G"
"2025","4","SK","2","Z"
"2025","4","TH","1011","D"
"2025","7","ZA","18","D"
"2025","4","AT","2","P"
"2025","12","BH","1","Z"
"2025","5","FR","5579","G"
"2025","12","US","1","G"
"2025","4","FI","81","S"
"2025","2","EG","43","D"
"2025","2","MT","246","G"
"2025","8","PH","3","S"
"2025","12","IL","203","G"
"2025","3","DK","617","D"
"2025","6","SI","356","D"
"2025","6","GB","479","Z"
"2025","12","TH","22","S"
"2025","6","LV","574","G"
"2025","2","AT","689","D"
"2025","11","HU","2103","G"
"2025","9","NO","163","Z"
"2025","2","BE","1974","D"
"2025","4","KW","1","Z"
"2025","7","SA","43","FX"
"2025","1","SA","53","S"
"2025","4","HK","20","D"
"2025","7","TR","119","D"
"2025","11","NL","261","S"
"2025","5","LU","73","D"
"2025","12","PL","9","W"
"2025","1","LV","122","D"
"2025","5","PT","66","S"
"2025","9","AE","117","S"
"2025","3","DK","47","Z"
"2025","9","HU","1550","D"
"2025","7","RO","4","Z"
"2025","1","CZ","1257","D"
"2025","9","JP","113","G"
"2025","12","VN","4","D"
"2025","2","KE","2","G"
"2025","7","IT","8074","G"
"2025","12","AR","42","D"
"2025","9","LT","15","S"
"2025","6","GB","51","C"
"2025","8","AR","95","D"
"2025","3","NO","67","Z"
"2025","5","AE","1","Z"
"2025","1","HK","1","P"
"2025","3","AU","42","Z"
"2025","2","DK","68","S"
"2025","5","AE","139","S"
"2025","2","ES","4351","G"
"2025","8","PL","3847","G"
"2025","8","KW","17","S"
"2025","12","BT","1","S"
"2025","9","FI","313","D"
"2025","8","SK","1121","G"
"2025","7","BT","2","Z"
"2025","1","JP","1","P"
"2025","11","NO","133","Z"
"2025","9","MY","35","S"
"2025","9","NZ","35","G"
"2025","6","CZ","2201","G"
"2025","4","UA","245","FX"
"2025","5","SI","78","S"
"2025","12","IN","91","S"
"2025","9","SA","30","S"
"2025","9","DK","34","Z"
"2025","7","PT","37","Z"
"2025","8","ZA","15","S"
"2025","1","ES","2350","D"
"2025","8","EG","51","G"
"2025","1","GB","10685","G"
"2025","5","AT","72","Z"
"2025","3","CY","926","G"
"2025","6","EE","95","D"
"2025","2","HU","22","Z"
"2025","1","BE","244","S"
"2025","11","BG","213","D"
"2025","9","ES","278","S"
"2025","8","SE","93","S"
"2025","3","CL","37","S"
"2025","8","CN","105","S"
"2025","1","EE","29","S"
"2025","5","SE","64","Z"
"2025","8","LT","141","D"
"2025","2","GB","11684","G"
"2025","10","BH","27","G"
"2025","10","GB","7691","G"
"2025","9","AT","1","P"
"2025","11","IN","5","Z"
"2025","5","ES","4","C"
"2025","7","TR","160","Z"
"2025","1","EE","3","Z"
"2025","12","LT","1","Z"
"2025","1","SG","102","S"
"2025","9","CL","1","S"
"2025","11","GB","572","Z"
"2025","5","LV","16","S"
"2025","1","ZA","20","D"
"2025","5","VN","4","Z"
"2025","7","MY","213","G"
"2025","1","ID","3","D"
"2025","12","AT","10","S"
"2025","1","PL","5273","D"
"2025","7","SA","17","S"
"2025","3","CZ","440","S"
"2025","10","MY","28","S"
"2025","10","GB","101","S"
"2025","5","MY","25","S"
"2025","7","HK","1","P"
"2025","6","ID","2","D"
"2025","12","SG","13","G"
"2025","4","GR","170","S"
"2025","3","SI","622","G"
"2025","10","SK","73","S"
"2025","4","BT","1","Z"
"2025","3","IE","2114","G"
"2025","8","DK","551","D"
"2025","5","GB","17","D"
"2025","4","ID","202","G"
"2025","5","CZ","1223","D"
"2025","7","BG","15","Z"
"2025","4","EE","92","D"
"2025","9","KR","6","D"
"2025","4","IN","138","S"
"2025","4","CY","586","G"
"2025","2","NO","132","Z"
"2025","11","JP","124","G"
"2025","1","CH","116","S"
"2025","10","CZ","1257","D"
"2025","10","SI","97","S"
"2025","5","FR","113","D"
"2025","11","GB","109","S"
"2025","6","AR","87","D"
"2025","9","NZ","1","D"
"2025","6","MY","19","S"
"2025","11","PT","3181","G"
"2025","10","NL","50","SD"
"2025","9","ZA","61","G"
"2025","8","SI","438","G"
"2025","8","HU","1473","D"
"2025","12","TM","3","G"
"2025","8","SI","6","Z"
"2025","6","GB","110","S"
"2025","6","SG","103","S"
"2025","6","JO","10","S"
"2025","12","BE","101","S"
"2025","7","NL","194","Z"
"2025","7","BG","1030","G"
"2025","4","JP","140","G"
"2025","5","ID","1","Z"
"2025","12","FI","44","S"
"2025","3","PT","3544","G"
"2025","4","PT","3694","D"
"2025","2","GB","4","P"
"2025","4","SE","104","Z"
"2025","3","FJ","343","G"
"2025","5","SG","16","Z"
"2025","9","AT","590","D"
"2025","4","SG","167","G"
"2025","3","JP","133","G"
"2025","8","MY","184","G"
"2025","10","IN","5","Z"
"2025","5","NL","3","C"
"2025","5","AE","149","G"
"2025","11","CY","15","S"
"2025","5","IN","139","S"
"2025","11","BR","7","S"
"2025","6","TR","1","C"
"2025","2","BH","41","S"
"2025","9","SK","1170","G"
"2025","9","SA","102","G"
"2025","8","SA","179","FX"
"2025","1","DK","1399","G"
"2025","12","EE","63","D"
"2025","12","NL","3","C"
"2025","12","GR","52","S"
"2025","11","EE","4","Z"
"2025","9","TM","3","G"
"2025","2","PH","40","G"
"2025","10","LT","606","G"
"2025","2","CN","87","S"
"2025","5","TW","14","S"
"2025","4","BG","62","S"
"2025","9","PT","32","Z"
"2025","11","BT","2","G"
"2025","6","NL","48","SD"
"2025","6","BE","3196","G"
"2025","11","JO","24","G"
"2025","4","LV","20","S"
"2025","4","SA","168","FX"
"2025","3","SG","102","S"
"2025","8","IL","314","G"
"2025","11","AT","67","Z"
"2025","6","ID","46","S"
"2025","4","GB","10371","G"
"2025","6","GB","1","YA"
"2025","6","KR","135","S"
"2025","2","JO","40","G"
"2025","1","PT","44","Z"
"2025","7","GB","3","P"
"2025","1","CY","97","S"
"2025","7","IE","31","S"
"2025","2","EG","59","G"
"2025","4","SI","82","S"
"2025","7","AE","167","G"
"2025","2","LV","130","D"
"2025","11","NL","3","C"
"2025","6","SK","2188","FX"
"2025","1","GR","161","S"
"2025","8","SA","1","D"
"2025","2","IT","8417","G"
"2025","1","KR","118","S"
"2025","7","MT","229","G"
"2025","1","HK","1","Z"
"2025","1","FI","1583","G"
"2025","8","GR","263","D"
"2025","7","SK","687","FX"
"2025","9","CY","27","S"
"2025","4","CH","312","D"
"2025","5","NO","123","D"
"2025","2","HK","62","G"
"2025","9","SE","108","S"
"2025","4","MY","234","G"
"2025","9","IT","7761","G"
"2025","8","TH","6","Z"
"2025","8","TH","339","D"
"2025","4","MY","6","Z"
"2025","6","ZA","20","D"
"2025","11","HK","1","Z"
"2025","4","CY","11","D"
"2025","9","TR","109","D"
"2025","4","VN","6","S"
"2025","12","DK","279","D"
"2025","5","EG","50","G"
"2025","3","TH","116","S"
"2025","8","SA","28","S"
"2025","8","NA","1","G"
"2025","7","LU","47","S"
"2025","12","JO","1","FX"
"2025","3","EE","26","S"
"2025","11","EG","35","G"
"2025","2","GB","135","S"
"2025","11","AT","1367","G"
"2025","3","KW","39","G"
"2025","4","CZ","2086","G"
"2025","2","NZ","2","D"
"2025","3","SK","1","C"
"2025","12","BG","8","Z"
"2025","12","CL","4","S"
"2025","2","IT","42","S"
"2025","9","EE","25","S"
"2025","3","PL","4777","G"
"2025","7","LT","3","Z"
"2025","3","SA","150","FX"
"2025","7","SI","79","S"
"2025","5","LU","11","Z"
"2025","5","DK","1260","G"
"2025","11","NZ","7","S"
"2025","7","NL","2232","D"
"2025","4","MY","159","D"
"2025","7","VN","5","D"
"2025","3","ID","1","Z"
"2025","4","GR","1498","G"
"2025","12","GR","1","Z"
"2025","3","VN","2","D"
"2025","10","CY","1","W"
"2025","1","EG","79","G"
"2025","11","AU","706","G"
"2025","4","SG","3","D"
"2025","10","FR","182","D"
"2025","4","AT","1591","G"
"2025","10","JP","115","G"
"2025","8","AE","113","S"
"2025","10","TW","51","G"
"2025","8","NO","62","S"
"2025","6","SK","76","S"
"2025","6","BG","601","FX"
"2025","7","FJ","53","D"
"2025","5","EE","3","Z"
"2025","11","TR","93","D"
"2025","3","TR","148","D"
"2025","7","GR","321","D"
"2025","10","AT","1","P"
"2025","11","CY","1","Z"
"2025","7","SE","784","D"
"2025","10","ZA","66","G"
"2025","1","PL","9","W"
"2025","9","NO","1175","G"
"2025","11","CA","3","FX"
"2025","7","TH","119","S"
"2025","4","SI","357","D"
"2025","10","IL","8","Z"
"2025","3","SI","5","Z"
"2025","1","BT","5","S"
"2025","7","NL","55","SD"
"2025","8","ES","4","C"
"2025","11","AE","149","G"
"2025","2","ES","290","S"
"2025","3","SG","164","G"
"2025","10","FJ","48","D"
"2025","11","HU","1551","D"
"2025","2","SG","17","Z"
"2025","3","PL","8","W"
"2025","9","KW","1","D"
"2025","11","VN","164","G"
"2025","12","NL","2243","G"
"2025","8","BH","33","G"
"2025","5","NL","237","Z"
"2025","12","IT","3841","G"
"2025","8","IE","1866","G"
"2025","7","EE","28","S"
"2025","4","AR","93","D"
"2025","6","AU","6","YA"
"2025","4","SE","118","S"
"2025","3","ES","4457","G"
"2025","2","FI","86","S"
"2025","9","TW","19","S"
"2025","11","HK","5","S"
"2025","7","SE","101","S"
"2025","2","ZA","172","G"
"2025","2","GR","1572","G"
"2025","11","ID","32","S"
"2025","4","AU","26","S"
"2025","6","EG","43","G"
"2025","10","JP","177","S"
"2025","4","CZ","402","S"
"2025","1","GB","566","Z"
"2025","10","TR","159","Z"
"2025","6","HU","1653","D"
"2025","11","IT","7521","G"
"2025","4","SE","872","D"
"2025","1","JO","12","S"
"2025","4","FI","381","D"
"2025","4","EG","43","D"
"2025","1","CY","9","D"
"2025","8","MY","26","S"
"2025","10","PH","38","G"
"2025","7","CZ","1198","D"
"2025","12","GR","543","G"
"2025","9","CY","18","D"
"2025","6","SA","200","FX"
"2025","3","ZA","2","Z"
"2025","11","BR","2","FX"
"2025","4","CH","9311","G"
"2025","4","NL","4553","G"
"2025","6","SK","1328","G"
"2025","10","LV","558","G"
"2025","7","GB","32","D"
"2025","1","HU","2090","G"
"2025","2","PL","8","W"
"2025","8","NL","1","P"
"2025","11","CN","4","D"
"2025","7","IN","12","D"
"2025","11","PL","194","S"
"2025","10","FI","102","S"
"2025","10","BE","97","Z"
"2025","6","CY","11","D"
"2025","6","BG","17","Z"
"2025","3","RO","109","S"
"2025","4","ID","1","Z"
"2025","6","HK","17","D"
"2025","10","VN","3","D"
"2025","10","GR","1376","G"
"2025","11","CA","1","W"
"2025","8","SG","130","G"
"2025","5","NO","52","Z"
"2025","12","SE","385","D"
"2025","6","BT","2","Z"
"2025","12","IL","1","Z"
"2025","5","AT","26","S"
"2025","4","FR","339","S"
"2025","9","ES","1839","D"
"2025","12","IE","15","S"
"2025","6","HK","1","P"
"2025","9","LT","594","G"
"2025","12","AU","15","S"
"2025","10","PH","1","Z"
"2025","4","NO","129","D"
"2025","1","IE","2","W"
"2025","7","BG","58","S"
"2025","5","GB","24","C"
"2025","9","MY","167","G"
"2025","3","FI","377","D"
"2025","3","HK","4","S"
"2025","3","ZA","9","S"
"2025","5","PT","3462","G"
"2025","2","FR","194","D"
"2025","8","ES","3327","G"
"2025","2","RO","2353","G"
"2025","11","IN","10","D"
"2025","7","CY","3590","FX"
"2025","5","TH","344","G"
"2025","3","IT","1","D"
"2025","8","VN","156","G"
"2025","4","AU","7","YA"
"2025","12","HK","13","D"
"2025","6","BH","35","G"
"2025","6","JO","1","Z"
"2025","8","GR","1315","G"
"2025","7","TH","373","G"
"2025","10","IT","138","Z"
"2025","8","CL","5","S"
"2025","12","NZ","1","D"
"2025","12","SE","1035","G"
"2025","12","GB","61","S"
"2025","2","LU","393","G"
"2025","3","NL","4858","G"
"2025","12","FI","663","G"
"2025","1","ZA","9","S"
"2025","12","IT","28","S"
"2025","9","PL","212","S"
"2025","2","IT","242","Z"
"2025","5","CY","28","S"
"2025","7","GB","10351","G"
"2025","2","BG","55","S"
"2025","6","ZA","9","S"
"2025","3","LT","168","D"
"2025","11","NO","67","S"
"2025","1","BH","42","S"
"2025","9","EE","81","D"
"2025","6","TW","28","S"
"2025","9","NL","3","C"
"2025","2","FR","5759","G"
"2025","8","SE","714","D"
"2025","11","PT","37","FX"
"2025","12","PT","13","FX"
"2025","4","NL","272","S"
"2025","1","AE","1","Z"
"2025","11","CH","6989","G"
"2025","12","PT","1793","G"
"2025","8","ZA","82","G"
"2025","12","FR","1","YA"
"2025","1","NL","1","W"
"2025","8","EG","9","Z"
"2025","6","AT","52","Z"
"2025","6","HU","384","S"
"2025","10","SK","675","D"
"2025","6","DK","49","S"
"2025","12","GR","156","D"
"2025","11","UA","231","FX"
"2025","7","EG","12","S"
"2025","7","FR","1","P"
"2025","2","CH","304","D"
"2025","8","SK","1","Z"
"2025","11","NL","3820","G"
"2025","9","CY","3","Z"
"2025","10","EG","46","G"
"2025","4","BH","2","D"
"2025","9","NL","2","W"
"2025","11","AE","146","S"
"2025","2","HU","2347","G"
"2025","5","IL","337","G"
"2025","11","GR","290","D"
"2025","1","PH","3","S"
"2025","2","MY","214","G"
"2025","10","LU","40","S"
"2025","3","JO","10","S"
"2025","11","SI","458","G"
"2025","9","GB","8415","G"
"2025","10","ZA","8","S"
"2025","8","SG","103","S"
"2025","2","BG","771","FX"
"2025","9","AU","26","S"
"2025","1","BG","1045","G"
"2025","3","NL","1","W"
"2025","7","TW","28","S"
"2025","8","KR","8","D"
"2025","1","AE","123","G"
"2025","5","SK","62","S"
"2025","3","BH","2","D"
"2025","6","NZ","19","S"
"2025","6","NO","128","D"
"2025","3","ES","5","C"
"2025","11","KR","135","S"
"2025","2","ZA","2","Z"
"2025","5","NZ","2","D"
"2025","3","GB","16","D"
"2025","6","DK","1245","G"
"2025","5","ZA","144","G"
"2025","2","MY","30","S"
"2025","10","BG","23","Z"
"2025","9","DK","54","S"
"2025","6","IN","36","G"
"2025","7","NO","114","D"
"2025","8","NO","1153","G"
"2025","4","BG","765","FX"
"2025","9","NL","2158","D"
"2025","9","TW","45","G"
"2025","3","ID","4","D"
"2025","12","TR","63","S"
"2025","3","TH","1","Z"
"2025","3","TR","5263","G"
"2025","10","AE","107","S"
"2025","8","CN","4","D"
"2025","4","SK","2267","FX"
"2025","9","SK","70","S"
"2025","4","PH","42","G"
"2025","7","BE","122","Z"
"2025","7","JP","177","S"
"2025","5","AT","1597","G"
"2025","1","GR","14","Z"
"2025","11","BT","1","Z"
"2025","9","NL","209","Z"
"2025","4","HU","355","S"
"2025","12","AE","31","D"
"2025","11","CH","3","Z"
"2025","12","MY","2","Z"
"2025","1","CZ","392","S"
"2025","12","SI","1","Z"
"2025","5","IT","1","D"
"2025","1","IT","8300","G"
"2025","4","DK","66","Z"
"2025","11","CH","100","S"
"2025","5","FR","267","S"
"2025","11","ES","4","C"
"2025","2","SK","4","Z"
"2025","1","AU","4","YA"
"2025","9","BE","114","Z"
"2025","6","CH","108","S"
"2025","2","TM","3","G"
"2025","11","SK","2","Z"
"2025","12","ZA","14","G"
"2025","10","EE","34","S"
"2025","7","EG","12","Z"
"2025","11","KR","50","G"
"2025","10","SG","83","G"
"2025","5","NL","3","W"
"2025","8","CH","6","P"
"2025","9","FI","1427","G"
"2025","7","HK","20","D"
"2025","12","CZ","255","S"
"2025","12","SE","14","Z"
"2025","3","IT","8323","G"
"2025","11","NL","1","W"
"2025","7","FJ","306","G"
"2025","8","BE","1","C"
"2025","6","AU","19","S"
"2025","2","AT","3","P"
"2025","5","HK","4","S"
"2025","3","EG","12","Z"
"2025","9","SA","126","FX"
"2025","9","AU","866","G"
"2025","1","IL","368","G"
"2025","3","SA","19","S"
"2025","10","NL","3965","G"
"2025","12","BG","503","FX"
"2025","1","LU","44","S"
"2025","3","CZ","2358","G"
"2025","7","FR","175","D"
"2025","4","ZA","159","G"
"2025","5","HK","62","G"
"2025","1","NL","4513","G"
"2025","11","US","3","S"
"2025","6","TH","810","D"
"2025","2","RO","2068","D"
"2025","1","EE","113","D"
"2025","2","CY","2168","FX"
"2025","10","FR","127","Z"
"2025","4","PT","3664","G"
"2025","12","GB","2629","G"
"2025","4","EG","20","S"
"2025","8","SE","44","Z"
"2025","11","HU","313","S"
"2025","11","SA","91","FX"
"2025","12","HK","2","Z"
"2025","8","BE","1617","D"
"2025","6","AU","42","Z"
"2025","3","VN","183","G"
"2025","12","FJ","158","G"
"2025","3","SE","2385","G"
"2025","3","EG","10","S"
"2025","3","SK","1","Z"
"2025","12","CN","5","D"
"2025","5","SE","858","D"
"2025","7","VN","6","S"
"2025","4","GB","14","C"
"2025","8","FR","139","Z"
"2025","11","SI","66","S"
"2025","12","NL","1","W"
"2025","10","NO","1212","G"
"2025","10","SG","105","S"
"2025","4","KW","1","D"
"2025","4","TM","4","G"
"2025","9","CN","5","D"
"2025","12","SG","1","D"
"2025","7","PL","206","S"
"2025","2","CN","213","G"
"2025","1","HK","74","G"
"2025","6","CH","9","P"
"2025","7","SG","3","D"
"2025","4","HK","64","G"
"2025","4","KR","5","Z"
"2025","4","IL","312","G"
"2025","10","IE","2","W"
"2025","7","RO","95","S"
"2025","2","LU","73","D"
"2025","8","KW","35","G"
"2025","9","HU","24","Z"
"2025","5","BH","1","Z"
"2025","5","CH","6861","G"
"2025","7","CH","6","P"
"2025","4","NL","50","SD"
"2025","9","AU","3","YA"
"2025","11","PT","3502","D"
"2025","12","TR","1","C"
"2025","5","RO","92","S"
"2025","12","TW","20","S"
"2025","7","TR","5406","G"
"2025","10","PL","4268","D"
"2025","3","BE","3477","G"
"2025","11","MT","193","G"
"2025","10","NL","115","Z"
"2025","2","RO","93","S"
"2025","2","CY","4","Z"
"2025","4","TH","119","S"
"2025","3","PL","5268","D"
"2025","1","KW","49","G"
"2025","7","HU","1562","D"
"2025","3","IE","37","S"
"2025","3","GB","129","S"
"2025","9","AT","24","S"
"2025","8","VN","7","S"
"2025","10","CH","285","D"
"2025","6","CH","256","D"
"2025","8","NZ","2","D"
"2025","2","PL","5374","D"
"2025","2","BH","41","G"
"2025","11","SK","635","D"
"2025","2","LU","49","S"
"2025","1","TH","421","G"
"2025","4","IT","8225","G"
"2025","3","FR","5977","G"
"2025","10","IE","238","D"
"2025","1","TW","3","Z"
"2025","11","TH","132","S"
"2025","6","HU","27","Z"
"2025","3","BG","57","S"
"2025","6","PT","3409","G"
"2025","6","CZ","1261","D"
"2025","5","TR","94","S"
"2025","12","KW","1","Z"
"2025","11","FI","318","D"
"2025","6","ES","4","C"
"2025","12","ID","1","D"
"2025","2","LT","13","S"
"2025","5","BT","3","G"
"2025","9","HK","4","S"
"2025","2","KR","10","D"
"2025","2","VN","1","Z"
"2025","3","EE","98","D"
"2025","2","SA","39","S"
"2025","10","SK","794","FX"
"2025","11","PT","1","W"
"2025","5","NZ","45","G"
"2025","6","LT","647","G"
"2025","4","AT","30","S"
"2025","5","JP","184","S"
"2025","1","PL","212","S"
"2025","10","LT","4","Z"
"2025","10","TH","5","Z"
"2025","9","CZ","366","S"
"2025","4","NL","3","C"
"2025","3","AE","111","S"
"2025","12","KR","6","D"
"2025","5","CZ","2148","G"
"2025","9","IE","2","W"
"2025","10","EE","88","D"
"2025","4","TW","68","G"
"2025","12","MY","83","D"
"2025","6","KW","35","G"
"2025","2","AT","39","S"
"2025","10","CN","95","S"
"2025","2","CH","105","S"
"2025","9","FR","127","D"
"2025","6","LV","126","D"
"2025","6","LU","67","D"
"2025","3","HK","17","D"
"2025","8","CH","1","Z"
"2025","2","HK","15","D"
"2025","9","SI","1","FX"
"2025","4","EE","7","Z"
"2025","8","TR","1","C"
"2025","1","LU","348","G"
"2025","1","IT","1","D"
"2025","1","LT","149","D"
"2025","8","TR","125","Z"
"2025","10","RO","1699","D"
"2025","7","HU","28","Z"
"2025","8","CH","7061","G"
"2025","9","AU","36","Z"
"2025","8","ES","1846","D"
"2025","10","DK","1245","G"
"2025","1","LT","9","Z"
"2025","8","NL","249","Z"
"2025","6","IT","8026","G"
"2025","1","BH","36","G"
"2025","4","JO","2","G"
"2025","1","PH","36","G"
"2025","1","TH","124","S"
"2025","1","SK","2463","FX"
"2025","12","JP","144","S"
"2025","3","BG","1224","G"
"2025","9","AE","157","G"
"2025","11","LV","18","S"
"2025","3","AT","58","Z"
"2025","1","BG","6","YA"
"2025","2","FJ","52","D"
"2025","1","AT","33","S"
"2025","5","CY","681","G"
"2025","9","IT","127","Z"
"2025","10","CZ","38","Z"
"2025","8","HK","20","D"
"2025","6","LV","10","Z"
"2025","9","LT","3","Z"
"2025","3","JP","1","P"
"2025","12","CH","172","D"
"2025","10","DK","35","Z"
"2025","4","LU","47","S"
"2025","1","IT","89","S"
"2025","2","NO","1435","G"
"2025","8","PT","33","Z"
"2025","2","EE","8","Z"
"2025","1","GB","38","C"
"2025","9","CH","123","S"
"2025","4","PL","4421","D"
"2025","3","SE","77","Z"
"2025","11","IL","1","D"
"2025","11","LV","493","G"
"2025","2","LU","9","Z"
"2025","2","JP","138","G"
"2025","12","CH","5","P"
"2025","9","CH","298","D"
"2025","9","LV","19","S"
"2025","2","SK","2079","FX"
"2025","6","TH","108","S"
"2025","8","BT","2","G"
"2025","7","LU","67","D"
"2025","1","IE","2049","G"
"2025","2","BE","3464","G"
"2025","11","RO","2","Z"
"2025","11","LT","532","G"
"2025","7","SG","96","S"
"2025","3","BG","220","D"
"2025","4","NZ","10","S"
"2025","8","AE","129","G"
"2025","1","CY","3","Z"
"2025","9","ID","42","S"
"2025","6","CZ","50","Z"
"2025","7","HK","3","Z"
"2025","5","VN","7","D"
"2025","8","TR","121","D"
"2025","8","TH","126","S"
"2025","1","TW","19","S"
"2025","11","GR","1277","G"
"2025","2","AE","114","G"
"2025","6","GR","306","D"
"2025","9","FR","271","S"
"2025","3","LT","9","Z"
"2025","7","KW","13","S"
"2025","11","DK","62","S"
"2025","12","TH","51","G"
"2025","6","CY","41","S"
"2025","3","TR","2","C"
"2025","4","AE","38","D"
"2025","11","AR","73","D"
"2025","3","HU","389","S"
"2025","3","ES","342","S"
"2025","5","FJ","4","Z"
"2025","5","EE","102","D"
"2025","4","NO","170","Z"
"2025","1","PL","4587","G"
"2025","1","IL","2","D"
"2025","8","AU","4","YA"
"2025","1","ZA","133","G"
"2025","8","SK","64","S"
"2025","12","EE","1","Z"
"2025","11","TH","232","G"
"2025","11","ID","137","G"
"2025","1","SE","2333","G"
"2025","9","ES","4","C"
"2025","12","TR","23","Z"
"2025","11","FJ","284","G"
"2025","12","AU","1","D"
"2025","1","EE","439","G"
"2025","5","CH","4","Z"
"2025","4","LU","13","Z"
"2025","8","TM","1","Z"
"2025","2","KR","93","G"
"2025","12","FR","56","D"
"2025","5","TH","2","Z"
"2025","2","DK","1414","G"
"2025","2","AE","100","S"
"2025","2","IE","31","S"
"2025","6","AE","2","Z"
"2025","6","GB","9709","G"
"2025","3","MT","252","G"
"2025","8","GB","87","S"
"2025","5","IE","44","Z"
"2025","4","ES","1","W"
"2025","7","MY","30","S"
"2025","12","TW","22","G"
"2025","2","GR","140","S"
"2025","9","NL","233","S"
"2025","2","LV","22","S"
"2025","7","PL","4244","D"
"2025","7","DK","560","D"
"2025","7","PT","3560","G"
"2025","4","KR","9","D"
"2025","1","KW","1","D"
"2025","4","ID","3","D"
"2025","3","CH","1","Z"
"2025","12","AT","439","G"
"2025","2","EG","18","S"
"2025","12","CN","63","S"
"2025","10","SG","10","Z"
"2025","10","NZ","17","G"
"2025","6","NL","1","W"
"2025","11","EE","29","S"
"2025","6","RO","2052","G"
"2025","4","FJ","4","S"
"2025","3","SK","697","D"
"2025","3","FI","86","S"
"2025","4","TR","96","S"
"2025","9","SE","2021","G"
"2025","6","MY","134","D"
"2025","6","EG","1","Z"
"2025","2","TH","2","Z"
"2025","10","BE","3081","G"
"2025","3","NZ","1","D"
"2025","3","VN","2","Z"
"2025","11","CA","2","S"
"2025","4","CH","1","Z"
"2025","5","BE","131","Z"
"2025","10","PT","37","Z"
"2025","6","SG","4","D"
"2025","8","FR","239","S"
"2025","12","GB","201","Z"
"2025","10","IN","141","S"
"2025","1","ID","213","G"
"2025","9","HU","327","S"
"2025","5","CH","303","D"
"2025","11","SI","310","D"
"2025","8","AE","36","D"
"2025","4","IE","1660","G"
"2025","12","KR","30","G"
"2025","1","VN","6","S"
"2025","6","NA","1","G"
"2025","3","HU","2430","G"
"2025","10","FJ","3","Z"
"2025","2","IE","2","W"
"2025","7","IE","1742","G"
"2025","12","SE","60","S"
"2025","5","MY","149","D"
"2025","7","TW","59","G"
"2025","9","IN","2","Z"
"2025","5","KR","139","S"
"2025","5","AU","27","Z"
"2025","3","DK","1336","G"
"2025","3","FJ","4","Z"
"2025","7","SI","517","G"
"2025","10","IT","65","S"
"2025","9","EG","45","D"
"2025","2","GB","568","Z"
"2025","11","BE","1619","D"
"2025","11","BR","2","D"
"2025","1","ES","1","W"
"2025","6","ZA","138","G"
"2025","8","HU","1967","G"
"2025","3","TR","107","Z"
"2025","11","MY","111","D"
"2025","7","CY","619","G"
"2025","8","PT","3230","D"
"2025","5","EG","14","Z"
"2025","11","AU","2","YA"
"2025","12","SA","27","FX"
"2025","11","TW","18","S"
"2025","7","PT","3701","D"
"2025","11","SG","107","S"
"2025","11","IT","78","Z"
"2025","5","GB","8222","G"
"2025","12","UA","17","FX"
"2025","10","IN","12","D"
"2025","5","SI","527","G"
"2025","11","BH","1","Z"
"2025","2","IN","9","D"
"2025","6","JP","108","G"
"2025","2","CZ","414","S"
"2025","12","HU","195","S"
"2025","2","BG","7","YA"
"2025","8","AT","1","P"
"2025","4","GB","771","Z"
"2025","9","BT","1","Z"
"2025","8","AT","1447","G"
"2025","5","CZ","416","S"
"2025","12","ES","1983","G"
"2025","6","IE","238","D"
"2025","10","ID","39","S"
"2025","6","MY","2","Z"
"2025","2","NL","4558","G"
"2025","12","PL","149","S"
"2025","2","IL","3","D"
"2025","7","DK","45","S"
"2025","7","BG","943","FX"
"2025","2","VN","4","S"
"2025","3","PT","3523","D"
"2025","8","NL","3749","G"
"2025","1","SK","583","D"
"2025","12","KW","12","S"
"2025","6","PL","4461","D"
"2025","2","SK","668","D"
"2025","4","ES","2163","D"
"2025","7","KR","7","D"
"2025","3","CH","9","P"
"2025","8","NL","3","C"
"2025","3","PT","76","S"
"2025","10","BG","8","YA"
"2025","4","FI","1634","G"
"2025","6","VN","4","D"
"2025","11","IT","1","W"
"2025","2","SG","153","G"
"2025","9","EE","330","G"
"2025","8","RO","90","S"
"2025","5","RO","2016","G"
"2025","6","SK","685","D"
"2025","4","DK","1285","G"
"2025","2","ZA","23","D"
"2025","6","LT","7","Z"
"2025","2","PL","213","S"
"2025","8","JO","11","S"
"2025","10","AE","36","D"
"2025","3","CY","4","Z"
"2025","10","MY","153","G"
"2025","8","SE","1955","G"
"2025","2","JO","5","S"
"2025","7","PL","9","W"
"2025","2","AT","57","Z"
"2025","3","NO","147","D"
"2025","12","IT","1","W"
"2025","6","LU","43","S"
"2025","9","PL","4","W"
"2025","10","NZ","1","Z"
"2025","5","PL","192","S"
"2025","12","IT","3","D"
"2025","5","NL","2169","D"
"2025","10","PT","3502","G"
"2025","12","HU","1452","G"
"2025","10","AT","1510","G"
"2025","10","SG","3","D"
"2025","12","FJ","35","D"
"2025","11","BE","1","C"
"2025","7","DK","44","Z"
"2025","9","FJ","56","D"
"2025","9","BG","978","G"
"2025","1","LT","692","G"
"2025","5","IN","37","G"
"2025","7","EG","46","D"
"2025","3","MY","238","G"
"2025","7","IN","31","G"
"2025","2","FJ","287","G"
"2025","12","LV","44","D"
"2025","9","NL","44","SD"
"2025","5","GR","1343","G"
"2025","12","CH","1","Z"
"2025","9","NA","1","G"
"2025","9","PL","4124","D"
"2025","1","BE","1928","D"
"2025","9","CH","2","Z"
"2025","2","NO","65","S"
"2025","7","FJ","5","S"
"2025","9","LU","45","S"
"2025","8","LV","545","G"
"2025","3","IN","116","S"
"2025","1","NL","2250","D"
"2025","12","DK","14","Z"
"2025","3","MY","2","Z"
"2025","7","EE","357","G"
"2025","9","ZA","9","S"
"2025","9","PH","50","G"
"2025","7","SK","1","W"
"2025","10","TM","1","Z"
"2025","8","LU","291","G"
"2025","2","CZ","2256","G"
"2025","10","EG","40","D"
"2025","11","NO","108","D"
"2025","2","SA","148","FX"
"2025","8","PL","4086","D"
"2025","8","TR","4663","G"
"2025","1","BG","48","S"
"2025","4","LT","158","D"
"2025","11","NZ","19","G"
"2025","11","PL","10","W"
"2025","9","FJ","7","S"
"2025","3","PT","6974","FX"
"2025","11","KW","1","Z"
"2025","2","GR","348","D"
"2025","8","RO","2","FX"
"2025","3","ZA","23","D"
"2025","10","BG","1033","G"
"2025","3","GR","150","S"
"2025","2","KW","18","S"
"2025","4","BH","29","G"
"2025","9","KW","23","S"
"2025","1","FJ","5","S"
"2025","10","ES","2102","D"
"2025","2","AE","1","Z"
"2025","8","NO","115","D"
"2025","1","CL","31","S"
"2025","11","AT","627","D"
"2025","4","BE","152","Z"
"2025","6","NL","2084","D"
"2025","12","JP","46","G"
"2025","4","BE","3452","G"
"2025","10","BT","6","S"
"2025","3","CY","9","D"
"2025","8","SK","1","W"
"2025","11","CY","145","FX"
"2025","12","PL","3128","D"
"2025","9","TH","112","S"
"2025","4","NO","1423","G"
"2025","4","SK","1","C"
"2025","8","FR","116","D"
"2025","6","CY","647","G"
"2025","11","PT","76","S"
"2025","1","FR","4","P"
"2025","3","KR","6","D"
"2025","12","EE","7","S"
"2025","5","NL","270","S"
"2025","11","VN","5","S"
"2025","9","LU","10","Z"
"2025","4","IN","42","G"
"2025","4","FR","179","D"
"2025","9","EG","9","Z"
"2025","12","EG","1","Z"
"2025","4","DK","587","D"
"2025","11","FR","140","D"
"2025","2","NZ","1","Z"
"2025","1","GR","1656","G"
"2025","9","GB","570","Z"
"2025","7","CN","256","G"
"2025","2","FR","182","Z"
"2025","2","NL","1","W"
"2025","8","BE","107","Z"
"2025","8","ID","177","G"
"2025","9","SI","328","D"
"2025","11","DK","554","D"
"2025","11","TM","1","Z"
"2025","9","JP","177","S"
"2025","8","ID","3","D"
"2025","7","RO","2030","G"
"2025","1","FR","1","C"
"2025","9","TH","302","G"
"2025","1","LU","70","D"
"2025","6","IT","167","Z"
"2025","1","LV","19","S"
"2025","8","CH","99","S"
"2025","6","CN","4","D"
"2025","10","FI","1543","G"
"2025","1","MY","24","S"
"2025","1","DK","52","Z"
"2025","6","GR","1334","G"
"2025","4","NL","2311","D"
"2025","8","FJ","309","G"
"2025","3","HK","1","P"
"2025","5","KW","44","G"
"2025","6","JP","195","S"
"2025","11","KR","6","D"
"2025","9","LV","9","Z"
"2025","4","HU","2159","G"
"2025","6","FR","1","P"
"2025","9","SE","824","D"
"2025","1","AT","696","D"
"2025","8","SG","9","Z"
"2025","7","SK","72","S"
"2025","2","CY","18","D"
"2025","1","SE","116","S"
"2025","2","FI","364","D"
"2025","4","HK","2","Z"
"2025","1","SA","164","G"
"2025","5","ZA","17","S"
"2025","9","DK","1138","G"
"2025","4","IE","262","D"
"2025","2","BG","1139","G"
"2025","1","KW","11","S"
"2025","2","BT","1","Z"
"2025","11","LV","11","Z"
"2025","1","CN","252","G"
"2025","9","BT","2","G"
"2025","11","EG","10","S"
"2025","5","NZ","5","S"
"2025","6","UA","83","FX"
"2025","3","HU","38","Z"
"2025","8","TW","3","Z"
"2025","12","GR","1","W"
"2025","7","IT","144","Z"
"2025","2","IL","8","Z"
"2025","8","HK","1","P"
"2025","7","IL","344","G"
"2025","12","ES","2","Z"
"2025","9","EE","1","Z"
"2025","11","LT","1","Z"
"2025","12","IE","561","G"
"2025","4","CZ","1223","D"
"2025","1","TR","82","S"
"2025","7","ES","2103","D"
"2025","2","GB","17","D"
"2025","12","LV","2","Z"
"2025","1","LV","15","Z"
"2025","7","GB","24","C"
"2025","1","AU","27","Z"
"2025","1","IN","12","D"
"2025","3","ID","36","S"
"2025","2","LV","640","G"
"2025","1","KR","4","Z"
"2025","2","TW","71","G"
"2025","3","AT","1694","G"
"2025","1","JP","187","S"
"2025","11","CA","3","G"
"2025","11","LU","42","S"
"2025","9","KE","1","S"
"2025","4","RO","1770","D"
"2025","9","IE","33","S"
"2025","10","FR","5707","G"
"2025","11","BE","56","Z"
"2025","6","TH","1","Z"
"2025","1","MY","1","Z"
"2025","6","ES","2149","D"
"2025","12","CY","229","G"
"2025","5","FJ","47","D"
"2025","3","RO","2402","G"
"2025","5","PH","1","S"
"2025","4","TW","3","Z"
"2025","3","FR","333","S"
"2025","9","SG","4","D"
"2025","11","SA","54","G"
"2025","10","EG","1","Z"
"2025","2","FJ","8","S"
"2025","3","TH","1074","D"
"2025","10","AU","16","S"
"2025","11","FJ","2","S"
"2025","2","GR","23","Z"
"2025","12","NO","33","Z"
"2025","4","LT","11","Z"
"2025","7","ZA","11","S"
"2025","7","FR","6757","G"
"2025","6","NZ","1","D"
"2025","9","GR","8","Z"
"2025","3","IN","11","D"
"2025","1","FI","367","D"
"2025","8","HK","7","S"
"2025","12","AU","3","YA"
"2025","4","LV","123","D"
"2025","6","FJ","4","Z"
"2025","11","CY","8","D"
"2025","4","AE","2","Z"
"2025","10","SI","7","Z"
"2025","9","MY","129","D"
"2025","1","GB","3","P"
"2025","1","NL","330","Z"
"2025","2","TH","1072","D"
"2025","1","BE","1","C"
"2025","4","SK","1243","G"
"2025","6","PL","1","Z"
"2025","5","IE","234","D"
"2025","3","LT","9","S"
"2025","6","TR","4839","G"
"2025","2","TR","5201","G"
"2025","5","LV","128","D"
"2025","8","BH","2","Z"
"2025","4","AT","72","Z"
"2025","10","KR","6","D"
"2025","12","CY","1","Z"
"2025","4","BT","6","S"
"2025","5","SG","101","S"
"2025","5","KW","1","D"
"2025","5","TM","4","G"
"2025","9","LV","532","G"
"2025","4","IE","34","S"
"2025","11","KW","16","S"
"2025","11","IE","227","D"
"2025","1","SK","3","Z"
"2025","10","CN","278","G"
"2025","4","IT","228","Z"
"2025","12","BH","2","D"
"2025","8","PL","4","W"
"2025","9","IN","11","D"
"2025","10","GB","7","C"
"2025","6","FI","1496","G"
"2025","2","ES","1","W"
"2025","1","MY","176","D"
"2025","12","CZ","1307","G"
"2025","2","FR","333","S"
"2025","10","AU","2","YA"
"2025","5","BG","22","Z"
"2025","4","VN","1","D"
"2025","11","GB","1","P"
"2025","1","NZ","45","G"
"2025","7","ES","290","S"
"2025","1","NO","66","S"
"2025","11","ZA","4","D"
"2025","5","FI","1562","G"
"2025","10","AE","3","Z"
"2025","4","CH","129","S"
"2025","3","AU","7","YA"
"2025","12","HK","3","S"
"2025","4","ES","4","C"
"2025","12","KW","24","G"
"2025","6","SG","13","Z"
"2025","7","AT","30","S"
"2025","4","PL","59","Z"
"2025","11","DK","36","Z"
"2025","6","AT","30","S"
"2025","2","TH","407","G"
"2025","4","RO","92","S"
"2025","10","GR","7","Z"
"2025","7","NL","268","S"
"2025","6","PT","34","Z"
"2025","10","HK","15","D"
"2025","6","IE","27","S"
"2025","4","SK","62","S"
"2025","10","TH","281","D"
"2025","5","LT","662","G"
"2025","2","CL","26","S"
"2025","3","CH","8561","G"
"2025","10","SA","76","G"
"2025","7","GR","10","Z"
"2025","11","NL","1","P"
"2025","3","NA","1","D"
"2025","10","MY","119","D"
"2025","7","CN","5","D"
"2025","8","FJ","2","Z"
"2025","3","BG","794","FX"
"2025","11","BG","888","FX"
"2025","11","ST","3","G"
"2025","6","FJ","51","D"
"2025","9","HK","22","D"
"2025","12","NO","395","G"
"2025","7","NZ","1","Z"
"2025","7","SK","599","D"
"2025","5","ES","2110","D"
"2025","6","SE","819","D"
"2025","10","SA","32","S"
"2025","10","CY","11","S"
"2025","11","JP","177","S"
"2025","7","EG","43","G"
"2025","9","TH","2","Z"
"2025","1","TR","153","D"
"2025","10","SE","126","S"
"2025","11","NO","1034","G"
"2025","12","RO","869","G"
"2025","3","IE","50","Z"
"2025","4","KW","13","S"
"2025","10","IT","7814","G"
"2025","5","BG","211","D"
"2025","3","BT","8","G"
"2025","11","NL","1939","D"
"2025","10","AU","7","Z"
"2025","1","ES","1","YA"
"2025","5","NL","47","SD"
"2025","6","BG","1100","G"
"2025","6","BE","1","C"
