"YearVal","MonthVal","Country","RecordCount","Division","Revenue_EUR"
"2025","12","IE","11","Z","2964"
"2025","7","TW","4","Z","279"
"2025","4","CY","6761","FX","273717"
"2025","12","SI","2808","D","39770"
"2025","4","CL","32","S","76715"
"2025","1","JO","215","G","279637"
"2025","6","BH","117","S","155256"
"2025","11","BH","317","G","21077"
"2025","5","FI","1512","D","62115"
"2025","6","FR","136909","G","7045624"
"2025","8","HU","12695","S","593454"
"2025","6","TW","128","G","20137"
"2025","7","CY","24","D","12240"
"2025","12","BG","4461","G","332395"
"2025","9","KW","665","G","130244"
"2025","8","NO","111","Z","19934"
"2025","8","CY","1682","G","215192"
"2025","1","FJ","308","D","2044"
"2025","1","GB","349","D","14546"
"2025","7","LU","13","Z","7663"
"2025","4","HU","19256","D","246540"
"2025","5","MT","2230","G","149521"
"2025","9","FI","16236","S","1433904"
"2025","10","BG","16857","FX","905040"
"2025","9","KR","6","Z","77361"
"2025","8","LU","420","D","9291"
"2025","10","NO","237","Z","26305"
"2025","3","IE","5578","D","144225"
"2025","9","SI","7","Z","1396"
"2025","6","FI","1343","D","54342"
"2025","6","PT","61964","D","649303"
"2025","9","IT","7","D","60"
"2025","4","EG","579","G","51325"
"2025","1","AT","734","Z","46781"
"2025","11","BG","14017","G","1221685"
"2025","10","ID","992","G","43351"
"2025","2","LV","99","Z","13949"
"2025","4","TR","363","Z","45887"
"2025","8","LT","7","Z","78"
"2025","7","AE","840","S","1305526"
"2025","5","IT","968","Z","141600"
"2025","11","LT","410","D","8027"
"2025","6","FI","14105","S","1293055"
"2025","11","BT","11","S","461584"
"2025","10","AU","4328","G","493208"
"2025","1","FR","1","W","78"
"2025","5","AU","22","YA","1421"
"2025","10","HK","6","Z","748"
"2025","6","KW","10","Z","1721"
"2025","3","SA","236","G","884104"
"2025","8","GR","2495","S","365300"
"2025","4","FJ","1426","G","78747"
"2025","7","PT","75","FX","3586"
"2025","7","CH","53871","G","5471826"
"2025","6","LU","14098","G","705501"
"2025","1","NL","554","SD","95733"
"2025","9","KW","5","Z","882"
"2025","7","GR","11409","G","1059720"
"2025","1","SG","1368","Z","161057"
"2025","2","PT","134","Z","14883"
"2025","12","KR","1184","S","132337"
"2025","5","DK","4735","S","550930"
"2025","2","CY","2494","G","300466"
"2025","4","BG","12931","G","1151571"
"2025","9","SI","208","S","26208"
"2025","6","RO","501","S","196541"
"2025","4","NZ","2","Z","10222"
"2025","2","FI","26204","G","2492627"
"2025","12","HU","24","Z","31048"
"2025","3","FI","25714","G","2468231"
"2025","1","LU","14","Z","1781"
"2025","12","EE","621","G","57098"
"2025","12","CA","1","G","304"
"2025","4","VN","2","Z","1"
"2025","1","BE","168350","G","9009311"
"2025","4","PT","52064","FX","1956838"
"2025","6","FR","385","Z","10910"
"2025","4","AU","11107","G","1109736"
"2025","9","IL","1478","G","424338"
"2025","10","NL","2","W","4459"
"2025","4","FR","1","P","8"
"2025","11","AU","26","Z","9267"
"2025","5","NO","9004","G","1179311"
"2025","2","VN","512","G","42207"
"2025","11","RO","16639","G","1710554"
"2025","12","CH","372","S","171479"
"2025","4","CY","114","S","34332"
"2025","12","CZ","8688","D","168659"
"2025","11","CH","6343","D","208995"
"2025","7","EE","568","D","11030"
"2025","6","CY","6816","FX","217678"
"2025","4","PH","1","S","1608"
"2025","11","EG","995","D","2300"
"2025","12","CH","16387","G","1864131"
"2025","9","CZ","13037","D","259641"
"2025","12","BE","38","Z","3380"
"2025","4","KR","5338","G","172555"
"2025","7","HU","31672","G","2352017"
"2025","8","EE","660","D","11000"
"2025","4","NA","6","G","1708"
"2025","3","TH","3951","G","2679662"
"2025","4","GB","2772","S","960767"
"2025","7","NZ","109","G","56816"
"2025","10","NL","6","C","317"
"2025","12","ZA","43","S","8205"
"2025","2","JO","2","Z","207"
"2025","1","RO","58878","D","452462"
"2025","12","HK","10","G","816"
"2025","11","SK","56","FX","6220"
"2025","12","MY","164","S","151521"
"2025","11","KR","4","Z","6926"
"2025","3","KR","2028","S","370388"
"2025","11","TW","1","Z","64"
"2025","6","PT","711","S","327576"
"2025","12","NA","1","G","115"
"2025","11","LU","12802","G","737900"
"2025","8","FI","13923","S","1345883"
"2025","8","RO","14570","G","1443187"
"2025","5","CZ","1","W","146"
"2025","9","PT","66166","G","3102254"
"2025","5","SK","16","Z","699"
"2025","5","ES","4802","S","1108653"
"2025","6","KR","4335","G","174139"
"2025","9","BG","10671","FX","576964"
"2025","9","BG","141","S","56646"
"2025","10","ES","4393","C","171738"
"2025","2","SE","58363","G","4335448"
"2025","1","TR","20438","G","1745021"
"2025","7","SA","27","D","29593"
"2025","5","BH","279","G","20331"
"2025","1","SG","5085","G","478343"
"2025","11","CZ","16873","S","1333767"
"2025","5","AU","11400","G","947482"
"2025","9","BH","160","D","406"
"2025","9","GR","2607","S","355607"
"2025","5","SA","95","S","150861"
"2025","11","KW","612","G","131493"
"2025","10","NL","17636","S","1908646"
"2025","4","CN","6275","G","994601"
"2025","9","TR","20097","G","1699502"
"2025","1","PT","527","S","131869"
"2025","5","LT","487","D","8067"
"2025","9","CZ","3","Z","1482"
"2025","3","NO","11395","S","932417"
"2025","6","FJ","13","S","7022"
"2025","6","FJ","1899","G","92416"
"2025","4","GB","335","D","11477"
"2025","10","TR","3769","D","17155"
"2025","7","PL","79210","G","4171142"
"2025","9","SE","92","Z","23818"
"2025","1","BG","4547","D","20657"
"2025","6","RO","31","Z","6683"
"2025","4","PT","855","Z","38271"
"2025","5","JO","165","G","27401"
"2025","3","HU","25315","D","322878"
"2025","7","SG","852","Z","35261"
"2025","9","CH","38948","G","3973491"
"2025","9","LV","839","D","12525"
"2025","12","SK","6","FX","28048"
"2025","3","BG","684","YA","54098"
"2025","1","CH","21","P","2494"
"2025","5","LV","4652","G","384109"
"2025","10","PT","779","S","220265"
"2025","2","PT","65487","G","3025973"
"2025","6","CH","40442","G","3964402"
"2025","10","KR","2","Z","219"
"2025","7","BE","42256","D","1009277"
"2025","11","ZA","522","G","191039"
"2025","3","SI","5668","D","54508"
"2025","2","IN","2908","S","522618"
"2025","1","HU","10612","S","544174"
"2025","3","PH","204","G","57731"
"2025","4","IL","30","D","9232"
"2025","8","FJ","330","D","1389"
"2025","7","BG","3689","D","19434"
"2025","10","CH","23","P","2013"
"2025","11","BG","150","S","83474"
"2025","1","DK","9269","D","365683"
"2025","1","CH","7275","D","157444"
"2025","11","EE","630","D","11593"
"2025","11","PL","88106","G","4707642"
"2025","5","TR","55","C","83"
"2025","4","ES","139815","G","7538756"
"2025","5","FJ","9","S","8278"
"2025","10","IE","132","S","590040"
"2025","6","RO","100749","D","730486"
"2025","10","LV","38","S","78288"
"2025","6","PH","3","S","3420"
"2025","3","JO","118","G","12777"
"2025","1","HU","82","Z","29092"
"2025","8","SK","4375","D","99556"
"2025","9","GB","971","D","32843"
"2025","1","IN","268","G","29160"
"2025","4","BE","3629","S","1080142"
"2025","6","EG","10","S","9360"
"2025","2","TW","1523","S","250061"
"2025","8","CZ","86699","G","3673242"
"2025","1","SK","734","S","187100"
"2025","3","SE","34031","S","1527242"
"2025","2","CZ","15315","D","316229"
"2025","2","TH","4754","S","236951"
"2025","10","PT","80040","D","922884"
"2025","3","ID","1173","G","80630"
"2025","10","TR","24625","G","2013237"
"2025","6","SA","222","G","906026"
"2025","3","NL","447","SD","75505"
"2025","1","IT","1088","Z","157649"
"2025","8","CY","7749","FX","342957"
"2025","8","CY","3","Z","125"
"2025","11","AU","63","S","119057"
"2025","8","LU","19","Z","3347"
"2025","7","DK","61419","G","2575094"
"2025","8","EE","4","Z","293"
"2025","4","BH","93","S","117532"
"2025","3","CY","8528","FX","382247"
"2025","6","BG","206","S","103447"
"2025","6","GB","1070","D","22529"
"2025","9","PT","16","FX","971"
"2025","1","AE","802","S","1058340"
"2025","7","IE","6566","D","170161"
"2025","9","GR","8001","G","674304"
"2025","5","AT","17347","D","415980"
"2025","2","LT","6022","G","495359"
"2025","11","ES","122647","D","1977156"
"2025","11","MY","9","Z","38457"
"2025","5","SE","30876","S","1488447"
"2025","12","CY","51","S","3994"
"2025","3","CN","17951","S","1399817"
"2025","4","CY","5","Z","579"
"2025","12","NL","104","SD","19455"
"2025","7","SE","116","Z","45882"
"2025","3","FR","230","D","13027"
"2025","1","FR","273","D","18745"
"2025","4","TH","3547","G","4406091"
"2025","4","CZ","1","W","715"
"2025","10","FJ","3","S","3440"
"2025","1","TR","363","Z","51644"
"2025","2","HK","7","Z","1134"
"2025","7","VN","585","G","48636"
"2025","5","IT","205268","G","12215757"
"2025","5","LU","3047","S","98776"
"2025","6","NZ","1","Z","618"
"2025","6","DE","5","G","2380"
"2025","1","SE","137","Z","180791"
"2025","2","PT","70548","D","768757"
"2025","2","DK","129","Z","33511"
"2025","12","FR","89080","G","4920221"
"2025","3","AE","856","D","15789"
"2025","4","IL","16","Z","2682"
"2025","5","PL","94652","G","4737954"
"2025","6","TH","3621","G","4006874"
"2025","8","NZ","129","G","51124"
"2025","5","EE","84","S","106926"
"2025","6","AT","36555","G","2303910"
"2025","6","IT","4732","S","198574"
"2025","3","NZ","846","S","172371"
"2025","8","KW","11","Z","3827"
"2025","4","NZ","122","G","88142"
"2025","2","JP","5924","S","1026672"
"2025","1","TR","1213","C","1522"
"2025","5","FJ","1457","G","103127"
"2025","3","GR","21","Z","1407"
"2025","4","FR","154780","G","8433847"
"2025","6","SG","6396","G","490493"
"2025","12","LT","649","G","60592"
"2025","9","BT","12","S","446953"
"2025","3","LV","5839","G","446632"
"2025","6","IE","57","Z","11999"
"2025","11","NL","523","Z","10793"
"2025","6","PL","7","W","1673"
"2025","12","AU","3","Z","4831"
"2025","5","UA","4024","FX","337780"
"2025","10","NO","663","D","47844"
"2025","12","NL","19517","D","542777"
"2025","5","SK","28477","FX","872812"
"2025","7","AT","41450","G","2593550"
"2025","1","CZ","81336","G","3872527"
"2025","8","TR","3633","S","443305"
"2025","5","NO","8972","S","706239"
"2025","2","ID","116","S","84129"
"2025","6","CN","5268","G","594919"
"2025","7","PT","808","S","207371"
"2025","10","PT","44","FX","5522"
"2025","12","IN","204","G","20985"
"2025","8","DK","3945","S","413407"
"2025","9","BE","34625","D","815350"
"2025","5","RO","84909","D","621835"
"2025","5","EG","562","D","1532"
"2025","12","FR","6538","S","939605"
"2025","11","HK","10","P","303"
"2025","8","GB","51014","G","5671954"
"2025","12","AU","1661","G","209188"
"2025","10","IL","1700","G","465693"
"2025","7","CY","143","S","24740"
"2025","11","TR","109","C","137"
"2025","11","HK","1112","D","16527"
"2025","7","LV","54","Z","5628"
"2025","11","SI","7","Z","698"
"2025","11","TH","4","Z","125"
"2025","9","IE","8828","G","1132116"
"2025","11","FR","126318","G","7438627"
"2025","10","UA","6888","FX","522813"
"2025","3","SG","23","D","2603"
"2025","5","MY","9","Z","41565"
"2025","9","RO","315","S","278300"
"2025","3","LU","445","D","10083"
"2025","2","ES","137000","D","2111447"
"2025","10","JO","1","Z","331"
"2025","10","HK","342","G","23646"
"2025","11","EG","7","Z","144"
"2025","5","JP","826","G","31976"
"2025","11","AE","30","Z","8373"
"2025","12","SK","11680","G","760652"
"2025","1","BH","192","D","494"
"2025","7","CZ","1","W","214"
"2025","5","FR","684","Z","21207"
"2025","6","LT","25","S","34654"
"2025","10","JO","12","S","11983"
"2025","4","LV","111","Z","23999"
"2025","7","CL","27","S","24587"
"2025","11","SK","18166","G","2512861"
"2025","9","LU","14410","G","816592"
"2025","5","JO","30","S","33197"
"2025","12","SG","1085","S","224443"
"2025","1","CZ","6","Z","2758"
"2025","8","BE","159291","G","8104033"
"2025","1","BG","36","Z","13601"
"2025","6","MT","1912","G","119792"
"2025","6","SI","4697","G","309339"
"2025","3","UA","3614","FX","352185"
"2025","11","BG","39","Z","11714"
"2025","8","IE","5192","D","152087"
"2025","8","PT","572","S","205617"
"2025","7","CZ","83014","G","4269890"
"2025","3","BH","113","S","154501"
"2025","4","SI","8","Z","320"
"2025","2","LT","520","D","9453"
"2025","7","BT","13","S","445132"
"2025","1","NL","1","P","7"
"2025","10","FR","10681","S","1400604"
"2025","9","TW","4","Z","136"
"2025","3","MY","237","S","206039"
"2025","5","IL","13","Z","1404"
"2025","10","BG","3958","D","22714"
"2025","6","GB","1","P","8"
"2025","6","PL","108529","G","5617060"
"2025","8","IT","127322","G","7413735"
"2025","11","CA","1","D","22"
"2025","6","CL","16","S","10175"
"2025","11","IN","1688","S","556390"
"2025","8","KR","3092","G","106904"
"2025","10","PL","107289","G","5555360"
"2025","2","SE","9091","D","370949"
"2025","6","IT","11","D","335"
"2025","8","UA","5674","FX","431354"
"2025","7","HU","12841","S","672421"
"2025","8","CN","5616","G","563561"
"2025","1","ES","3680","S","951958"
"2025","10","GB","1768","Z","456340"
"2025","9","BH","231","G","20838"
"2025","3","CN","5894","G","767461"
"2025","10","SE","86","Z","24940"
"2025","4","SE","62174","G","5019745"
"2025","4","SG","934","Z","46594"
"2025","10","SI","4951","D","47877"
"2025","10","MT","1887","G","142078"
"2025","8","AU","46","S","90009"
"2025","6","PL","41909","S","814822"
"2025","5","ID","152","S","106248"
"2025","6","ES","156182","G","8367232"
"2025","11","SA","141","S","229357"
"2025","5","PT","289","Z","17449"
"2025","11","BE","169079","G","9042760"
"2025","11","SK","1007","S","241224"
"2025","10","AE","2472","G","1882731"
"2025","1","RO","14700","G","1672417"
"2025","4","ZA","1","Z","3"
"2025","8","PT","49233","G","2390679"
"2025","1","FJ","1229","G","69569"
"2025","4","IT","15","D","623"
"2025","11","TM","492","G","67776"
"2025","10","CY","105","FX","16027"
"2025","6","VN","558","G","48568"
"2025","8","IL","30","D","2169"
"2025","6","LV","85","S","114334"
"2025","7","IT","5384","S","234096"
"2025","3","LT","6445","G","504394"
"2025","2","IT","25","D","316"
"2025","6","HU","39398","G","2742874"
"2025","9","EG","43","S","85673"
"2025","4","TW","1471","S","197271"
"2025","2","PT","653","S","176211"
"2025","4","LT","5971","G","478469"
"2025","8","AT","1676","S","86300"
"2025","12","PL","36112","G","1971866"
"2025","10","ZA","1","Z","50"
"2025","4","GR","11827","D","109965"
"2025","4","NL","2","P","53"
"2025","2","SK","1211","S","267445"
"2025","10","GB","6","D","201"
"2025","6","KR","10","Z","888"
"2025","1","ID","155","S","151337"
"2025","1","HU","15216","D","195404"
"2025","7","AU","83","Z","14437"
"2025","7","KR","2262","S","323569"
"2025","8","HK","6","Z","854"
"2025","9","MY","8","Z","30162"
"2025","6","NL","1989","Z","48241"
"2025","11","TH","4642","D","106635"
"2025","4","ES","4887","S","1133298"
"2025","10","SA","2298","FX","633220"
"2025","1","MT","2424","G","178456"
"2025","8","PT","47","FX","32212"
"2025","12","GB","271","D","14003"
"2025","6","FR","206","D","13049"
"2025","6","IE","10026","G","1420948"
"2025","12","AT","4357","D","74682"
"2025","5","KR","4","Z","433"
"2025","10","CH","1","Z","42"
"2025","12","HU","7214","D","109483"
"2025","4","BG","2798","D","15245"
"2025","11","LU","12","Z","1516"
"2025","7","PH","3","S","1749"
"2025","3","BT","19","S","530902"
"2025","4","VN","658","G","58431"
"2025","11","ZW","1","G","3"
"2025","11","CZ","14528","D","290844"
"2025","7","FR","9984","S","1543832"
"2025","3","IL","2599","G","863344"
"2025","4","HK","15","S","19978"
"2025","5","SG","22","D","2577"
"2025","6","HK","11","S","10766"
"2025","10","BH","132","D","327"
"2025","7","MY","11","Z","31179"
"2025","9","CY","2034","G","260976"
"2025","9","CH","11","P","1366"
"2025","10","HU","34","Z","223902"
"2025","9","IL","6","D","247"
"2025","9","SK","3427","D","76964"
"2025","12","LV","22","S","87643"
"2025","10","HU","39182","G","2809873"
"2025","5","AR","798","D","21655"
"2025","12","JO","35","G","2228"
"2025","3","CY","122","S","32194"
"2025","4","EE","4504","G","333863"
"2025","8","DK","103","Z","46929"
"2025","2","KR","2166","S","424659"
"2025","7","LU","16159","G","885697"
"2025","6","IL","1460","G","416581"
"2025","4","CN","21993","S","1715097"
"2025","4","AE","1853","G","2014110"
"2025","7","EE","22","Z","526"
"2025","12","BG","53","S","17223"
"2025","9","SG","892","Z","299042"
"2025","1","FI","14066","S","1296430"
"2025","2","IL","1874","G","624441"
"2025","11","GB","12","C","175"
"2025","4","GR","19","Z","1688"
"2025","2","HK","5","P","119"
"2025","1","ZA","1","Z","749"
"2025","8","KR","10","Z","6044"
"2025","6","NO","8302","G","1093866"
"2025","9","BE","1","W","402"
"2025","12","LU","4790","G","257257"
"2025","1","RO","292","S","163033"
"2025","9","BG","2935","D","17596"
"2025","8","NL","425","SD","71858"
"2025","11","ES","1","P","8"
"2025","1","GB","1964","S","773393"
"2025","12","ES","54136","D","949722"
"2025","1","PT","39583","G","2373489"
"2025","5","BG","14909","G","1233796"
"2025","6","DK","107","Z","25637"
"2025","7","IT","9","D","199"
"2025","6","PH","217","G","34883"
"2025","6","LT","490","D","8485"
"2025","2","ES","3833","C","133054"
"2025","5","IE","128","S","362621"
"2025","7","ES","135781","G","7700151"
"2025","5","DK","177","Z","50431"
"2025","1","HK","25","S","25986"
"2025","3","EG","552","G","52235"
"2025","9","FR","366","Z","10443"
"2025","12","IN","4","D","41"
"2025","12","VN","1","S","2622"
"2025","7","KW","1","D","59"
"2025","1","LV","5077","G","429355"
"2025","5","PT","12491","FX","449255"
"2025","7","CN","23564","S","2019879"
"2025","2","TR","1577","D","23896"
"2025","7","HK","11","S","10377"
"2025","12","SK","844","S","146923"
"2025","12","SA","66","S","130351"
"2025","12","CN","863","G","163968"
"2025","11","MY","2731","G","2697798"
"2025","8","BT","14","S","487733"
"2025","3","NA","13","G","2664"
"2025","11","IL","1669","G","467093"
"2025","3","SI","300","S","20706"
"2025","7","TR","3912","S","479255"
"2025","7","SK","13884","G","2044051"
"2025","10","SI","4822","G","349056"
"2025","8","NZ","1","Z","9540"
"2025","8","JP","656","G","27962"
"2025","2","NL","19255","S","2068092"
"2025","2","BG","37","Z","9171"
"2025","8","BG","198","S","96657"
"2025","4","HK","3","P","115"
"2025","2","CH","21","P","1722"
"2025","4","TH","3","Z","129"
"2025","2","VN","7","D","191"
"2025","1","GR","11742","D","103094"
"2025","10","RO","975","S","240497"
"2025","7","NL","1","P","8"
"2025","2","MY","4824","D","132811"
"2025","2","CZ","339","Z","23608"
"2025","8","AT","13950","D","328657"
"2025","5","LT","7","Z","92"
"2025","4","BG","36","Z","43924"
"2025","3","CH","1081","S","393791"
"2025","1","EG","53","S","98335"
"2025","4","LT","25","S","56724"
"2025","2","TR","322","Z","39590"
"2025","12","SA","263","G","323195"
"2025","11","PL","137601","D","1211535"
"2025","3","CZ","17558","D","363994"
"2025","5","PL","156210","D","1320174"
"2025","10","HK","18","S","18108"
"2025","6","JO","172","G","9919"
"2025","11","GR","10","Z","542"
"2025","12","PT","28","Z","2127"
"2025","10","CY","25","D","278"
"2025","4","NO","1","P","18"
"2025","3","LV","1303","D","14992"
"2025","4","SA","195","G","498001"
"2025","9","HU","32544","G","2320221"
"2025","7","NZ","423","S","37423"
"2025","7","GB","2957","Z","989823"
"2025","6","BE","2632","S","832607"
"2025","1","AR","754","D","19493"
"2025","5","CY","5","Z","519"
"2025","4","GB","4","P","34"
"2025","10","IN","280","G","30293"
"2025","2","HU","21868","D","272729"
"2025","7","BH","210","G","14007"
"2025","11","NL","423","SD","76576"
"2025","8","TW","80","S","83690"
"2025","9","IE","51","Z","17379"
"2025","2","IE","11881","G","1466496"
"2025","7","GR","1","P","396"
"2025","3","PH","2","S","1697"
"2025","4","PL","86308","G","4594525"
"2025","11","FI","21156","G","2129046"
"2025","7","FI","14647","S","1404723"
"2025","5","BG","423","YA","34241"
"2025","10","KR","3140","S","259559"
"2025","6","EE","78","S","132478"
"2025","3","CZ","30","Z","2620"
"2025","5","LT","35","S","39865"
"2025","12","LV","771","G","70618"
"2025","11","SR","1","YA","468"
"2025","9","NZ","552","S","88202"
"2025","12","BH","25","S","20213"
"2025","1","CY","7966","FX","252094"
"2025","10","DK","5897","S","515621"
"2025","3","KW","2","D","213"
"2025","6","AE","2182","G","519289"
"2025","5","ZA","159","D","111453"
"2025","2","SG","17123","S","3171637"
"2025","9","ES","119805","G","6922643"
"2025","6","AT","14695","D","344346"
"2025","2","AT","47929","G","2947638"
"2025","12","LU","125","D","2391"
"2025","3","GB","21","C","310"
"2025","10","RO","19916","G","2000193"
"2025","8","BG","3231","D","17021"
"2025","10","PL","10","W","199"
"2025","2","AU","15","YA","1069"
"2025","11","PL","3","Z","25"
"2025","5","NL","340034","G","18118389"
"2025","11","PH","158","G","20831"
"2025","10","TH","5058","S","366156"
"2025","10","KR","1372","G","43152"
"2025","2","SI","4729","G","307615"
"2025","8","GB","23","C","332"
"2025","6","EG","631","D","1392"
"2025","12","EG","525","D","2059"
"2025","10","CY","2508","G","318970"
"2025","10","IE","57","Z","25154"
"2025","9","HK","11","P","551"
"2025","3","PT","140","Z","11849"
"2025","1","ES","131446","G","6745937"
"2025","9","IN","2058","S","594592"
"2025","6","CY","3","Z","182"
"2025","4","BT","370","G","24003"
"2025","9","AT","27480","G","1701373"
"2025","7","AR","577","D","13503"
"2025","2","NZ","234","G","111876"
"2025","9","HK","8","Z","547"
"2025","8","NL","15810","S","2233274"
"2025","5","EE","5625","G","427781"
"2025","8","IN","2361","S","516403"
"2025","3","NL","57877","D","1505699"
"2025","1","TW","126","G","22437"
"2025","6","SI","1","Z","573"
"2025","5","TM","3","YA","292"
"2025","9","TH","5932","D","124206"
"2025","11","HU","35","Z","15597"
"2025","2","BE","475","Z","242632"
"2025","5","KR","4268","G","150294"
"2025","1","FR","7909","S","1123078"
"2025","6","NZ","172","G","81871"
"2025","4","SG","21025","S","3562363"
"2025","10","VN","35","S","6549"
"2025","6","BG","4384","D","22124"
"2025","8","KR","2610","S","326398"
"2025","3","FJ","447","D","1948"
"2025","8","ZA","8","D","87791"
"2025","1","IL","9","Z","1381"
"2025","11","ES","6058","S","1336384"
"2025","6","TM","1","YA","107"
"2025","3","EE","14","Z","1062"
"2025","3","RO","110326","D","835235"
"2025","8","MY","10","Z","37182"
"2025","7","BE","415","C","16420"
"2025","8","LT","4097","G","321704"
"2025","4","SK","3503","D","74526"
"2025","3","IT","865","Z","151786"
"2025","10","EE","5152","G","359668"
"2025","8","SG","23","D","2148"
"2025","11","NA","5","G","3844"
"2025","11","FI","17168","S","1515507"
"2025","3","SK","23069","G","2912903"
"2025","5","HU","34517","G","2486181"
"2025","12","FI","495","D","13394"
"2025","8","NZ","370","S","60428"
"2025","8","CY","186","S","20061"
"2025","10","TR","273","C","346"
"2025","6","AU","13743","G","1321292"
"2025","8","GB","92","P","1300"
"2025","12","MY","760","G","108738"
"2025","2","KW","766","G","182001"
"2025","3","GR","12636","G","1162165"
"2025","10","DK","11609","D","421495"
"2025","6","IL","8","Z","656"
"2025","4","SA","65","S","241142"
"2025","2","DK","10468","D","391332"
"2025","5","GB","2652","S","661942"
"2025","7","UA","8318","FX","747847"
"2025","6","CN","18519","S","1721729"
"2025","5","VN","23","S","4143"
"2025","8","NL","37305","D","998538"
"2025","2","IE","5550","D","135247"
"2025","8","ID","121","S","92964"
"2025","11","IL","8","Z","2260"
"2025","5","ES","126142","G","7031010"
"2025","12","SK","1807","D","65499"
"2025","2","TW","4","Z","177"
"2025","8","BG","319","YA","22902"
"2025","3","KR","5","Z","761"
"2025","11","PT","540","Z","28497"
"2025","8","GR","14","Z","2098"
"2025","11","SE","98","Z","44098"
"2025","6","NL","20","C","939"
"2025","3","NZ","246","G","122753"
"2025","4","CZ","2","Z","2497"
"2025","7","NO","8031","G","1201446"
"2025","10","NL","43981","D","1091635"
"2025","8","SI","3956","D","40842"
"2025","7","CZ","4","Z","6817"
"2025","8","HK","291","G","29631"
"2025","5","CN","5341","G","690497"
"2025","8","IT","5","D","42"
"2025","7","BE","3589","S","906054"
"2025","8","GB","1090","D","23098"
"2025","7","SG","6952","G","578790"
"2025","4","IT","1435","S","106158"
"2025","10","LT","578","D","10909"
"2025","12","JO","3","S","1660"
"2025","7","NL","23","C","1016"
"2025","4","AU","116","Z","37503"
"2025","6","NL","333584","G","16419423"
"2025","9","CN","23428","S","1745091"
"2025","1","KR","6829","G","180002"
"2025","8","CH","4753","D","157512"
"2025","6","SK","2","W","355"
"2025","3","TH","1","Z","13"
"2025","6","VN","28","S","7813"
"2025","5","AE","834","D","14517"
"2025","8","HU","42","Z","11468"
"2025","10","GR","3306","S","559517"
"2025","11","RU","4","D","241"
"2025","10","BG","266","S","129144"
"2025","4","LV","4850","G","397242"
"2025","11","HK","386","G","29819"
"2025","5","HU","18747","D","240686"
"2025","1","NZ","603","S","59402"
"2025","11","BH","207","D","492"
"2025","4","KR","2366","S","609022"
"2025","10","SK","21895","G","2246479"
"2025","5","TW","2","Z","21"
"2025","1","BT","389","G","24379"
"2025","1","NO","492","D","40674"
"2025","7","NO","8692","S","808216"
"2025","3","TW","116","G","20149"
"2025","1","JP","842","G","40058"
"2025","7","LT","486","D","8069"
"2025","4","ZA","188","D","118533"
"2025","12","AT","1","Z","101"
"2025","4","PL","8","W","141"
"2025","9","GR","8919","D","79797"
"2025","3","SK","1620","S","216563"
"2025","5","TH","4542","S","211089"
"2025","10","ES","6973","S","1376591"
"2025","6","IN","2090","S","541546"
"2025","12","NZ","192","S","4560"
"2025","2","BH","139","D","353"
"2025","1","FJ","1","Z","15"
"2025","1","IT","1","W","52"
"2025","1","VN","524","G","49720"
"2025","11","IE","106","S","345000"
"2025","12","BE","68203","G","3418205"
"2025","12","BG","115","YA","11008"
"2025","11","TR","360","Z","76199"
"2025","7","SK","16","Z","1398"
"2025","5","IE","11388","G","1756505"
"2025","3","AE","1","Z","2038"
"2025","12","EG","249","G","12765"
"2025","9","SG","5791","G","444193"
"2025","6","SK","18","Z","3699"
"2025","6","CZ","15910","S","1159120"
"2025","8","BG","13949","G","1039852"
"2025","3","GB","34","P","297"
"2025","10","LU","18","Z","1804"
"2025","7","JO","21","S","25950"
"2025","3","LU","21","Z","5740"
"2025","5","GB","1823","Z","507430"
"2025","11","SE","7830","D","337002"
"2025","3","VN","26","S","5422"
"2025","4","TH","102674","D","636923"
"2025","1","ES","2877","C","104154"
"2025","2","JP","1","P","6"
"2025","8","CZ","13569","D","282083"
"2025","5","FR","145429","G","7578320"
"2025","2","BG","4645","D","21755"
"2025","12","ID","41","S","31190"
"2025","2","NL","411","SD","72503"
"2025","3","IL","13","Z","2741"
"2025","7","IL","16","Z","851"
"2025","5","RO","24","Z","7991"
"2025","12","CZ","3","Z","2827"
"2025","4","EG","39","Z","3848"
"2025","12","IL","575","G","134511"
"2025","8","FR","122086","G","6838111"
"2025","2","BE","1048","C","52940"
"2025","8","SI","264","S","13246"
"2025","8","LU","2439","S","50487"
"2025","10","BE","3145","S","991423"
"2025","11","SE","45807","G","3984545"
"2025","10","GR","13877","D","116686"
"2025","11","SG","38","D","3641"
"2025","8","MT","1492","G","113559"
"2025","3","AU","19543","G","1477719"
"2025","9","CY","2093","FX","96023"
"2025","7","ZA","699","G","368212"
"2025","4","PT","926","S","205246"
"2025","10","ZA","5","D","82054"
"2025","12","NO","105","D","7247"
"2025","12","AE","705","S","775847"
"2025","3","BE","2982","S","856413"
"2025","5","BH","189","D","426"
"2025","2","NZ","738","S","18021"
"2025","4","NO","11132","S","904962"
"2025","10","AR","796","D","20813"
"2025","5","IL","37","D","3958"
"2025","4","NL","5548","Z","85538"
"2025","7","RO","3","Z","88"
"2025","5","TH","67221","D","391026"
"2025","1","AU","13287","G","1014229"
"2025","6","ID","1104","G","70505"
"2025","2","ID","1198","G","73350"
"2025","12","VN","4","D","88"
"2025","3","FR","816","Z","24342"
"2025","7","SA","337","G","689091"
"2025","1","IE","61","Z","30191"
"2025","11","BR","376","G","80970"
"2025","1","SG","20","D","2264"
"2025","4","AE","790","S","1022366"
"2025","12","ES","2527","S","524363"
"2025","1","MY","3337","G","3489191"
"2025","12","AE","1541","G","459158"
"2025","2","SK","19329","G","2481988"
"2025","3","BH","275","G","24760"
"2025","2","IN","425","G","41716"
"2025","3","AU","88","S","140704"
"2025","5","AE","1114","S","1629228"
"2025","3","KW","61","S","195761"
"2025","4","FI","1","W","71"
"2025","11","FI","1","W","67"
"2025","11","PH","3","S","10639"
"2025","10","CZ","15554","S","1202432"
"2025","12","PT","24112","D","252300"
"2025","12","FJ","3","Z","628"
"2025","1","FR","117774","G","6544261"
"2025","9","SI","3677","G","251833"
"2025","12","LU","2","Z","134"
"2025","10","VN","493","G","48016"
"2025","9","MY","734","S","771755"
"2025","9","KR","2688","G","72763"
"2025","2","AE","809","D","14957"
"2025","11","MY","474","S","335295"
"2025","1","FR","947","Z","32063"
"2025","5","CH","14","P","1832"
"2025","5","SG","5696","G","546181"
"2025","6","NO","2606","Z","124963"
"2025","10","JO","28","G","1737"
"2025","3","GB","2034","Z","640738"
"2025","11","IT","2438","S","249368"
"2025","4","SI","4326","G","289027"
"2025","2","UA","4027","FX","346564"
"2025","1","NO","13390","Z","284201"
"2025","5","KR","2220","D","14097"
"2025","8","DK","58314","G","2192568"
"2025","2","CY","126","S","22246"
"2025","1","TM","333","G","49241"
"2025","8","EG","651","D","3010"
"2025","2","HU","35","Z","12959"
"2025","8","LT","18","S","34627"
"2025","7","NL","422341","G","21389611"
"2025","3","TW","1239","S","159598"
"2025","8","TM","505","G","66755"
"2025","4","TR","25726","G","2126230"
"2025","9","PL","81395","G","4227747"
"2025","4","ZA","338","S","69568"
"2025","1","IE","99","S","372104"
"2025","5","IT","1992","S","167179"
"2025","2","NO","575","D","45972"
"2025","12","TR","890","D","3517"
"2025","11","FR","9893","S","1358174"
"2025","10","HU","22655","D","302337"
"2025","3","BE","862","C","45466"
"2025","7","KR","4307","G","167340"
"2025","7","AU","65","S","122054"
"2025","5","SI","4592","D","45137"
"2025","11","BE","2529","S","738534"
"2025","9","CZ","82591","G","3584954"
"2025","11","EE","3809","G","273274"
"2025","5","TR","2029","D","18222"
"2025","12","DK","11063","G","662217"
"2025","7","ID","157","S","111209"
"2025","10","CH","1475","S","442696"
"2025","2","NL","57742","D","1533362"
"2025","9","FJ","5","Z","194"
"2025","8","IT","4009","S","189839"
"2025","11","IN","315","G","29038"
"2025","8","IT","667","Z","130249"
"2025","11","SK","1","W","602"
"2025","11","AE","775","D","11650"
"2025","3","MY","7137","D","196035"
"2025","7","CZ","13980","S","1277939"
"2025","7","PH","296","G","35499"
"2025","12","LT","111","D","6585"
"2025","11","BG","444","YA","40781"
"2025","2","SI","8","Z","2012"
"2025","11","RO","723","S","256361"
"2025","6","BG","484","YA","42492"
"2025","12","SG","163","G","23376"
"2025","2","NL","3084","Z","59224"
"2025","2","AU","30","S","35512"
"2025","8","PH","237","G","48886"
"2025","12","VN","174","G","16095"
"2025","3","IE","12058","G","1827420"
"2025","11","RO","107298","D","707967"
"2025","3","JP","5748","S","976160"
"2025","3","SK","33214","FX","1047286"
"2025","3","LU","3039","S","67195"
"2025","2","SI","4934","D","50127"
"2025","1","AU","26","S","64975"
"2025","7","BG","27","Z","38237"
"2025","12","LU","2067","S","43169"
"2025","8","CZ","3","Z","4418"
"2025","2","AU","129","Z","36943"
"2025","6","SI","369","S","18091"
"2025","7","ID","2","D","114"
"2025","6","LU","15","Z","4201"
"2025","7","LV","33","S","74745"
"2025","2","MY","6","Z","34554"
"2025","7","NO","793","Z","31755"
"2025","11","CH","18","P","1267"
"2025","7","IN","2266","S","616410"
"2025","6","SE","28459","S","1389042"
"2025","4","LU","521","D","10941"
"2025","5","MY","2510","G","2613723"
"2025","2","EE","62","S","88960"
"2025","1","BG","6461","FX","411259"
"2025","8","BH","141","D","330"
"2025","8","MY","4580","D","142594"
"2025","1","TH","1","Z","59"
"2025","9","ID","1096","G","40898"
"2025","9","TR","64","C","79"
"2025","8","BE","2800","S","708610"
"2025","9","NO","548","D","40793"
"2025","1","SI","3787","G","248619"
"2025","9","CN","4348","G","492813"
"2025","9","LT","471","D","8232"
"2025","3","HK","3","Z","564"
"2025","12","PT","136","S","95908"
"2025","6","SA","31","D","49354"
"2025","10","CZ","102846","G","4672866"
"2025","5","BG","151","S","76256"
"2025","6","TM","592","G","89626"
"2025","12","LT","3","S","3873"
"2025","12","BE","70","C","1272"
"2025","12","SK","2","Z","192"
"2025","6","SE","45594","G","3664600"
"2025","9","RO","74701","D","534967"
"2025","5","PL","5","Z","195"
"2025","12","CY","4","D","45"
"2025","5","GR","3067","S","488203"
"2025","2","GB","31","P","310"
"2025","2","AU","13471","G","1077499"
"2025","3","TM","690","G","97974"
"2025","2","SA","638","G","957626"
"2025","8","TW","107","G","14905"
"2025","9","VN","31","S","10680"
"2025","3","HK","578","G","63299"
"2025","1","NL","44","C","2055"
"2025","3","CH","8417","D","194013"
"2025","12","RO","32872","D","250549"
"2025","8","MY","1989","G","2405538"
"2025","8","AT","375","Z","39300"
"2025","9","ZA","34","D","104961"
"2025","1","LT","13","S","6013"
"2025","8","AU","41","Z","7003"
"2025","11","SG","951","Z","115193"
"2025","7","AT","16831","D","432197"
"2025","10","ES","166575","G","8745001"
"2025","11","SE","32265","S","1424060"
"2025","8","EG","35","S","58146"
"2025","3","PL","41581","S","845965"
"2025","10","RO","8","Z","38"
"2025","4","FJ","1","Z","278"
"2025","11","ES","141386","G","7712021"
"2025","8","AU","9300","G","896990"
"2025","9","FR","118059","G","6205940"
"2025","11","IE","7674","G","1079438"
"2025","5","SA","1449","FX","430577"
"2025","7","CY","2","Z","15"
"2025","11","EE","9","Z","569"
"2025","12","AE","34","Z","8303"
"2025","12","PH","24","G","1751"
"2025","12","TH","626","D","9902"
"2025","6","TR","158","Z","39660"
"2025","1","SE","8213","D","313928"
"2025","6","BE","421","Z","273901"
"2025","11","FR","516","Z","19123"
"2025","8","PL","33161","S","650166"
"2025","5","EG","18","S","36225"
"2025","1","NA","1","G","98"
"2025","5","SK","3909","D","83908"
"2025","11","BT","321","G","21559"
"2025","6","NL","500","SD","88133"
"2025","12","KR","1","Z","1788"
"2025","6","HK","4","Z","487"
"2025","7","FI","24265","G","2363601"
"2025","10","CH","48572","G","5010289"
"2025","1","KR","4440","D","31015"
"2025","10","LV","79","Z","7794"
"2025","1","CN","17538","S","1561919"
"2025","6","PT","265","FX","25945"
"2025","4","PL","35988","S","700692"
"2025","7","AU","12","YA","769"
"2025","7","AT","334","Z","55696"
"2025","6","TR","3993","S","442176"
"2025","2","ZA","176","S","43027"
"2025","4","RO","18265","G","1967477"
"2025","3","LU","15374","G","832471"
"2025","2","EG","4","Z","145"
"2025","1","FR","1","FX","5"
"2025","5","CY","19","D","202"
"2025","1","CY","142","S","15376"
"2025","5","HK","4","P","143"
"2025","2","EE","742","D","11957"
"2025","7","BH","1","Z","274"
"2025","11","IT","55","D","391"
"2025","3","KW","6","Z","3641"
"2025","7","BT","297","G","22989"
"2025","4","CH","28","P","3195"
"2025","12","RO","308","S","93105"
"2025","5","CH","1181","S","406936"
"2025","5","PT","65399","D","695169"
"2025","5","CL","51","S","31665"
"2025","10","KW","115","S","229654"
"2025","2","SE","182","Z","90159"
"2025","7","GB","2618","S","963109"
"2025","9","GB","977","S","666551"
"2025","8","SK","15353","FX","551208"
"2025","6","IL","20","D","2975"
"2025","9","BE","223","C","8036"
"2025","11","CN","5717","G","649665"
"2025","3","IL","36","D","4481"
"2025","4","EE","71","S","95527"
"2025","10","BE","230","C","9155"
"2025","4","MY","277","S","259622"
"2025","2","HK","298","G","37838"
"2025","10","FR","1","P","8"
"2025","9","LU","354","D","8283"
"2025","10","LU","14376","G","810050"
"2025","2","IE","99","Z","31916"
"2025","5","BG","11383","FX","583567"
"2025","1","SA","3920","FX","921831"
"2025","4","FR","973","Z","29670"
"2025","2","PH","2","S","13419"
"2025","7","NL","2","W","395"
"2025","11","HK","5","Z","1447"
"2025","10","KW","585","G","129913"
"2025","5","SI","4","Z","984"
"2025","4","VN","25","S","8512"
"2025","8","BG","26","Z","49391"
"2025","1","VN","1","Z","0"
"2025","7","IE","143","Z","34432"
"2025","9","VN","511","G","41774"
"2025","7","TH","6663","D","144850"
"2025","8","LV","23","S","32968"
"2025","12","ID","206","G","7017"
"2025","3","BH","1","Z","109"
"2025","9","JO","38","G","3698"
"2025","12","DK","1","W","94"
"2025","5","SA","212","G","864842"
"2025","5","LV","104","Z","12980"
"2025","9","TR","3639","S","390372"
"2025","9","VN","3","D","86"
"2025","5","PL","14","W","406"
"2025","3","ES","157465","D","2507552"
"2025","12","IE","1963","D","72556"
"2025","4","HU","64","Z","39732"
"2025","1","AT","35462","G","2500371"
"2025","2","NZ","1","D","3"
"2025","7","AE","1","Z","1842"
"2025","4","MT","1308","G","96565"
"2025","9","GB","12","C","173"
"2025","12","CL","5","S","4872"
"2025","8","GB","1770","Z","554921"
"2025","2","SI","520","S","38146"
"2025","9","IL","21","Z","8938"
"2025","4","ID","154","S","131028"
"2025","8","TH","2846","G","6366944"
"2025","12","HK","8","P","785"
"2025","3","IN","303","G","29642"
"2025","3","AE","1964","G","4026489"
"2025","11","GB","46811","G","5695796"
"2025","8","LV","912","D","12008"
"2025","2","SG","18","D","2032"
"2025","5","SE","52947","G","4147508"
"2025","7","CH","1507","S","697743"
"2025","12","CY","17","FX","1690"
"2025","8","LV","103","Z","12012"
"2025","9","JO","15","S","26401"
"2025","8","CY","35","D","380"
"2025","12","BH","135","G","16239"
"2025","11","CZ","3","Z","1099"
"2025","5","CZ","1","Z","1123"
"2025","9","RO","15571","G","1472211"
"2025","9","KR","2784","S","285993"
"2025","4","SG","26","D","16519"
"2025","11","CY","2138","G","286337"
"2025","7","GR","3510","S","569453"
"2025","4","JP","6466","S","1094022"
"2025","5","DK","11783","D","422390"
"2025","7","TR","57","C","73"
"2025","6","NO","8888","S","693270"
"2025","7","LT","17","S","32707"
"2025","1","TH","98562","D","683131"
"2025","12","TR","6108","G","610171"
"2025","4","IE","136","Z","50772"
"2025","5","CN","17400","S","1462129"
"2025","5","EE","11","Z","1230"
"2025","1","VN","2","D","61"
"2025","3","TR","2257","D","24508"
"2025","5","CY","7825","FX","370191"
"2025","1","IN","2780","S","539755"
"2025","6","SE","118","Z","40210"
"2025","3","IT","5121","S","237556"
"2025","1","PT","61142","D","635755"
"2025","10","ZA","623","G","250746"
"2025","11","US","2188","G","1625883"
"2025","8","JP","7160","S","1132845"
"2025","7","ES","3622","C","154255"
"2025","10","AT","17569","D","424416"
"2025","9","IN","399","G","89296"
"2025","3","EE","5721","G","430516"
"2025","11","AT","2022","S","178533"
"2025","1","NO","8483","G","1164369"
"2025","4","FJ","250","D","1304"
"2025","3","NL","65","C","2921"
"2025","10","IL","13","Z","2675"
"2025","7","BH","154","D","407"
"2025","9","IE","5989","D","150653"
"2025","5","HU","62","Z","29370"
"2025","10","PL","38955","S","823002"
"2025","10","FI","1538","D","58964"
"2025","4","DK","5246","S","469315"
"2025","5","HU","14316","S","658061"
"2025","12","NZ","32","G","15725"
"2025","8","IL","15","Z","3156"
"2025","2","HK","21","S","28043"
"2025","11","HU","20331","D","288106"
"2025","3","NO","9737","G","1335828"
"2025","11","LV","859","D","12661"
"2025","3","GR","11602","D","98077"
"2025","11","VN","462","G","38920"
"2025","5","BT","13","S","477815"
"2025","5","KW","81","S","193669"
"2025","6","HK","287","G","37922"
"2025","5","NL","2835","Z","52780"
"2025","2","TR","1061","C","1532"
"2025","10","LT","16","S","23986"
"2025","1","SI","3839","D","48941"
"2025","11","GB","344","D","173783"
"2025","2","EE","5815","G","400049"
"2025","5","SK","19893","G","2322600"
"2025","6","FR","9141","S","1190491"
"2025","2","TR","2975","S","301874"
"2025","3","JO","1","Z","161"
"2025","10","CL","5","S","691"
"2025","4","AT","16736","D","389121"
"2025","10","TR","3875","S","460108"
"2025","1","NL","13008","S","1794341"
"2025","7","SE","25995","S","1277336"
"2025","10","TH","3527","G","7117031"
"2025","6","EE","5074","G","360190"
"2025","3","SE","9200","D","375819"
"2025","6","KW","68","S","148159"
"2025","11","ZA","270","S","163160"
"2025","10","JP","6302","S","1040648"
"2025","6","KW","3","D","109"
"2025","8","BE","1","W","251"
"2025","10","TR","305","Z","90008"
"2025","8","IN","411","G","35218"
"2025","10","BH","105","S","128309"
"2025","4","TR","2649","D","21182"
"2025","7","BH","98","S","115792"
"2025","3","ZA","743","G","257144"
"2025","6","BT","499","G","27603"
"2025","9","TR","203","Z","29287"
"2025","3","AR","580","D","16069"
"2025","8","IE","106","S","360777"
"2025","9","PT","847","S","271969"
"2025","1","EG","24","Z","154"
"2025","1","SK","1833","C","14244"
"2025","6","MY","2798","G","1834920"
"2025","8","CZ","1","W","187"
"2025","8","ES","3557","S","980077"
"2025","12","NL","5138","S","1556464"
"2025","9","NL","463709","G","20007984"
"2025","7","JP","880","G","32414"
"2025","9","CY","24","D","2572"
"2025","1","AE","850","D","33800"
"2025","5","BE","3097","S","1094423"
"2025","7","FJ","6","Z","2523"
"2025","8","BG","9439","FX","539483"
"2025","9","FJ","2030","G","115125"
"2025","7","SI","3","Z","169"
"2025","9","HK","311","G","1813850"
"2025","6","AE","926","S","1546966"
"2025","9","AR","413","D","9617"
"2025","11","LU","310","D","6521"
"2025","10","NA","4","G","551"
"2025","2","PL","8","W","136"
"2025","10","IL","13","D","1832"
"2025","4","BG","468","YA","36702"
"2025","8","RO","83940","D","666069"
"2025","8","SA","306","G","878352"
"2025","10","FJ","1057","G","51404"
"2025","7","BE","230616","G","11107712"
"2025","10","LV","1042","D","14754"
"2025","1","HK","1267","D","21917"
"2025","11","CN","22131","S","1842023"
"2025","9","MT","1414","G","100101"
"2025","9","UA","4945","FX","340307"
"2025","8","BT","1","Z","32"
"2025","9","BE","2636","S","676032"
"2025","5","ID","1272","G","83221"
"2025","2","BT","453","G","40209"
"2025","6","BH","6","Z","982"
"2025","5","HK","1031","D","15623"
"2025","12","SE","1960","D","81338"
"2025","5","KW","9","Z","1745"
"2025","6","ES","2","W","384"
"2025","5","AT","1561","S","82326"
"2025","9","EG","435","G","35660"
"2025","2","GB","28","C","418"
"2025","9","SG","21983","S","3446886"
"2025","6","HK","17","P","976"
"2025","7","IL","80","D","20070"
"2025","9","SK","23","Z","1399"
"2025","5","BE","40922","D","911128"
"2025","4","LU","17941","G","902153"
"2025","7","BG","441","YA","34007"
"2025","6","NL","15906","S","1586640"
"2025","12","ES","1386","C","32199"
"2025","1","DK","3818","S","357979"
"2025","1","UA","4468","FX","391266"
"2025","6","TR","1871","D","12489"
"2025","7","LV","4294","G","337283"
"2025","6","GR","1","Z","86"
"2025","3","FI","1655","D","64277"
"2025","7","ID","1175","G","57860"
"2025","8","VN","7","D","199"
"2025","3","EG","551","D","1355"
"2025","12","SI","221","S","8208"
"2025","1","SK","13338","G","2754204"
"2025","10","BE","43526","D","1039545"
"2025","12","BG","1038","D","5314"
"2025","6","DK","10504","D","364492"
"2025","5","TH","3437","G","4310524"
"2025","5","LU","14895","G","772140"
"2025","12","BE","12527","D","302255"
"2025","8","FI","1107","D","50229"
"2025","5","TW","123","G","24381"
"2025","10","PH","5","S","21264"
"2025","3","BG","43","Z","10298"
"2025","10","AT","1651","S","113172"
"2025","9","AE","783","D","13629"
"2025","10","TW","164","S","99976"
"2025","11","TR","18191","G","1597735"
"2025","10","SE","59785","G","4940824"
"2025","5","BH","108","S","116809"
"2025","3","AT","16600","D","423224"
"2025","7","AU","9834","G","932233"
"2025","7","SI","3943","D","41785"
"2025","7","FR","547","Z","14647"
"2025","11","GR","3093","S","538409"
"2025","2","BE","3172","S","775414"
"2025","10","BT","318","G","15172"
"2025","8","JO","48","G","1500"
"2025","10","NZ","390","S","15422"
"2025","11","ES","1","W","149"
"2025","9","PL","33107","S","704522"
"2025","2","AR","690","D","17575"
"2025","3","DK","4860","S","452884"
"2025","11","JO","10","S","11601"
"2025","8","EE","63","S","95694"
"2025","12","BT","119","G","7566"
"2025","6","BH","147","D","321"
"2025","12","SI","1960","G","137638"
"2025","3","FJ","13","S","9782"
"2025","6","EE","10","Z","948"
"2025","6","AE","769","D","13252"
"2025","7","FI","1287","D","51683"
"2025","3","GB","65448","G","8252305"
"2025","7","LV","1016","D","13182"
"2025","2","SK","9460","C","68096"
"2025","7","AE","870","D","15940"
"2025","5","GR","10321","D","93442"
"2025","5","BE","186606","G","9542403"
"2025","10","KW","4","Z","785"
"2025","7","LT","4598","G","379250"
"2025","10","LU","299","D","7211"
"2025","9","NO","9524","S","669552"
"2025","9","BH","101","S","126472"
"2025","10","IT","35","D","240"
"2025","5","TR","236","Z","57911"
"2025","3","BE","596","Z","279351"
"2025","11","VN","1","D","28"
"2025","3","SG","1117","Z","642834"
"2025","6","HU","16205","S","823749"
"2025","5","AU","67","S","129846"
"2025","6","DK","4348","S","415075"
"2025","2","BT","30","S","535071"
"2025","9","BG","439","YA","33834"
"2025","5","VN","545","G","45247"
"2025","11","KW","2","D","65"
"2025","9","BE","177932","G","9117982"
"2025","8","SK","16","Z","699"
"2025","8","FI","20520","G","2090709"
"2025","10","HU","15153","S","779004"
"2025","3","LV","65","S","96515"
"2025","3","LV","114","Z","21303"
"2025","2","FJ","3","Z","483"
"2025","8","CZ","15767","S","1056482"
"2025","2","LT","9","Z","115"
"2025","3","AT","3815","S","152424"
"2025","6","KR","2466","D","16688"
"2025","1","IE","4555","D","119039"
"2025","2","KR","7","Z","332"
"2025","7","SE","49385","G","3815925"
"2025","7","RO","92280","D","638751"
"2025","8","FJ","3","S","3075"
"2025","10","IE","10956","G","1592425"
"2025","5","TR","21584","G","1809098"
"2025","10","LU","2603","S","71870"
"2025","5","GR","10","Z","488"
"2025","12","NO","4496","S","448734"
"2025","2","HU","14299","S","630291"
"2025","10","CY","2","Z","184"
"2025","8","BH","94","S","156210"
"2025","4","BE","959","C","46218"
"2025","9","AT","136","Z","9765"
"2025","5","HK","7","Z","8975"
"2025","12","RO","1","Z","80"
"2025","6","SA","77","S","162789"
"2025","9","SK","1029","FX","30972"
"2025","11","TR","3748","S","412421"
"2025","4","KW","521","G","116020"
"2025","2","NL","39","C","1758"
"2025","11","SG","7239","G","516181"
"2025","10","EG","13","S","9138"
"2025","7","CH","9049","D","246530"
"2025","6","NZ","477","S","101303"
"2025","12","DK","2418","S","255725"
"2025","7","JO","133","G","4903"
"2025","4","TR","108","C","158"
"2025","9","PT","73775","D","777358"
"2025","2","PT","48477","FX","1770412"
"2025","5","FI","15164","S","1243439"
"2025","3","NL","16404","S","2056594"
"2025","6","ES","6932","S","1690713"
"2025","12","NL","20","Z","273"
"2025","9","IT","2453","S","159064"
"2025","9","CZ","2","W","481"
"2025","10","BG","34","Z","27116"
"2025","11","BH","158","S","288951"
"2025","6","IN","411","G","41904"
"2025","7","TH","6","Z","3087"
"2025","8","NO","7024","G","1158393"
"2025","6","BE","35146","D","817169"
"2025","11","IE","60","Z","18176"
"2025","3","TR","3101","S","321538"
"2025","9","DK","8905","D","330930"
"2025","4","BE","52144","D","1173294"
"2025","6","BT","16","S","476213"
"2025","10","IT","2579","S","164477"
"2025","1","CY","2231","G","276996"
"2025","1","BE","405","Z","123937"
"2025","2","GB","2001","Z","628194"
"2025","10","EE","25","Z","1227"
"2025","2","SE","34040","S","2277297"
"2025","1","CH","39016","G","4288454"
"2025","11","CZ","81411","G","3881995"
"2025","12","EG","42","S","63457"
"2025","1","SI","6","Z","576"
"2025","10","AT","487","Z","42577"
"2025","5","AT","43032","G","2546897"
"2025","5","PH","151","G","18468"
"2025","1","GR","10","Z","2003"
"2025","11","TW","80","G","11256"
"2025","1","PT","45228","FX","1637505"
"2025","10","NO","12062","S","892739"
"2025","2","CH","50220","G","5200513"
"2025","1","NA","3","S","28902"
"2025","2","PL","94494","G","5021045"
"2025","8","EE","4359","G","299801"
"2025","11","LT","8","S","18389"
"2025","12","IL","3","D","126"
"2025","9","PH","4","S","3454"
"2025","4","JO","3","S","2180"
"2025","3","NL","2698","Z","48868"
"2025","11","DK","31863","G","2184578"
"2025","11","FJ","325","D","1058"
"2025","1","EG","676","D","1937"
"2025","7","HK","503","G","47913"
"2025","8","IE","88","Z","39915"
"2025","7","MY","7634","D","192380"
"2025","3","KR","10558","G","296841"
"2025","5","SK","507","C","3684"
"2025","9","BG","26","Z","14599"
"2025","7","KW","577","G","121142"
"2025","6","GR","3262","S","512451"
"2025","10","TM","635","G","88154"
"2025","7","KR","2","Z","267"
"2025","3","CZ","1","W","141"
"2025","10","SE","10175","D","419511"
"2025","1","SI","128","S","11142"
"2025","3","BE","44209","D","1002192"
"2025","12","FR","75","Z","38643"
"2025","5","BE","564","C","22686"
"2025","7","TM","539","G","75706"
"2025","4","SK","18","Z","3699"
"2025","5","NL","3","W","1043"
"2025","7","ZA","66","D","83586"
"2025","12","BH","2","Z","605"
"2025","9","FI","22304","G","2362250"
"2025","12","US","1","G","183"
"2025","4","FI","19099","S","1413939"
"2025","2","EG","713","D","3467"
"2025","2","MT","1938","G","133042"
"2025","8","PH","3","S","1470"
"2025","12","SE","19","Z","45468"
"2025","3","DK","9642","D","359171"
"2025","6","SI","5210","D","53289"
"2025","6","GB","1262","Z","406586"
"2025","12","TH","56","S","8035"
"2025","6","LV","4581","G","369245"
"2025","2","AT","17246","D","400483"
"2025","11","HU","34997","G","2602521"
"2025","9","NO","2452","Z","87855"
"2025","2","BE","45944","D","1026813"
"2025","4","KW","1","Z","114"
"2025","7","SA","165","FX","35270"
"2025","1","SA","243","S","410210"
"2025","4","HK","1286","D","22802"
"2025","7","TR","2482","D","16732"
"2025","11","NL","16318","S","2367123"
"2025","5","LU","409","D","9507"
"2025","12","PL","3","W","45"
"2025","1","LV","1178","D","12361"
"2025","5","PT","848","S","196974"
"2025","9","AE","1023","S","1674803"
"2025","3","DK","144","Z","46860"
"2025","9","HU","19302","D","248904"
"2025","10","NL","347327","G","17739925"
"2025","1","CZ","12789","D","277050"
"2025","9","JP","741","G","45767"
"2025","3","CZ","111693","G","5152455"
"2025","2","KE","1","G","223"
"2025","7","IT","194723","G","11990214"
"2025","12","AR","160","D","5903"
"2025","9","LT","18","S","27486"
"2025","6","GB","50","C","744"
"2025","8","AR","698","D","16080"
"2025","3","NO","106","Z","46712"
"2025","5","AE","1","Z","1978"
"2025","1","HK","10","P","601"
"2025","3","AU","90","Z","22933"
"2025","2","DK","4950","S","467443"
"2025","2","ES","150057","G","8450758"
"2025","8","PL","71012","G","3879579"
"2025","8","KW","101","S","271689"
"2025","8","SE","81","Z","32620"
"2025","9","FI","1111","D","47292"
"2025","8","SK","26976","G","2783506"
"2025","7","BT","1","Z","12"
"2025","1","JP","1","P","6"
"2025","11","NO","1498","Z","62768"
"2025","6","AU","52","Z","16350"
"2025","9","NZ","124","G","46850"
"2025","6","CZ","89724","G","4186133"
"2025","4","UA","4451","FX","412038"
"2025","5","SI","301","S","13534"
"2025","12","IN","1976","S","184501"
"2025","9","SA","175","S","327384"
"2025","9","DK","55","Z","39077"
"2025","7","PT","940","Z","39315"
"2025","8","ZA","147","S","152125"
"2025","1","ES","106690","D","1571465"
"2025","8","EG","460","G","33610"
"2025","1","GB","57230","G","6775902"
"2025","5","AT","508","Z","72807"
"2025","3","CY","3138","G","367955"
"2025","6","EE","712","D","10936"
"2025","10","NO","10554","G","1587190"
"2025","1","BE","4313","S","935008"
"2025","11","BG","3418","D","17270"
"2025","9","ES","4866","S","1303839"
"2025","8","SE","24159","S","1068258"
"2025","3","CL","101","S","130685"
"2025","8","CN","18416","S","1930713"
"2025","1","EE","60","S","95559"
"2025","5","SE","143","Z","37668"
"2025","8","LT","433","D","7767"
"2025","2","GB","66651","G","7360459"
"2025","10","BH","317","G","20264"
"2025","10","GB","50183","G","6094608"
"2025","6","CH","18","P","1202"
"2025","7","SG","26","D","2806"
"2025","5","ES","3183","C","137311"
"2025","7","TR","353","Z","57379"
"2025","1","EE","20","Z","893"
"2025","12","LT","1","Z","8"
"2025","1","SG","15035","S","3269207"
"2025","9","CL","1","S","1136"
"2025","11","GB","2102","Z","864315"
"2025","5","LV","92","S","114486"
"2025","1","ZA","279","D","31674"
"2025","5","VN","4","Z","339"
"2025","7","MY","4020","G","4101237"
"2025","9","HU","34","Z","21809"
"2025","12","AT","1856","S","65458"
"2025","1","PL","158380","D","1403475"
"2025","7","SA","88","S","139124"
"2025","3","CZ","15298","S","1141303"
"2025","10","MY","497","S","530888"
"2025","10","GB","2880","S","837188"
"2025","5","MY","290","S","278852"
"2025","7","HK","12","P","520"
"2025","9","AU","21","YA","3952"
"2025","4","GR","2946","S","561695"
"2025","3","SI","5710","G","370035"
"2025","10","SK","905","S","235232"
"2025","12","TR","51","C","63"
"2025","5","RO","388","S","231117"
"2025","8","DK","8600","D","289510"
"2025","5","GB","324","D","8558"
"2025","4","ID","1193","G","78402"
"2025","5","CZ","14277","D","299802"
"2025","10","PL","160527","D","1477763"
"2025","4","EE","762","D","13808"
"2025","9","KR","15389","D","96907"
"2025","4","IN","2290","S","569330"
"2025","4","CY","2095","G","286067"
"2025","2","NO","1677","Z","47295"
"2025","11","JP","721","G","30652"
"2025","1","CH","844","S","279966"
"2025","10","CZ","16923","D","331263"
"2025","10","SI","336","S","21698"
"2025","5","FR","120","D","10096"
"2025","11","GB","4087","S","711040"
"2025","6","AR","597","D","15245"
"2025","6","MY","210","S","233641"
"2025","11","PT","67683","G","3082742"
"2025","10","NL","473","SD","89771"
"2025","9","ZA","481","G","157806"
"2025","8","SI","3294","G","220004"
"2025","8","HU","16356","D","216953"
"2025","12","TM","145","G","21565"
"2025","8","SI","6","Z","126"
"2025","6","GB","2678","S","817702"
"2025","6","SG","17512","S","3121989"
"2025","6","JO","9","S","8811"
"2025","12","BE","884","S","212602"
"2025","7","NL","1535","Z","28098"
"2025","7","BG","16326","G","1234860"
"2025","4","JP","752","G","45583"
"2025","5","ID","1","Z","28"
"2025","12","FI","6721","S","519938"
"2025","3","PT","60102","G","3013598"
"2025","4","PT","78933","D","849698"
"2025","4","SE","301","Z","159651"
"2025","3","FJ","1993","G","134547"
"2025","5","SG","827","Z","251428"
"2025","9","AT","12862","D","296918"
"2025","4","SG","7290","G","575137"
"2025","3","JP","947","G","48098"
"2025","6","CZ","17260","D","356489"
"2025","5","TR","3096","S","356551"
"2025","5","NL","27","C","1312"
"2025","5","AE","2152","G","2135351"
"2025","11","CY","90","S","14848"
"2025","5","IN","2363","S","563860"
"2025","11","BR","748","S","64571"
"2025","6","TR","50","C","69"
"2025","2","BH","152","S","189550"
"2025","9","SK","18770","G","2276214"
"2025","9","SA","396","G","1189349"
"2025","8","SA","822","FX","325982"
"2025","1","DK","51844","G","2600479"
"2025","12","EE","216","D","3217"
"2025","12","NL","8","C","372"
"2025","12","GR","645","S","59656"
"2025","2","VN","1","Z","23"
"2025","9","TM","487","G","67706"
"2025","2","PH","159","G","21517"
"2025","10","LT","4818","G","431372"
"2025","2","CN","11576","S","1489514"
"2025","5","TW","54","S","89728"
"2025","4","BG","207","S","101716"
"2025","9","PT","708","Z","22180"
"2025","4","AT","1858","S","107699"
"2025","6","BE","171605","G","8868309"
"2025","11","JO","42","G","2154"
"2025","4","LV","136","S","186843"
"2025","4","SA","756","FX","220265"
"2025","3","SG","17631","S","3282587"
"2025","8","IL","1590","G","457466"
"2025","11","AT","321","Z","53434"
"2025","6","ID","142","S","118196"
"2025","4","GB","68152","G","8173995"
"2025","6","GB","1","YA","25"
"2025","6","KR","2439","S","277497"
"2025","2","JO","241","G","161430"
"2025","1","PT","604","Z","27409"
"2025","7","GB","10","P","134"
"2025","4","TW","121","G","18990"
"2025","7","IE","163","S","479503"
"2025","2","EG","483","G","41803"
"2025","4","SI","313","S","17857"
"2025","7","AE","2114","G","3249975"
"2025","2","LV","1168","D","14393"
"2025","11","NL","11","C","514"
"2025","6","SK","26476","FX","682982"
"2025","1","GR","2906","S","462679"
"2025","2","IT","204297","G","11886391"
"2025","1","KR","2248","S","383026"
"2025","7","MT","1477","G","113470"
"2025","1","HK","2","Z","375"
"2025","1","FI","23742","G","2382278"
"2025","8","GR","7580","D","69687"
"2025","7","SK","25890","FX","1719206"
"2025","9","CY","187","S","30489"
"2025","4","CH","9675","D","212878"
"2025","5","NO","544","D","47115"
"2025","9","SI","1","FX","15"
"2025","9","SE","31562","S","1410990"
"2025","4","MY","3883","G","4719896"
"2025","9","IT","194365","G","11283192"
"2025","8","TH","7","Z","267"
"2025","8","TH","4695","D","102319"
"2025","4","MY","11","Z","25266"
"2025","6","ZA","142","D","92261"
"2025","10","RO","110948","D","764031"
"2025","4","CY","22","D","236"
"2025","9","TR","2193","D","14220"
"2025","12","DK","9346","D","337570"
"2025","5","EG","570","G","49177"
"2025","3","TH","4705","S","289235"
"2025","8","SA","124","S","218660"
"2025","8","NA","10","G","934"
"2025","7","LU","3328","S","78541"
"2025","12","JO","1","FX","343"
"2025","3","EE","64","S","101619"
"2025","11","EG","365","G","32526"
"2025","2","GB","3034","S","900080"
"2025","11","AT","32149","G","2397044"
"2025","3","KW","640","G","138502"
"2025","4","CZ","98773","G","4309063"
"2025","3","SK","1984","C","14635"
"2025","12","BG","14","Z","3903"
"2025","2","IT","5242","S","167706"
"2025","9","EE","56","S","101423"
"2025","3","PL","115463","G","6134106"
"2025","7","LT","12","Z","145"
"2025","3","SA","1193","FX","339261"
"2025","7","SI","273","S","20175"
"2025","5","LU","24","Z","2911"
"2025","5","DK","60829","G","2545718"
"2025","11","NZ","459","S","13776"
"2025","7","NL","61599","D","1481845"
"2025","4","MY","5927","D","185296"
"2025","7","VN","8","D","324"
"2025","3","ID","1","Z","3"
"2025","4","GR","12337","G","1070777"
"2025","12","GR","1","Z","79"
"2025","3","VN","3","D","356"
"2025","10","CY","1","W","475"
"2025","1","EG","463","G","44055"
"2025","11","AU","4762","G","672304"
"2025","3","JP","1","P","10"
"2025","10","FR","204","D","14106"
"2025","4","AT","49329","G","2570993"
"2025","10","JP","647","G","30784"
"2025","8","AE","1085","S","1653543"
"2025","10","TW","78","G","21780"
"2025","8","NO","7773","S","600176"
"2025","6","SK","1165","S","208521"
"2025","6","BG","5830","FX","332322"
"2025","7","FJ","297","D","1452"
"2025","11","TR","2721","D","16450"
"2025","1","GB","37","C","529"
"2025","7","GR","12233","D","113476"
"2025","4","PL","161058","D","1391334"
"2025","11","CY","1","Z","168"
"2025","7","SE","6361","D","278826"
"2025","3","SE","195","Z","75145"
"2025","1","PL","7","W","91"
"2025","9","NO","8150","G","1458679"
"2025","2","LU","16","Z","2359"
"2025","7","TH","5450","S","280565"
"2025","4","SI","4836","D","46043"
"2025","12","CH","5","P","340"
"2025","3","SI","4","Z","213"
"2025","1","BT","16","S","646846"
"2025","7","NL","597","SD","105623"
"2025","8","ES","3704","C","146575"
"2025","11","AE","2191","G","2111669"
"2025","2","ES","5790","S","1219375"
"2025","3","SG","6964","G","551321"
"2025","10","FJ","205","D","871"
"2025","2","SG","1025","Z","242571"
"2025","3","PL","5","W","153"
"2025","9","KW","1","D","31"
"2025","11","RO","6","Z","219"
"2025","12","NL","190301","G","7880853"
"2025","8","BH","276","G","18586"
"2025","3","BG","4034","D","21754"
"2025","12","IT","34889","G","2233745"
"2025","8","IE","9885","G","1432412"
"2025","7","EE","81","S","153084"
"2025","4","AR","575","D","17578"
"2025","6","AU","22","YA","1401"
"2025","4","SE","38428","S","1715919"
"2025","3","ES","165096","G","9221643"
"2025","2","FI","16253","S","1223079"
"2025","9","TW","95","S","76229"
"2025","11","HK","105","S","13627"
"2025","2","ZA","666","G","258774"
"2025","2","GR","12136","G","1041357"
"2025","11","ID","97","S","71559"
"2025","4","AU","40","S","82928"
"2025","6","EG","579","G","48197"
"2025","4","CZ","15920","S","1105204"
"2025","1","GB","1835","Z","560376"
"2025","1","TW","1127","S","189016"
"2025","6","HU","23254","D","291560"
"2025","11","IT","181761","G","11500384"
"2025","4","SE","9849","D","408452"
"2025","1","JO","17","S","16359"
"2025","4","FI","1823","D","74219"
"2025","4","EG","668","D","4480"
"2025","1","CY","17","D","177"
"2025","8","MY","173","S","181265"
"2025","10","PH","210","G","46415"
"2025","7","CZ","13773","D","298133"
"2025","12","GR","2621","G","194713"
"2025","7","KW","75","S","161304"
"2025","6","SA","516","FX","206186"
"2025","3","ZA","1","Z","5"
"2025","6","CY","168","S","38728"
"2025","4","CH","50305","G","5121356"
"2025","4","NL","456729","G","24926214"
"2025","6","SK","20966","G","2721385"
"2025","10","LV","4094","G","365853"
"2025","7","GB","1497","D","33056"
"2025","1","HU","26562","G","2018056"
"2025","5","FJ","2","Z","56"
"2025","8","NL","1","P","15"
"2025","5","EE","840","D","13960"
"2025","7","IN","1","D","1"
"2025","11","PL","32953","S","937833"
"2025","10","FI","19693","S","1664976"
"2025","10","BE","311","Z","125876"
"2025","6","CY","28","D","306"
"2025","6","BG","28","Z","51607"
"2025","3","RO","453","S","243466"
"2025","4","ID","1","Z","2"
"2025","6","HK","1050","D","14786"
"2025","10","VN","5","D","140"
"2025","10","GR","13528","G","1131682"
"2025","11","TH","3096","G","5734191"
"2025","8","SG","5779","G","490435"
"2025","5","NO","115","Z","18651"
"2025","1","SE","48692","G","4035460"
"2025","6","BT","1","Z","88"
"2025","12","IL","1","Z","49"
"2025","4","FR","11075","S","1479602"
"2025","9","ES","91050","D","1471229"
"2025","12","IE","53","S","53561"
"2025","5","NL","17666","S","2178423"
"2025","9","LT","3771","G","300427"
"2025","12","AU","9","S","35818"
"2025","10","PH","1","Z","79"
"2025","4","NO","548","D","48558"
"2025","1","IE","2","W","1178"
"2025","7","BG","210","S","80316"
"2025","5","GB","23","C","331"
"2025","9","MY","3985","G","1828072"
"2025","3","HK","8","S","3130"
"2025","3","ZA","166","S","32616"
"2025","5","PT","61693","G","3075910"
"2025","2","FR","262","D","18534"
"2025","8","ES","131757","G","6789951"
"2025","2","RO","20361","G","2111026"
"2025","2","IE","132","S","448604"
"2025","7","CY","10205","FX","427429"
"2025","3","IT","16","D","502"
"2025","8","VN","484","G","39219"
"2025","4","AU","22","YA","2134"
"2025","12","HK","307","D","4517"
"2025","6","BH","333","G","23325"
"2025","6","JO","1","Z","148"
"2025","8","GR","7962","G","631556"
"2025","7","TH","3952","G","8436247"
"2025","10","IT","413","Z","83249"
"2025","8","CL","10","S","19413"
"2025","12","TW","38","G","4843"
"2025","12","SE","11692","G","913236"
"2025","12","GB","2277","S","403394"
"2025","2","LU","14764","G","860403"
"2025","3","NL","384882","G","21974631"
"2025","12","FI","5610","G","510059"
"2025","1","ZA","101","S","54189"
"2025","12","IT","692","S","90786"
"2025","2","IT","935","Z","154975"
"2025","5","CY","102","S","25788"
"2025","7","GB","69139","G","7844042"
"2025","2","BG","157","S","57654"
"2025","6","ZA","292","S","58840"
"2025","3","LT","552","D","9247"
"2025","11","NO","10711","S","787738"
"2025","1","BH","119","S","194450"
"2025","9","EE","760","D","13839"
"2025","6","TW","114","S","151515"
"2025","9","NL","20","C","927"
"2025","2","FR","145199","G","8090736"
"2025","8","SE","5718","D","223964"
"2025","11","PT","39","FX","2114"
"2025","12","PT","55","FX","4009"
"2025","4","NL","21185","S","2565647"
"2025","1","AE","1","Z","2050"
"2025","11","CH","41091","G","4254098"
"2025","12","PT","27597","G","1205551"
"2025","8","ZA","554","G","444381"
"2025","3","SK","4656","D","102573"
"2025","1","NL","1","W","437"
"2025","8","EG","5","Z","283"
"2025","6","AT","388","Z","37658"
"2025","6","MY","5741","D","190590"
"2025","10","SK","4664","D","105419"
"2025","2","TH","2","Z","142"
"2025","12","GR","1651","D","13754"
"2025","11","UA","4351","FX","407505"
"2025","7","EG","21","S","45349"
"2025","7","FR","1","P","8"
"2025","2","CH","9085","D","221209"
"2025","3","VN","3","Z","59"
"2025","11","NL","334577","G","17499798"
"2025","9","CY","3","Z","325"
"2025","10","EG","526","G","44458"
"2025","4","BH","173","D","422"
"2025","9","NL","2","W","257"
"2025","11","AE","962","S","1599713"
"2025","2","HU","34651","G","2430268"
"2025","5","IL","1901","G","539646"
"2025","11","GR","9168","D","75514"
"2025","1","PH","4","S","4485"
"2025","2","MY","3024","G","2416387"
"2025","1","ID","1033","G","80444"
"2025","3","JO","15","S","18428"
"2025","11","SI","3990","G","276124"
"2025","9","GB","60300","G","7082568"
"2025","10","ZA","200","S","50602"
"2025","8","SG","16869","S","2504852"
"2025","2","BG","10843","FX","660531"
"2025","9","AU","62","S","134059"
"2025","1","BG","15415","G","1245569"
"2025","3","NL","1","W","437"
"2025","7","TW","63","S","141575"
"2025","8","KR","2315","D","14444"
"2025","1","AE","1916","G","2199746"
"2025","5","SK","1429","S","223473"
"2025","3","BH","175","D","395"
"2025","6","NA","1","G","29"
"2025","6","NO","481","D","40703"
"2025","3","ES","3604","C","127954"
"2025","11","KR","3080","S","339736"
"2025","2","ZA","2","Z","2"
"2025","5","NZ","1","D","531"
"2025","3","GB","257","D","13451"
"2025","6","DK","60072","G","2290794"
"2025","5","ZA","555","G","277899"
"2025","2","MY","238","S","225371"
"2025","5","MY","4920","D","121422"
"2025","9","DK","4693","S","399187"
"2025","7","NO","411","D","33917"
"2025","4","BG","11005","FX","637117"
"2025","9","NL","56128","D","1351755"
"2025","9","TW","84","G","16146"
"2025","3","FJ","5","Z","1385"
"2025","12","TR","597","S","48129"
"2025","3","TR","23623","G","1946856"
"2025","10","AE","1013","S","1297573"
"2025","4","SK","28277","FX","884976"
"2025","9","SK","992","S","263310"
"2025","4","PH","144","G","35685"
"2025","7","BE","478","Z","252407"
"2025","7","JP","6849","S","1081308"
"2025","11","KR","9288","D","62325"
"2025","1","ES","1","W","1885"
"2025","9","NL","1499","Z","30826"
"2025","4","HU","13525","S","683729"
"2025","12","AE","355","D","5780"
"2025","11","CH","4","Z","156"
"2025","12","MY","4","Z","26560"
"2025","1","CZ","11609","S","1058288"
"2025","12","SI","1","Z","23"
"2025","5","IT","12","D","498"
"2025","1","IT","179361","G","10931413"
"2025","4","DK","269","Z","85956"
"2025","11","CH","1103","S","447078"
"2025","5","FR","9294","S","1512138"
"2025","11","ES","5258","C","156016"
"2025","2","SK","19","Z","1407"
"2025","1","AU","11","YA","493"
"2025","9","BE","416","Z","109998"
"2025","6","CH","1124","S","387200"
"2025","2","TM","546","G","74630"
"2025","11","SK","15","Z","743"
"2025","12","ZA","66","G","23936"
"2025","10","EE","88","S","142577"
"2025","7","EG","6","Z","59"
"2025","11","KR","1469","G","35001"
"2025","10","SG","6064","G","455909"
"2025","5","SI","3978","G","253396"
"2025","8","CH","9","P","628"
"2025","7","HK","1271","D","18923"
"2025","12","CZ","13840","S","819022"
"2025","11","BH","1","Z","97"
"2025","3","IT","216611","G","12164181"
"2025","11","NL","2","W","552"
"2025","7","FJ","1606","G","103043"
"2025","8","BE","245","C","9120"
"2025","6","AU","49","S","90362"
"2025","5","HK","8","S","8591"
"2025","3","EG","6","Z","532"
"2025","9","SA","737","FX","223316"
"2025","9","AU","9541","G","908477"
"2025","1","IL","1935","G","649085"
"2025","3","SA","194","S","121059"
"2025","12","BG","3524","FX","277249"
"2025","1","LU","3543","S","67236"
"2025","5","CZ","14367","S","1096884"
"2025","7","FR","182","D","17491"
"2025","4","ZA","689","G","237557"
"2025","5","HK","404","G","35918"
"2025","1","NL","301328","G","17274473"
"2025","6","IE","4885","D","137111"
"2025","6","TH","42130","D","300035"
"2025","2","RO","93491","D","718605"
"2025","1","EE","902","D","14832"
"2025","2","CY","7056","FX","339741"
"2025","10","FR","469","Z","15055"
"2025","4","PT","69078","G","3394386"
"2025","12","GB","11174","G","1561737"
"2025","4","EG","40","S","84040"
"2025","11","HU","20675","S","924661"
"2025","11","SA","588","FX","123891"
"2025","12","HK","2","Z","88"
"2025","8","BE","29862","D","711067"
"2025","3","VN","641","G","59044"
"2025","12","FJ","394","G","31523"
"2025","3","SE","57863","G","4412677"
"2025","3","EG","21","S","52241"
"2025","3","SK","16","Z","699"
"2025","3","PT","67426","D","732222"
"2025","5","SE","8489","D","354336"
"2025","7","VN","27","S","10541"
"2025","4","GB","13","C","198"
"2025","8","FR","485","Z","16033"
"2025","11","SI","300","S","13483"
"2025","12","NL","1","W","153"
"2025","6","PL","184830","D","1599112"
"2025","10","SG","18107","S","2891570"
"2025","4","KW","1","D","42"
"2025","4","TM","468","G","64428"
"2025","12","SG","1","D","38"
"2025","7","PL","34490","S","688904"
"2025","2","CN","5462","G","815856"
"2025","1","HK","295","G","46717"
"2025","3","CH","38","P","2382"
"2025","4","HK","642","G","57095"
"2025","4","KR","7","Z","352"
"2025","4","IL","1643","G","520572"
"2025","10","IE","2","W","103"
"2025","7","RO","514","S","190535"
"2025","2","LU","417","D","9984"
"2025","8","KW","589","G","116260"
"2025","5","BH","3","Z","1931"
"2025","5","CH","43754","G","4376842"
"2025","7","CH","23","P","2687"
"2025","4","NL","541","SD","89646"
"2025","11","PT","68452","D","750482"
"2025","8","RO","518","S","186115"
"2025","12","TW","127","S","52247"
"2025","7","TR","25777","G","2255537"
"2025","4","DK","94904","G","3067084"
"2025","3","BE","213831","G","10494929"
"2025","11","MT","1441","G","109006"
"2025","10","NL","742","Z","13047"
"2025","2","RO","400","S","146713"
"2025","2","CY","8","Z","913"
"2025","4","TH","5414","S","274118"
"2025","3","PL","197719","D","1788302"
"2025","1","KW","738","G","208445"
"2025","7","HU","19578","D","254604"
"2025","3","IE","158","S","507365"
"2025","3","GB","2786","S","905081"
"2025","9","AT","1046","S","71719"
"2025","8","VN","29","S","10532"
"2025","10","CH","6881","D","230332"
"2025","6","CH","7386","D","170128"
"2025","2","PL","173781","D","1590023"
"2025","2","BH","250","G","23912"
"2025","11","SK","4174","D","92929"
"2025","2","LU","4134","S","117855"
"2025","1","TH","3595","G","5410231"
"2025","4","IT","174038","G","10364593"
"2025","3","FR","138375","G","7741484"
"2025","10","IE","6974","D","172419"
"2025","1","TW","8","Z","1389"
"2025","11","TH","4444","S","349494"
"2025","6","HU","37","Z","17230"
"2025","3","BG","203","S","84022"
"2025","6","PT","56861","G","2820898"
"2025","12","IT","387","D","7656"
"2025","5","NL","52735","D","1325437"
"2025","12","KW","6","Z","1445"
"2025","11","FI","1157","D","50674"
"2025","6","ES","4062","C","156218"
"2025","10","SG","22","D","2011"
"2025","2","LT","21","S","55706"
"2025","5","BT","432","G","22490"
"2025","9","HK","51","S","4766"
"2025","2","KR","14483","D","148476"
"2025","11","BE","118","C","3969"
"2025","3","EE","834","D","14390"
"2025","2","SA","206","S","298680"
"2025","10","SK","1405","FX","25991"
"2025","11","PT","1","W","22"
"2025","5","NZ","174","G","80582"
"2025","6","LT","5428","G","434519"
"2025","7","EG","567","D","1258"
"2025","5","JP","5656","S","1004068"
"2025","1","PL","26791","S","652995"
"2025","10","LT","5","Z","51"
"2025","10","TH","6","Z","704"
"2025","9","CZ","12375","S","1033077"
"2025","4","NL","66","C","3018"
"2025","3","AE","843","S","1137195"
"2025","12","KR","1704","D","11032"
"2025","5","CZ","85986","G","3944256"
"2025","9","IE","1","W","151"
"2025","10","EE","882","D","14475"
"2025","12","LV","229","D","2576"
"2025","12","MY","1358","D","30103"
"2025","6","KW","637","G","137580"
"2025","2","AT","1892","S","130827"
"2025","10","CN","16635","S","1479941"
"2025","2","CH","948","S","344398"
"2025","9","FR","126","D","8962"
"2025","6","LV","1024","D","12947"
"2025","6","LU","342","D","8368"
"2025","3","HK","1243","D","20598"
"2025","8","CH","1","Z","36"
"2025","2","HK","1237","D","21656"
"2025","2","NO","11126","S","922943"
"2025","4","EE","21","Z","5591"
"2025","8","TR","47","C","60"
"2025","1","LU","11598","G","630242"
"2025","1","IT","35","D","358"
"2025","1","LT","513","D","8331"
"2025","8","TR","268","Z","25203"
"2025","7","HU","34","Z","192376"
"2025","8","CH","35425","G","3555236"
"2025","9","AU","51","Z","10150"
"2025","8","ES","104801","D","1683262"
"2025","10","DK","60022","G","2801466"
"2025","1","LT","8","Z","128"
"2025","8","NL","2152","Z","41673"
"2025","6","IT","166344","G","10290142"
"2025","1","BH","251","G","28862"
"2025","4","JO","4","G","1616"
"2025","1","PH","122","G","18116"
"2025","1","TH","4183","S","200810"
"2025","1","SK","22327","FX","683602"
"2025","12","JP","3785","S","713063"
"2025","3","BG","22031","G","1584856"
"2025","9","AE","2238","G","1662964"
"2025","11","LV","44","S","125016"
"2025","3","AT","315","Z","25496"
"2025","1","BG","304","YA","26704"
"2025","2","FJ","337","D","1367"
"2025","1","AT","3458","S","167389"
"2025","5","CY","2583","G","330365"
"2025","9","IT","396","Z","61208"
"2025","10","CZ","3","Z","301"
"2025","8","HK","994","D","16416"
"2025","6","LV","114","Z","12551"
"2025","9","LT","4","Z","52"
"2025","12","CH","2107","D","83894"
"2025","10","DK","145","Z","78477"
"2025","4","LU","3550","S","84259"
"2025","1","IT","3984","S","147980"
"2025","2","NO","9679","G","1294176"
"2025","8","PT","608","Z","25719"
"2025","2","EE","32","Z","6168"
"2025","8","TR","18524","G","1626825"
"2025","9","CH","1049","S","413152"
"2025","4","LT","506","D","10223"
"2025","11","IL","9","D","798"
"2025","11","LV","3129","G","288200"
"2025","11","NZ","83","G","38008"
"2025","2","JP","913","G","35139"
"2025","9","FJ","10","S","6692"
"2025","9","CH","8270","D","241615"
"2025","9","LV","34","S","41373"
"2025","2","SK","26531","FX","808181"
"2025","6","TH","4816","S","246700"
"2025","8","BT","280","G","16251"
"2025","7","LU","452","D","11937"
"2025","1","IE","9278","G","1378104"
"2025","2","BE","223152","G","10688206"
"2025","4","BH","204","G","22177"
"2025","11","LT","3125","G","282891"
"2025","7","SG","21941","S","3725444"
"2025","10","ES","140858","D","2287678"
"2025","4","NZ","479","S","25991"
"2025","8","AE","2161","G","1748252"
"2025","1","CY","2","Z","157"
"2025","9","ID","141","S","102761"
"2025","6","CZ","5","Z","2278"
"2025","7","HK","11","Z","1453"
"2025","5","VN","10","D","262"
"2025","8","TR","2038","D","12883"
"2025","8","TH","4948","S","282091"
"2025","11","GR","10160","G","832286"
"2025","2","AE","2219","G","2530829"
"2025","6","GR","10448","D","97903"
"2025","9","FR","9408","S","1420239"
"2025","3","LT","12","Z","148"
"2025","11","DK","5402","S","503168"
"2025","12","TH","97","G","319527"
"2025","8","SK","1","W","207"
"2025","3","TR","311","C","455"
"2025","4","AE","849","D","15638"
"2025","11","AR","490","D","10809"
"2025","3","HU","16857","S","763482"
"2025","3","ES","7472","S","1441465"
"2025","4","NO","9029","G","1227280"
"2025","4","NO","3172","Z","114968"
"2025","1","PL","78761","G","4502373"
"2025","1","IL","12","D","515"
"2025","8","AU","17","YA","5618"
"2025","1","ZA","574","G","263175"
"2025","8","SK","2155","S","329059"
"2025","12","EE","1","Z","11"
"2025","1","FI","1488","D","63603"
"2025","11","ID","905","G","32011"
"2025","9","ES","4903","C","197136"
"2025","12","TR","35","Z","4928"
"2025","11","FJ","1290","G","81253"
"2025","1","EE","5613","G","423710"
"2025","5","CH","3","Z","108"
"2025","4","LU","25","Z","11379"
"2025","2","KR","16965","G","373914"
"2025","12","FR","60","D","3086"
"2025","5","TH","2","Z","61"
"2025","2","DK","63804","G","2917825"
"2025","2","AE","984","S","1611434"
"2025","9","EG","8","Z","241"
"2025","6","AE","3","Z","7474"
"2025","6","GB","57168","G","6532810"
"2025","3","MT","1660","G","127311"
"2025","8","GB","4326","S","1067291"
"2025","5","IE","111","Z","20082"
"2025","4","ES","1","W","112"
"2025","7","MY","357","S","278737"
"2025","4","DK","11549","D","412437"
"2025","2","GR","3315","S","467189"
"2025","9","NL","24609","S","2548776"
"2025","2","LV","49","S","197209"
"2025","7","PL","147565","D","1313304"
"2025","7","DK","9449","D","336994"
"2025","7","PT","69970","G","3579648"
"2025","4","KR","4197","D","28799"
"2025","1","KW","1","D","43"
"2025","3","CH","1","Z","5"
"2025","12","AT","6880","G","342179"
"2025","2","EG","24","S","62793"
"2025","12","CN","6428","S","207664"
"2025","10","SG","1298","Z","39666"
"2025","10","NZ","78","G","29313"
"2025","6","NL","1","W","64"
"2025","11","EE","60","S","90561"
"2025","6","RO","19384","G","1925384"
"2025","4","FJ","6","S","3360"
"2025","3","FI","16134","S","1675791"
"2025","4","TR","3461","S","337220"
"2025","9","SE","48605","G","3826543"
"2025","6","EG","1","Z","379"
"2025","7","RO","17691","G","1735704"
"2025","10","BE","218625","G","11938993"
"2025","11","CA","1","S","1337"
"2025","4","CH","1","Z","42"
"2025","5","BE","696","Z","365375"
"2025","10","PT","568","Z","36329"
"2025","6","SG","23","D","2028"
"2025","8","FR","8980","S","1385206"
"2025","12","GB","357","Z","102916"
"2025","10","IN","1905","S","631936"
"2025","9","HU","13368","S","675184"
"2025","5","CH","8718","D","224502"
"2025","11","SI","4208","D","53066"
"2025","8","AE","679","D","12196"
"2025","4","IE","12828","G","1676981"
"2025","12","KR","430","G","12358"
"2025","1","VN","16","S","3671"
"2025","3","HU","42523","G","3043930"
"2025","10","FJ","2","Z","201"
"2025","2","IE","3","W","727"
"2025","7","IE","13368","G","1732178"
"2025","12","SE","12071","S","614201"
"2025","7","TW","112","G","10564"
"2025","5","KR","2071","S","363619"
"2025","5","AU","46","Z","27502"
"2025","3","DK","62776","G","2837067"
"2025","3","HK","5","P","174"
"2025","7","SI","3904","G","250815"
"2025","9","EG","569","D","1516"
"2025","11","BE","32586","D","828760"
"2025","9","LV","76","Z","14067"
"2025","6","ZA","677","G","353743"
"2025","8","HU","28782","G","1983855"
"2025","3","TR","230","Z","39368"
"2025","11","MY","4183","D","99673"
"2025","7","CY","2306","G","311161"
"2025","8","PT","55359","D","608736"
"2025","5","EG","3","Z","133"
"2025","11","AU","6","YA","645"
"2025","12","SA","102","FX","11462"
"2025","11","TW","219","S","56820"
"2025","7","PT","83211","D","929648"
"2025","11","SG","23186","S","3570068"
"2025","11","IT","175","Z","35721"
"2025","5","GB","60530","G","7175247"
"2025","12","UA","504","FX","70237"
"2025","5","ZA","221","S","60144"
"2025","2","IN","1","D","9"
"2025","6","JP","717","G","23007"
"2025","2","CZ","14553","S","1150600"
"2025","12","HU","12629","S","429258"
"2025","2","BG","564","YA","53087"
"2025","4","IT","976","Z","158073"
"2025","4","GB","2681","Z","903511"
"2025","11","LV","81","Z","17182"
"2025","8","AT","31111","G","1854014"
"2025","12","ES","84831","G","4163614"
"2025","10","ID","143","S","169559"
"2025","6","MY","10","Z","36656"
"2025","2","NL","391320","G","20743416"
"2025","12","PL","20237","S","370231"
"2025","2","IL","34","D","7491"
"2025","7","DK","5252","S","474084"
"2025","7","BG","20585","FX","1082982"
"2025","2","VN","21","S","4525"
"2025","3","HU","96","Z","26660"
"2025","8","NL","337987","G","17147896"
"2025","1","SK","3456","D","75090"
"2025","12","KW","23","S","46347"
"2025","2","SK","4250","D","97293"
"2025","4","ES","149481","D","2075399"
"2025","7","KR","2962","D","19480"
"2025","12","GR","1","W","169"
"2025","8","NL","35","C","1617"
"2025","3","PT","826","S","173929"
"2025","10","BG","518","YA","43382"
"2025","4","FI","28556","G","2675448"
"2025","6","VN","5","D","140"
"2025","6","FI","22074","G","2177924"
"2025","2","SG","6341","G","566641"
"2025","9","EE","4504","G","315031"
"2025","5","RO","18173","G","1789936"
"2025","6","SK","4664","D","101388"
"2025","2","ZA","350","D","40769"
"2025","6","LT","12","Z","164"
"2025","2","PL","32780","S","703314"
"2025","8","JO","12","S","10159"
"2025","10","AE","708","D","10910"
"2025","3","CY","6","Z","919"
"2025","10","MY","2821","G","4625625"
"2025","8","SE","38880","G","2909361"
"2025","2","JO","12","S","10985"
"2025","7","PL","7","W","636"
"2025","2","AT","762","Z","63106"
"2025","3","NO","679","D","56123"
"2025","1","LV","59","Z","25035"
"2025","6","LU","2991","S","55454"
"2025","9","PL","4","W","127"
"2025","10","NZ","1","Z","2814"
"2025","5","PL","34267","S","658413"
"2025","10","PT","74490","G","3659416"
"2025","12","HU","15761","G","1241065"
"2025","10","AT","46675","G","2593512"
"2025","12","FJ","84","D","212"
"2025","7","DK","124","Z","24420"
"2025","9","FJ","389","D","1640"
"2025","9","BG","16527","G","1222976"
"2025","1","LT","5958","G","488434"
"2025","5","IN","340","G","38949"
"2025","11","CA","212","G","88480"
"2025","3","MY","3574","G","1350998"
"2025","7","IN","380","G","214940"
"2025","2","FJ","1482","G","84221"
"2025","9","NL","390","SD","63265"
"2025","5","GR","11789","G","1050866"
"2025","9","IE","161","S","228575"
"2025","9","NA","2","G","92"
"2025","9","PL","134586","D","1191241"
"2025","1","BE","36863","D","821932"
"2025","9","CH","1","Z","11"
"2025","7","FJ","5","S","3089"
"2025","9","LU","1702","S","58792"
"2025","8","LV","3684","G","325727"
"2025","3","IN","2297","S","457485"
"2025","1","NL","50836","D","1310538"
"2025","12","DK","40","Z","18045"
"2025","3","MY","5","Z","34521"
"2025","7","EE","4529","G","315301"
"2025","9","ZA","272","S","56173"
"2025","9","PH","246","G","30259"
"2025","7","SK","4","W","1895"
"2025","8","LU","12363","G","692510"
"2025","2","CZ","106027","G","4638570"
"2025","10","EG","466","D","1657"
"2025","11","NO","502","D","326553"
"2025","2","SA","553","FX","260123"
"2025","8","PL","139269","D","1197319"
"2025","1","BG","143","S","67292"
"2025","3","FR","9553","S","1718840"
"2025","11","PL","11","W","1122"
"2025","11","SA","434","G","1106988"
"2025","3","PT","47657","FX","1827071"
"2025","11","KW","1","Z","105"
"2025","2","GR","10992","D","96684"
"2025","8","RO","1","FX","20"
"2025","3","ZA","165","D","71371"
"2025","10","BG","16984","G","1455861"
"2025","3","GR","2577","S","465881"
"2025","2","KW","74","S","163924"
"2025","2","GR","30","Z","2387"
"2025","9","KW","100","S","190372"
"2025","1","FJ","6","S","4325"
"2025","12","NO","430","Z","11154"
"2025","2","AE","1","Z","2055"
"2025","8","NO","439","D","34047"
"2025","1","CL","70","S","66637"
"2025","11","AT","16427","D","374581"
"2025","4","BE","855","Z","359835"
"2025","6","NL","50287","D","1094999"
"2025","12","JP","87","G","16557"
"2025","4","BE","237063","G","11839477"
"2025","10","BT","14","S","445133"
"2025","3","CY","64","D","609"
"2025","11","CY","863","FX","118179"
"2025","12","PL","79374","D","684380"
"2025","9","TH","6097","S","331392"
"2025","4","SK","4394","C","34936"
"2025","8","FR","126","D","8847"
"2025","6","CY","2610","G","335406"
"2025","11","PT","626","S","236732"
"2025","3","KR","14637","D","150538"
"2025","12","EE","9","S","22517"
"2025","11","VN","21","S","4195"
"2025","9","LU","16","Z","1831"
"2025","4","IN","368","G","37276"
"2025","4","FR","297","D","21266"
"2025","12","EG","2","Z","143"
"2025","10","SI","7","Z","626"
"2025","11","FR","150","D","16212"
"2025","2","NZ","1","Z","293"
"2025","1","GR","12798","G","1114548"
"2025","9","GB","1895","Z","650013"
"2025","7","CN","5176","G","542236"
"2025","2","FR","910","Z","26555"
"2025","2","NL","1","W","84"
"2025","8","BE","498","Z","283317"
"2025","8","ID","994","G","40563"
"2025","9","SI","3903","D","37662"
"2025","11","DK","14362","D","528502"
"2025","9","JP","7080","S","1098114"
"2025","1","FR","337","C","3315"
"2025","9","TH","4151","G","4449094"
"2025","1","LU","395","D","9293"
"2025","6","IT","549","Z","113826"
"2025","1","LV","71","S","149480"
"2025","8","CH","1047","S","372844"
"2025","8","BH","2","Z","352"
"2025","10","FI","26757","G","2846647"
"2025","1","MY","283","S","256800"
"2025","1","DK","106","Z","17340"
"2025","6","GR","11691","G","977251"
"2025","4","NL","68630","D","1795489"
"2025","8","FJ","1407","G","85753"
"2025","10","KR","12185","D","85776"
"2025","5","KW","611","G","119617"
"2025","6","JP","5616","S","944494"
"2025","4","HU","32436","G","2313299"
"2025","6","FR","1","P","8"
"2025","9","SE","8109","D","321800"
"2025","1","AT","15414","D","378843"
"2025","8","SG","1087","Z","16840"
"2025","7","SK","862","S","181060"
"2025","2","CY","28","D","302"
"2025","1","SE","26052","S","1409054"
"2025","2","FI","1509","D","63377"
"2025","4","HK","24","Z","1488"
"2025","1","SA","976","G","1288255"
"2025","11","IE","4807","D","134583"
"2025","9","DK","54158","G","2226555"
"2025","4","IE","6342","D","152627"
"2025","2","BG","19044","G","1310373"
"2025","1","KW","77","S","214117"
"2025","10","SA","811","G","1287550"
"2025","1","CN","7111","G","1326131"
"2025","9","BT","367","G","18622"
"2025","11","EG","13","S","25006"
"2025","5","NZ","472","S","12744"
"2025","6","UA","966","FX","71649"
"2025","8","TW","4","Z","123"
"2025","7","IT","460","Z","100904"
"2025","2","IL","10","Z","4275"
"2025","8","HK","2","P","229"
"2025","7","IL","2025","G","623935"
"2025","10","MY","4089","D","107838"
"2025","9","EE","5","Z","148"
"2025","11","LT","1","Z","15"
"2025","12","IE","2254","G","343132"
"2025","4","CZ","14860","D","311236"
"2025","1","TR","1470","S","219239"
"2025","7","ES","113324","D","1978110"
"2025","2","GB","281","D","9190"
"2025","12","LV","20","Z","4414"
"2025","1","MY","6692","D","154855"
"2025","7","GB","23","C","332"
"2025","1","AU","72","Z","17486"
"2025","12","CZ","52957","G","2309762"
"2025","3","ID","169","S","122506"
"2025","2","LV","5525","G","452068"
"2025","1","KR","5","Z","522"
"2025","2","TW","120","G","22129"
"2025","3","AT","50652","G","2777221"
"2025","1","JP","5844","S","1047237"
"2025","4","VN","2","D","58"
"2025","11","LU","2625","S","79566"
"2025","9","KE","1","S","803"
"2025","4","RO","90277","D","637980"
"2025","10","FR","124949","G","7696395"
"2025","11","BE","153","Z","69675"
"2025","6","TH","1","Z","11"
"2025","1","MY","4","Z","34154"
"2025","6","ES","151858","D","2398628"
"2025","12","CY","475","G","66577"
"2025","5","FJ","326","D","1667"
"2025","3","RO","23042","G","2410331"
"2025","5","PH","1","S","101"
"2025","4","TW","2","Z","76"
"2025","9","SG","34","D","2981"
"2025","5","FI","24715","G","2453304"
"2025","10","AE","3","Z","6034"
"2025","2","FJ","11","S","7836"
"2025","3","TH","102521","D","676790"
"2025","10","AU","35","S","91778"
"2025","11","FJ","4","S","2039"
"2025","3","AU","27","YA","2536"
"2025","4","LT","13","Z","264"
"2025","7","ZA","239","S","67634"
"2025","7","FR","148354","G","7848886"
"2025","9","GR","14","Z","1122"
"2025","8","HK","15","S","8945"
"2025","12","AU","5","YA","240"
"2025","4","LV","1163","D","13581"
"2025","6","FJ","4","Z","739"
"2025","11","CY","16","D","177"
"2025","4","AE","15","Z","43320"
"2025","11","DK","109","Z","53296"
"2025","9","MY","5575","D","145355"
"2025","1","GB","16","P","130"
"2025","1","NL","2228","Z","44956"
"2025","2","TH","93013","D","593662"
"2025","1","BE","899","C","53383"
"2025","4","SK","14973","G","2083926"
"2025","6","PL","1","Z","20"
"2025","5","IE","5462","D","147300"
"2025","3","LT","9","S","6051"
"2025","6","TR","19910","G","1728863"
"2025","2","TR","23228","G","1888558"
"2025","5","LV","1186","D","13698"
"2025","4","AT","317","Z","43027"
"2025","10","TH","4694","D","99498"
"2025","12","CY","2","Z","875"
"2025","4","BT","14","S","457773"
"2025","5","SG","15518","S","2504700"
"2025","5","KW","3","D","102"
"2025","5","TM","541","G","76085"
"2025","9","LV","3486","G","303823"
"2025","4","IE","155","S","518403"
"2025","11","KW","80","S","162002"
"2025","1","SK","32","Z","1732"
"2025","10","CN","5351","G","622666"
"2025","10","SE","41640","S","1704848"
"2025","12","BH","138","D","338"
"2025","8","PL","4","W","56"
"2025","11","NL","1","P","8"
"2025","10","GB","7","C","98"
"2025","2","ES","1","W","141"
"2025","8","FJ","1","Z","54"
"2025","2","FR","9093","S","1461815"
"2025","10","AU","5","YA","154"
"2025","5","BG","40","Z","11772"
"2025","11","BG","18392","FX","1049604"
"2025","11","GB","1","P","6"
"2025","1","NZ","171","G","102543"
"2025","7","ES","4711","S","1157792"
"2025","1","NO","9425","S","754047"
"2025","11","ZA","4","D","76884"
"2025","12","NO","1260","G","249537"
"2025","4","CH","1518","S","516795"
"2025","12","HK","2","S","5322"
"2025","4","ES","4147","C","146129"
"2025","12","KW","356","G","69690"
"2025","6","SG","1199","Z","92857"
"2025","7","AT","1737","S","117881"
"2025","4","PL","74","Z","1684"
"2025","6","AT","1841","S","100295"
"2025","2","TH","3355","G","2553670"
"2025","4","RO","417","S","178047"
"2025","10","GR","38","Z","17549"
"2025","7","NL","19647","S","2479836"
"2025","6","PT","514","Z","25389"
"2025","10","HK","1128","D","15635"
"2025","6","IE","139","S","419912"
"2025","4","SK","834","S","170102"
"2025","5","LT","5209","G","425850"
"2025","2","CL","70","S","56968"
"2025","3","CH","46387","G","5272085"
"2025","7","GR","10","Z","503"
"2025","3","NA","1","D","20"
"2025","3","BG","13139","FX","723943"
"2025","6","FJ","386","D","3547"
"2025","9","HK","1355","D","21085"
"2025","7","NZ","1","Z","564"
"2025","7","SK","3620","D","80858"
"2025","5","ES","113790","D","1927015"
"2025","6","SE","7309","D","301714"
"2025","10","SA","183","S","290070"
"2025","10","CY","118","S","30623"
"2025","11","JP","6631","S","1205338"
"2025","7","EG","417","G","28606"
"2025","9","TH","2","Z","913"
"2025","1","TR","1771","D","22038"
"2025","11","NO","8109","G","1540167"
"2025","12","RO","4190","G","406048"
"2025","3","IE","88","Z","22984"
"2025","4","KW","83","S","200815"
"2025","10","IT","205448","G","12845268"
"2025","5","BG","3832","D","22125"
"2025","3","BT","610","G","54239"
"2025","11","NL","42758","D","1026374"
"2025","10","AU","12","Z","7786"
"2025","1","ES","1","YA","25"
"2025","5","NL","498","SD","112522"
"2025","6","BG","16803","G","1374393"
"2025","6","BE","466","C","17947"
