"YearVal","MonthVal","Country","BookingType","RecordCount"
"2025","6","GB","SUM","11"
"2025","5","MD","DET","62"
"2025","9","SE","INT","22534"
"2025","8","MM","XBB","18"
"2025","8","SI","SCH","207"
"2025","6","BG","XBB","629"
"2025","12","CY","SCH","13"
"2025","6","HK","INT","743"
"2025","6","PH","DET","188"
"2025","7","MY","SCH","635"
"2025","8","ES","INT","28759"
"2025","4","FR","SCH","13410"
"2025","9","NO","XBB","3"
"2025","2","ES","DET","1094"
"2025","5","CZ","XBB","14"
"2025","1","NL","SCH","3700"
"2025","10","EG","SCH","622"
"2025","7","QA","SCH","26"
"2025","3","BD","INT","6"
"2025","4","LB","SCH","21"
"2025","11","SA","SUM","1"
"2025","11","CH","XBB","228"
"2025","8","DE","SUM","44"
"2025","8","PL","SUM","5"
"2025","6","BD","INT","1"
"2025","6","MT","INT","1632"
"2025","7","TN","INT","1"
"2025","9","SI","XBB","2"
"2025","7","AU","INT","638399"
"2025","10","DK","SUM","1"
"2025","9","ES","XBB","1195"
"2025","5","LT","INT","4299"
"2025","8","TH","SCH","14881"
"2025","1","ID","XBB","31"
"2025","5","MD","SUM","24"
"2025","3","HR","INT","174"
"2025","9","KR","SUM","10"
"2025","3","TH","DET","11002"
"2025","6","MY","DET","692"
"2025","6","AT","SCH","4750"
"2025","8","LV","INT","2430"
"2025","3","MM","XBB","12"
"2025","12","SG","INT","105"
"2025","4","GB","SUM","7"
"2025","8","KR","SUM","11"
"2025","4","BH","INT","55"
"2025","7","EE","XBB","1"
"2025","12","KR","SCH","37"
"2025","8","AU","SUM","3"
"2025","4","PT","INT","53426"
"2025","8","RS","XBB","25"
"2025","7","RS","INT","1158"
"2025","3","BH","SCH","69"
"2025","9","TH","XBB","87"
"2025","3","SG","DET","241"
"2025","8","CH","SUM","9"
"2025","11","GE","XBB","83"
"2025","1","TH","SCH","65385"
"2025","2","HR","XBB","27"
"2025","2","SG","INT","613"
"2025","1","LU","INT","3683"
"2025","2","AU","DET","12141"
"2025","11","SK","DET","8"
"2025","2","IL","INT","1690"
"2025","12","DK","INT","3123"
"2025","8","PH","SCH","45"
"2025","8","IT","XBB","31"
"2025","12","CY","DET","6"
"2025","4","VN","XBB","60"
"2025","12","SG","SUM","19"
"2025","10","BH","SCH","78"
"2025","11","AE","INT","1326"
"2025","9","FI","SUM","2"
"2025","9","PL","SCH","7366"
"2025","5","MY","SCH","581"
"2025","5","SA","XBB","4"
"2025","12","CZ","SUM","14"
"2025","6","IE","SCH","1076"
"2025","11","FJ","SUM","144"
"2025","11","ES","INT","40654"
"2025","7","SG","SUM","78"
"2025","11","CY","INT","1836"
"2025","12","EG","INT","96"
"2025","7","NL","DET","401"
"2025","4","RO","DET","115"
"2025","6","JO","SCH","27"
"2025","10","AE","XBB","58"
"2025","8","RO","DET","121"
"2025","9","MD","DET","66"
"2025","11","EG","DET","109"
"2025","2","KW","SUM","16"
"2025","11","AE","XBB","35"
"2025","7","AR","INT","379"
"2025","10","TH","XBB","84"
"2025","2","TR","SUM","46"
"2025","3","KR","DET","12"
"2025","6","PL","XBB","157"
"2025","9","IT","INT","12430"
"2025","11","GR","DET","43"
"2025","6","BE","XBB","115"
"2025","12","BG","DET","35"
"2025","9","NL","SUM","54"
"2025","10","CH","XBB","279"
"2025","6","KW","SUM","1"
"2025","3","BE","DET","95"
"2025","5","AT","INT","11851"
"2025","6","HK","SUM","428"
"2025","3","NL","INT","57457"
"2025","10","RO","DET","725"
"2025","2","FJ","XBB","42"
"2025","5","CL","SCH","212"
"2025","5","RO","INT","47148"
"2025","3","TW","SUM","110"
"2025","2","RS","XBB","21"
"2025","10","TR","DET","2657"
"2025","7","SE","DET","47"
"2025","9","CH","SCH","205"
"2025","3","CH","SCH","225"
"2025","4","SG","SUM","112"
"2025","11","IN","DET","245"
"2025","2","CL","SCH","183"
"2025","8","NO","SCH","42"
"2025","6","SK","INT","8902"
"2025","10","MT","INT","1397"
"2025","10","EG","DET","122"
"2025","9","QA","INT","112"
"2025","8","MT","INT","1114"
"2025","4","HU","SCH","96"
"2025","9","SG","SCH","88"
"2025","5","FR","SCH","12739"
"2025","9","DK","DET","223"
"2025","10","IL","XBB","1"
"2025","12","NO","INT","1541"
"2025","1","FR","SUM","4"
"2025","10","AU","XBB","46"
"2025","7","IN","DET","252"
"2025","3","SE","SCH","401"
"2025","1","GE","XBB","78"
"2025","8","SE","XBB","16"
"2025","10","IS","INT","6"
"2025","3","MY","DET","723"
"2025","2","NZ","DET","242"
"2025","8","IE","INT","11770"
"2025","12","KW","DET","5"
"2025","4","SI","DET","6"
"2025","9","PT","XBB","629"
"2025","11","SI","SUM","9"
"2025","3","IE","INT","14372"
"2025","9","CN","SCH","553"
"2025","1","GB","INT","36208"
"2025","11","PL","SCH","7757"
"2025","7","MY","DET","786"
"2025","9","UA","SCH","114"
"2025","7","NO","XBB","4"
"2025","4","AT","XBB","30"
"2025","6","JP","XBB","1"
"2025","6","GR","INT","12840"
"2025","10","FI","DET","246"
"2025","11","ID","INT","54"
"2025","1","IS","INT","25"
"2025","5","GB","SCH","1346"
"2025","12","KR","DET","6"
"2025","11","CN","SUM","102"
"2025","6","GR","SUM","2"
"2025","8","EG","SUM","2"
"2025","10","AT","XBB","20"
"2025","6","BE","DET","62"
"2025","6","NO","XBB","4"
"2025","4","UA","SCH","132"
"2025","5","LV","DET","53"
"2025","8","FJ","SCH","363"
"2025","7","SE","INT","14839"
"2025","3","BH","DET","1"
"2025","9","VN","SCH","5"
"2025","7","KR","DET","23"
"2025","10","GB","DET","147"
"2025","4","BR","INT","7"
"2025","11","HK","DET","11"
"2025","6","NZ","INT","12"
"2025","9","TH","SCH","14236"
"2025","9","AE","INT","1410"
"2025","8","GR","SCH","266"
"2025","4","EE","DET","11"
"2025","2","DK","INT","12968"
"2025","4","NO","SCH","44"
"2025","5","VN","SCH","4"
"2025","1","PT","XBB","665"
"2025","4","IN","DET","345"
"2025","8","DK","DET","259"
"2025","3","BG","XBB","673"
"2025","2","FJ","SCH","369"
"2025","7","CY","DET","15"
"2025","8","ID","SCH","590"
"2025","9","BG","INT","8230"
"2025","6","VN","XBB","54"
"2025","10","ES","SUM","28"
"2025","1","PL","SUM","2"
"2025","3","SI","SCH","174"
"2025","9","ZA","DET","3"
"2025","1","MA","INT","2"
"2025","10","ID","DET","3"
"2025","1","KW","SUM","14"
"2025","3","SE","INT","25403"
"2025","6","TH","XBB","85"
"2025","4","SE","DET","132"
"2025","6","FR","DET","1539"
"2025","11","CH","INT","10487"
"2025","6","LU","INT","3255"
"2025","6","SE","DET","95"
"2025","2","PL","XBB","166"
"2025","8","SE","INT","18775"
"2025","5","SA","SCH","436"
"2025","7","DK","SUM","4"
"2025","10","HU","XBB","6"
"2025","2","BR","SCH","16"
"2025","1","NG","INT","1"
"2025","10","TH","SCH","15283"
"2025","5","SG","SUM","92"
"2025","10","BG","INT","9288"
"2025","2","KR","SCH","122"
"2025","3","MA","INT","10"
"2025","6","FJ","INT","285"
"2025","7","CN","INT","3888"
"2025","9","TW","SUM","70"
"2025","7","UA","SCH","126"
"2025","7","EE","INT","2345"
"2025","5","IS","INT","15"
"2025","11","SG","INT","311"
"2025","5","MT","INT","1940"
"2025","6","CN","XBB","25"
"2025","7","CA","INT","12"
"2025","11","PH","INT","15"
"2025","6","CN","DET","4217"
"2025","2","IE","SCH","955"
"2025","6","CH","DET","719"
"2025","5","AU","DET","14736"
"2025","1","DK","DET","295"
"2025","1","FJ","INT","307"
"2025","8","AR","SCH","363"
"2025","3","QA","SUM","4"
"2025","8","FJ","XBB","62"
"2025","7","GR","DET","47"
"2025","8","SI","XBB","2"
"2025","9","FI","INT","9766"
"2025","7","MM","XBB","17"
"2025","4","CN","SUM","117"
"2025","1","NZ","INT","35"
"2025","4","IE","SCH","1055"
"2025","4","AT","SCH","4751"
"2025","12","AR","SCH","115"
"2025","3","FR","DET","1399"
"2025","9","TH","DET","3734"
"2025","8","KR","INT","305"
"2025","8","PT","DET","245"
"2025","7","HR","XBB","31"
"2025","3","PH","DET","233"
"2025","7","SI","DET","4"
"2025","7","EG","SUM","1"
"2025","3","TR","INT","23425"
"2025","2","PH","INT","34"
"2025","8","BE","INT","33560"
"2025","8","SA","XBB","2"
"2025","6","SK","SUM","1"
"2025","7","SK","DET","15"
"2025","10","IE","SCH","980"
"2025","11","RE","INT","4"
"2025","5","PT","INT","57129"
"2025","9","BG","SCH","384"
"2025","8","ES","SUM","18"
"2025","9","LT","SCH","114"
"2025","1","GR","INT","15368"
"2025","3","VN","SUM","1"
"2025","5","RO","SCH","73"
"2025","4","TR","INT","21618"
"2025","2","ID","DET","3"
"2025","7","MT","XBB","41"
"2025","7","DK","DET","248"
"2025","6","HU","SCH","96"
"2025","4","PK","INT","1"
"2025","3","NL","SCH","1208"
"2025","11","RO","INT","46466"
"2025","2","AU","XBB","54"
"2025","9","AE","SUM","34"
"2025","8","BE","SUM","25"
"2025","6","MM","XBB","29"
"2025","4","CZ","XBB","13"
"2025","4","LV","INT","3064"
"2025","9","GR","SCH","259"
"2025","11","VN","INT","414"
"2025","3","RS","XBB","29"
"2025","11","QA","INT","169"
"2025","5","MT","DET","6"
"2025","8","HK","INT","634"
"2025","5","NZ","INT","24"
"2025","6","DK","XBB","33"
"2025","10","FJ","INT","283"
"2025","7","CH","XBB","305"
"2025","10","DK","DET","208"
"2025","5","KR","XBB","53"
"2025","2","TW","SUM","96"
"2025","2","GE","XBB","90"
"2025","1","SG","XBB","17"
"2025","8","MY","INT","2933"
"2025","5","KR","DET","20"
"2025","1","JO","DET","19"
"2025","10","SE","DET","110"
"2025","1","BE","INT","46240"
"2025","5","NL","SUM","78"
"2025","7","ES","XBB","932"
"2025","6","CY","DET","7"
"2025","12","GR","INT","3747"
"2025","5","EG","INT","349"
"2025","9","CA","DET","12"
"2025","12","NZ","INT","63"
"2025","10","RS","XBB","5"
"2025","12","TH","DET","676"
"2025","6","TR","XBB","39"
"2025","12","AU","DET","3833"
"2025","12","ID","XBB","1"
"2025","5","FJ","SUM","109"
"2025","4","FI","SUM","1"
"2025","8","SG","DET","171"
"2025","11","TR","DET","2233"
"2025","11","GB","SUM","3"
"2025","11","ES","XBB","797"
"2025","12","TW","DET","19"
"2025","3","CH","DET","1003"
"2025","7","AE","SCH","736"
"2025","8","US","INT","34"
"2025","1","IN","INT","258"
"2025","6","IS","INT","11"
"2025","4","MT","INT","1558"
"2025","10","DE","XBB","366"
"2025","4","QA","SUM","4"
"2025","1","AR","INT","510"
"2025","9","IN","SCH","346"
"2025","11","MY","SUM","1"
"2025","4","DK","XBB","29"
"2025","7","LT","INT","4083"
"2025","4","EE","SCH","127"
"2025","8","GB","INT","24965"
"2025","2","SN","XBB","15"
"2025","11","NO","SCH","44"
"2025","10","SK","DET","11"
"2025","9","GB","INT","28469"
"2025","6","LU","XBB","2"
"2025","8","AU","INT","587330"
"2025","2","AE","XBB","50"
"2025","5","LU","INT","3167"
"2025","3","AE","SUM","39"
"2025","9","ES","INT","43779"
"2025","2","NL","XBB","136"
"2025","2","SK","XBB","38"
"2025","1","VN","XBB","43"
"2025","6","SG","DET","183"
"2025","10","RU","SCH","4"
"2025","10","CH","SCH","205"
"2025","4","RO","INT","48131"
"2025","5","HU","SCH","94"
"2025","7","CY","SUM","1"
"2025","2","BE","SUM","121"
"2025","3","AE","DET","40"
"2025","12","AT","XBB","7"
"2025","10","GR","INT","12475"
"2025","5","FI","SUM","4"
"2025","7","AR","SCH","421"
"2025","10","AR","SCH","420"
"2025","8","DE","INT","144381"
"2025","8","ES","XBB","293"
"2025","2","SK","SUM","9"
"2025","7","VN","XBB","37"
"2025","7","MT","INT","1601"
"2025","11","JP","SUM","5"
"2025","12","MY","SCH","176"
"2025","3","SN","XBB","21"
"2025","12","HK","SUM","151"
"2025","8","AE","INT","1401"
"2025","12","PT","SCH","153"
"2025","1","MY","SUM","11"
"2025","3","KW","INT","106"
"2025","8","CZ","XBB","16"
"2025","10","ZA","SCH","658"
"2025","5","GE","XBB","74"
"2025","11","CY","DET","18"
"2025","6","EG","DET","134"
"2025","12","IT","XBB","14"
"2025","12","MD","XBB","113"
"2025","9","LV","XBB","1"
"2025","5","ZA","INT","166"
"2025","1","KW","DET","36"
"2025","7","HU","INT","28094"
"2025","9","JP","SUM","5"
"2025","6","BG","DET","120"
"2025","9","SG","DET","166"
"2025","3","PT","SCH","612"
"2025","5","NO","DET","5"
"2025","10","TR","SUM","49"
"2025","10","AT","INT","12742"
"2025","2","VN","INT","472"
"2025","4","CZ","DET","39"
"2025","1","TR","SUM","36"
"2025","9","NL","DET","243"
"2025","2","IE","INT","16902"
"2025","9","AR","SCH","381"
"2025","3","AT","XBB","15"
"2025","7","SI","XBB","1"
"2025","4","MA","INT","2"
"2025","5","UZ","XBB","1"
"2025","9","ES","DET","1078"
"2025","3","ES","SUM","45"
"2025","9","MT","INT","1456"
"2025","7","SI","INT","4224"
"2025","4","MY","SCH","647"
"2025","3","VN","XBB","50"
"2025","9","EE","DET","1"
"2025","11","NZ","INT","125"
"2025","6","ID","INT","109"
"2025","3","CL","INT","3"
"2025","2","HU","SUM","63"
"2025","4","BE","INT","44953"
"2025","6","AR","INT","365"
"2025","8","LT","INT","3491"
"2025","2","ES","XBB","1101"
"2025","8","EE","INT","2329"
"2025","11","HU","INT","25653"
"2025","11","MT","DET","3"
"2025","2","KW","XBB","2"
"2025","4","SG","SCH","98"
"2025","8","JO","DET","11"
"2025","11","GB","SCH","1403"
"2025","3","FJ","SUM","126"
"2025","3","GB","INT","34760"
"2025","11","FI","SUM","4"
"2025","2","CH","INT","13848"
"2025","7","LV","INT","2798"
"2025","1","AT","INT","13650"
"2025","9","CL","INT","1"
"2025","11","VN","XBB","57"
"2025","9","RU","SCH","5"
"2025","1","BH","XBB","3"
"2025","2","SE","XBB","23"
"2025","11","TH","INT","3136"
"2025","2","JP","INT","472"
"2025","3","SG","INT","617"
"2025","12","BR","SCH","6"
"2025","8","BH","INT","43"
"2025","9","DE","XBB","215"
"2025","1","CN","INT","4135"
"2025","2","MT","XBB","27"
"2025","4","BE","XBB","98"
"2025","10","LB","INT","1"
"2025","6","NL","DET","255"
"2025","6","IE","INT","13241"
"2025","9","BE","INT","38913"
"2025","3","LU","SCH","67"
"2025","7","JO","INT","40"
"2025","3","GR","INT","14713"
"2025","8","EE","SCH","21"
"2025","9","DK","INT","12067"
"2025","8","LK","INT","1"
"2025","9","RO","SUM","1"
"2025","10","MY","INT","3039"
"2025","7","NL","SUM","80"
"2025","2","PT","SUM","4"
"2025","12","CN","XBB","8"
"2025","8","MD","SUM","21"
"2025","6","HU","INT","26485"
"2025","6","DK","SCH","356"
"2025","9","TH","SUM","259"
"2025","3","DE","DET","3224"
"2025","9","JP","INT","443"
"2025","8","TR","DET","1029"
"2025","7","US","SCH","22"
"2025","4","TW","DET","118"
"2025","11","LU","SCH","52"
"2025","1","LU","XBB","5"
"2025","9","BE","SCH","127"
"2025","6","PT","SCH","560"
"2025","1","EE","SCH","126"
"2025","8","MA","INT","18"
"2025","11","SE","XBB","37"
"2025","11","CZ","SCH","193"
"2025","1","GR","SUM","5"
"2025","6","SG","SCH","96"
"2025","7","LV","XBB","3"
"2025","8","FR","SCH","12969"
"2025","10","CZ","SCH","186"
"2025","5","SE","DET","92"
"2025","9","TR","XBB","42"
"2025","5","CA","DET","11"
"2025","2","LB","SCH","18"
"2025","2","RO","DET","117"
"2025","10","SE","XBB","58"
"2025","4","NL","SCH","1158"
"2025","11","BR","INT","4"
"2025","2","EG","DET","175"
"2025","12","IE","DET","3"
"2025","5","UG","INT","1"
"2025","6","FR","INT","33570"
"2025","5","AT","SCH","4536"
"2025","10","LB","SCH","20"
"2025","4","DE","DET","2790"
"2025","4","AE","INT","1453"
"2025","4","QA","INT","177"
"2025","4","SK","XBB","15"
"2025","1","CN","SUM","154"
"2025","6","PL","SCH","8630"
"2025","5","AU","SUM","21"
"2025","1","PL","XBB","166"
"2025","8","RO","INT","41335"
"2025","10","CY","SUM","1"
"2025","10","LK","INT","2"
"2025","1","CA","DET","21"
"2025","7","US","DET","481"
"2025","6","LV","INT","2756"
"2025","5","CN","SCH","699"
"2025","8","IE","XBB","8"
"2025","5","EE","INT","2719"
"2025","4","HK","SUM","480"
"2025","7","IT","XBB","69"
"2025","2","LV","INT","3459"
"2025","9","NO","SCH","40"
"2025","11","AU","XBB","68"
"2025","5","TZ","INT","1"
"2025","3","ID","XBB","16"
"2025","3","LV","XBB","3"
"2025","2","TZ","INT","3"
"2025","8","CN","SCH","580"
"2025","5","CZ","DET","102"
"2025","2","SI","SCH","197"
"2025","11","EG","SCH","636"
"2025","7","SG","INT","471"
"2025","3","LT","XBB","1"
"2025","3","SE","DET","121"
"2025","12","IT","INT","2711"
"2025","12","RU","SCH","1"
"2025","2","NL","SCH","2822"
"2025","4","CA","DET","15"
"2025","4","PL","DET","3619"
"2025","11","SG","SCH","95"
"2025","9","HK","INT","649"
"2025","11","ES","SUM","18"
"2025","5","NG","INT","1"
"2025","4","BG","INT","8562"
"2025","8","LU","INT","2396"
"2025","11","AE","SUM","28"
"2025","11","MA","INT","3"
"2025","9","MT","DET","4"
"2025","10","FR","XBB","756"
"2025","8","SG","SCH","93"
"2025","5","BH","DET","1"
"2025","4","CY","SUM","2"
"2025","8","FR","DET","885"
"2025","10","PH","INT","15"
"2025","5","SE","SUM","8"
"2025","2","DE","INT","171677"
"2025","11","PT","DET","228"
"2025","6","JP","DET","97"
"2025","3","IE","DET","3"
"2025","4","CY","DET","5"
"2025","9","FI","XBB","23"
"2025","2","BG","XBB","726"
"2025","2","TW","SCH","58"
"2025","10","PH","SCH","47"
"2025","9","BD","DET","1"
"2025","2","CY","SCH","43"
"2025","3","NO","DET","2"
"2025","11","FJ","INT","310"
"2025","9","BH","SCH","70"
"2025","7","KW","SUM","1"
"2025","2","MY","SUM","16"
"2025","11","FR","DET","1364"
"2025","8","AE","XBB","59"
"2025","9","QA","SUM","1"
"2025","4","GB","SCH","1426"
"2025","9","JO","INT","28"
"2025","2","QA","INT","147"
"2025","8","FR","INT","23152"
"2025","3","DK","SCH","421"
"2025","12","CA","INT","1"
"2025","6","GE","DET","2"
"2025","1","AT","XBB","27"
"2025","2","EE","DET","14"
"2025","1","CY","INT","2068"
"2025","11","BH","SCH","78"
"2025","2","BA","INT","2"
"2025","11","EE","XBB","1"
"2025","7","CH","INT","12977"
"2025","9","AT","SCH","4079"
"2025","8","CL","INT","3"
"2025","2","GE","INT","2"
"2025","8","TW","SUM","73"
"2025","8","BG","DET","80"
"2025","9","JO","SCH","26"
"2025","11","FR","XBB","552"
"2025","11","BE","SCH","114"
"2025","4","IT","SCH","823"
"2025","2","AT","SUM","2"
"2025","2","US","SCH","19"
"2025","9","NZ","INT","101"
"2025","5","CH","DET","783"
"2025","1","CY","SCH","44"
"2025","7","PT","INT","61591"
"2025","2","JO","INT","64"
"2025","1","GR","DET","51"
"2025","7","NO","SCH","43"
"2025","1","NL","SUM","82"
"2025","4","HK","DET","2"
"2025","12","CN","DET","1167"
"2025","1","IE","INT","14130"
"2025","12","MY","DET","235"
"2025","7","CN","SUM","111"
"2025","11","TN","INT","2"
"2025","10","SI","SUM","16"
"2025","10","BE","SCH","130"
"2025","7","CA","DET","16"
"2025","5","ES","XBB","881"
"2025","3","IT","INT","12348"
"2025","6","RO","INT","46541"
"2025","11","QA","SUM","8"
"2025","2","FJ","INT","283"
"2025","10","VN","INT","471"
"2025","1","BE","SUM","132"
"2025","1","MM","XBB","20"
"2025","11","ZA","INT","93"
"2025","3","PT","XBB","513"
"2025","3","SI","XBB","1"
"2025","8","PL","INT","92571"
"2025","9","HK","SUM","407"
"2025","3","CA","XBB","1"
"2025","6","FJ","SUM","124"
"2025","9","PT","INT","53403"
"2025","4","VN","DET","52"
"2025","8","GE","INT","1"
"2025","7","TR","INT","22799"
"2025","12","GB","INT","7392"
"2025","7","GR","INT","13656"
"2025","1","ES","XBB","982"
"2025","10","KW","DET","34"
"2025","12","HU","SUM","25"
"2025","8","KH","SCH","145"
"2025","1","LV","INT","3706"
"2025","7","AT","DET","25"
"2025","3","DE","SUM","84"
"2025","12","BE","XBB","24"
"2025","6","IN","SCH","394"
"2025","7","TR","SCH","157"
"2025","11","CZ","INT","18818"
"2025","7","DK","INT","10585"
"2025","3","TR","XBB","45"
"2025","11","GE","INT","1"
"2025","12","TW","INT","246"
"2025","3","JP","SCH","118"
"2025","9","IN","DET","215"
"2025","3","SK","INT","9963"
"2025","6","MD","INT","2"
"2025","9","MD","INT","29"
"2025","4","EG","SCH","621"
"2025","11","GB","INT","25318"
"2025","8","IT","DET","6"
"2025","10","CZ","XBB","5"
"2025","10","HU","SUM","98"
"2025","12","GE","XBB","12"
"2025","10","EG","XBB","24"
"2025","8","CA","INT","5"
"2025","11","AU","DET","10814"
"2025","3","HK","INT","891"
"2025","4","TH","SCH","71827"
"2025","5","ID","INT","122"
"2025","10","PL","DET","3851"
"2025","7","ES","DET","1165"
"2025","7","NO","INT","4364"
"2025","2","GB","XBB","100"
"2025","2","EE","SCH","120"
"2025","11","EE","DET","2"
"2025","11","KR","INT","312"
"2025","4","TR","DET","1309"
"2025","2","IE","DET","4"
"2025","7","LB","SCH","19"
"2025","4","AU","DET","11247"
"2025","5","TW","SCH","57"
"2025","1","CH","SCH","205"
"2025","11","JP","DET","99"
"2025","6","GB","XBB","117"
"2025","10","SI","DET","4"
"2025","2","SK","INT","9565"
"2025","6","VN","SCH","4"
"2025","10","KR","SCH","131"
"2025","9","BE","XBB","116"
"2025","8","TR","INT","19260"
"2025","10","MT","DET","3"
"2025","2","HK","XBB","3"
"2025","7","JO","SCH","24"
"2025","2","DE","XBB","449"
"2025","2","CH","SCH","195"
"2025","2","DK","SCH","352"
"2025","5","TR","SCH","215"
"2025","9","NO","DET","18"
"2025","1","ID","INT","159"
"2025","7","IE","DET","9"
"2025","5","TR","SUM","39"
"2025","6","LB","SCH","20"
"2025","4","ZA","DET","348"
"2025","4","SG","DET","204"
"2025","12","ES","DET","163"
"2025","9","ID","DET","5"
"2025","7","DK","SCH","354"
"2025","8","VN","SCH","4"
"2025","9","VN","SUM","2"
"2025","10","PH","DET","247"
"2025","9","MY","INT","2809"
"2025","8","SG","XBB","38"
"2025","2","TH","SCH","64993"
"2025","1","QA","DET","8"
"2025","3","TN","INT","2"
"2025","8","HU","SCH","96"
"2025","11","TH","SCH","13943"
"2025","2","NO","SCH","39"
"2025","11","PL","XBB","200"
"2025","6","HU","DET","29"
"2025","5","BR","INT","6"
"2025","11","FJ","SCH","341"
"2025","5","MY","SUM","2"
"2025","2","MD","INT","1"
"2025","8","KR","DET","15"
"2025","10","JO","INT","32"
"2025","8","CZ","INT","17931"
"2025","8","ZA","SCH","631"
"2025","1","GB","SCH","1385"
"2025","10","IN","INT","168"
"2025","9","MA","INT","4"
"2025","3","HK","DET","3"
"2025","3","BG","DET","120"
"2025","1","PT","SCH","646"
"2025","6","TW","INT","1051"
"2025","3","PT","DET","309"
"2025","6","IT","XBB","81"
"2025","1","AE","SCH","709"
"2025","3","ZA","DET","331"
"2025","4","IS","INT","10"
"2025","2","BH","INT","68"
"2025","5","LT","DET","7"
"2025","5","CL","INT","4"
"2025","8","IL","INT","1432"
"2025","12","MT","XBB","1"
"2025","8","FJ","SUM","135"
"2025","3","KR","SCH","142"
"2025","2","CH","XBB","236"
"2025","5","DE","XBB","326"
"2025","12","QA","SCH","7"
"2025","10","PT","XBB","693"
"2025","6","FI","SUM","9"
"2025","4","LU","INT","3624"
"2025","6","CY","SUM","2"
"2025","7","SA","INT","109"
"2025","12","IE","SCH","281"
"2025","3","AT","INT","14213"
"2025","1","SK","SUM","4"
"2025","1","FJ","SCH","400"
"2025","4","US","DET","506"
"2025","6","MT","DET","6"
"2025","7","PH","INT","23"
"2025","11","GR","INT","11483"
"2025","11","GR","XBB","10"
"2025","3","IT","SCH","860"
"2025","10","IT","INT","13137"
"2025","9","LT","INT","3843"
"2025","2","CN","DET","3153"
"2025","11","SI","XBB","3"
"2025","6","TR","INT","19803"
"2025","11","AE","SCH","740"
"2025","11","FI","DET","116"
"2025","2","NL","DET","390"
"2025","12","TN","INT","1"
"2025","11","QA","SCH","26"
"2025","8","VN","SUM","2"
"2025","11","PT","SUM","1"
"2025","7","DE","SUM","79"
"2025","9","LV","DET","22"
"2025","12","PH","SCH","8"
"2025","7","BG","INT","8672"
"2025","11","IE","DET","5"
"2025","6","IT","INT","10496"
"2025","8","GR","DET","34"
"2025","7","CZ","XBB","13"
"2025","10","FR","DET","1581"
"2025","7","BH","INT","53"
"2025","5","EG","SUM","1"
"2025","4","IN","XBB","70"
"2025","4","LV","DET","31"
"2025","10","RO","INT","50503"
"2025","8","BE","SCH","133"
"2025","5","CN","XBB","15"
"2025","2","BE","SCH","1614"
"2025","11","AU","INT","604923"
"2025","12","RO","SCH","20"
"2025","11","HK","SUM","416"
"2025","10","TR","XBB","31"
"2025","5","IN","SCH","412"
"2025","8","US","DET","384"
"2025","6","AU","INT","571337"
"2025","5","AE","XBB","53"
"2025","2","IN","SCH","374"
"2025","12","GB","SUM","1"
"2025","6","AE","XBB","39"
"2025","5","CH","SUM","20"
"2025","6","UA","SCH","126"
"2025","1","PT","INT","56210"
"2025","10","BE","DET","70"
"2025","12","HU","INT","8060"
"2025","7","GB","DET","121"
"2025","8","PT","INT","39191"
"2025","5","PL","DET","3719"
"2025","12","RS","XBB","3"
"2025","11","VN","DET","42"
"2025","2","ES","SUM","66"
"2025","5","AE","DET","31"
"2025","5","CN","DET","4610"
"2025","10","AU","SUM","6"
"2025","6","ES","SUM","39"
"2025","2","IT","INT","11269"
"2025","3","AT","SCH","4969"
"2025","10","LU","SCH","51"
"2025","3","KW","DET","44"
"2025","4","BR","SCH","18"
"2025","2","CN","XBB","25"
"2025","5","KR","SCH","122"
"2025","1","AU","SUM","8"
"2025","6","AU","SUM","2"
"2025","4","QA","XBB","6"
"2025","7","MT","DET","9"
"2025","10","FI","SUM","2"
"2025","2","SA","XBB","4"
"2025","4","ID","SCH","610"
"2025","2","TR","XBB","23"
"2025","3","SA","SCH","446"
"2025","6","IN","DET","264"
"2025","7","CA","XBB","1"
"2025","3","SK","SUM","7"
"2025","11","IL","INT","1598"
"2025","10","CL","SCH","212"
"2025","9","IN","XBB","55"
"2025","12","LU","INT","880"
"2025","4","EG","INT","329"
"2025","9","GE","XBB","92"
"2025","9","KW","DET","28"
"2025","9","MD","SUM","35"
"2025","9","NL","SCH","1020"
"2025","12","ID","SCH","155"
"2025","7","GR","XBB","35"
"2025","10","AE","SUM","34"
"2025","2","HR","DET","15"
"2025","12","DE","XBB","64"
"2025","6","HU","SUM","92"
"2025","7","IL","XBB","5"
"2025","1","HR","XBB","29"
"2025","3","LT","INT","4532"
"2025","11","CN","SCH","504"
"2025","8","AT","SCH","4347"
"2025","7","RO","INT","51925"
"2025","2","SI","XBB","2"
"2025","1","SG","DET","175"
"2025","1","LU","SCH","93"
"2025","8","PH","INT","22"
"2025","5","DE","INT","154143"
"2025","3","BH","XBB","1"
"2025","9","ZA","SCH","598"
"2025","9","HU","DET","22"
"2025","11","TW","DET","57"
"2025","6","DK","INT","11978"
"2025","3","ID","DET","9"
"2025","4","AE","SCH","763"
"2025","9","ZA","INT","99"
"2025","10","MY","SUM","1"
"2025","1","LV","DET","29"
"2025","10","FI","XBB","21"
"2025","4","FI","INT","10833"
"2025","6","GB","DET","117"
"2025","5","CY","INT","2176"
"2025","2","LV","DET","64"
"2025","3","PL","SUM","10"
"2025","3","QA","INT","165"
"2025","10","TW","INT","868"
"2025","6","MY","SCH","626"
"2025","10","KW","XBB","1"
"2025","2","HU","XBB","14"
"2025","7","GB","INT","32382"
"2025","1","CH","XBB","291"
"2025","10","QA","SUM","1"
"2025","1","NL","INT","58949"
"2025","5","IT","DET","19"
"2025","4","NL","DET","320"
"2025","4","AU","SUM","27"
"2025","4","CZ","INT","22027"
"2025","8","MY","XBB","27"
"2025","12","LU","SCH","15"
"2025","10","MY","SCH","637"
"2025","2","UA","SCH","114"
"2025","6","NL","SCH","1116"
"2025","5","SK","SUM","2"
"2025","2","TN","INT","1"
"2025","12","AT","INT","2954"
"2025","9","NO","INT","5740"
"2025","4","PL","SCH","8810"
"2025","7","ID","SCH","612"
"2025","4","TW","SUM","86"
"2025","6","MD","SUM","27"
"2025","2","HK","DET","5"
"2025","1","TH","INT","16973"
"2025","4","EG","SUM","4"
"2025","7","HK","DET","5"
"2025","4","NO","INT","5527"
"2025","7","VN","SCH","5"
"2025","12","MD","DET","11"
"2025","11","FR","SCH","13261"
"2025","1","FJ","SUM","139"
"2025","6","KR","DET","11"
"2025","9","AE","SCH","696"
"2025","12","SK","INT","2643"
"2025","1","TR","INT","23472"
"2025","3","MY","XBB","44"
"2025","9","SK","DET","14"
"2025","5","SE","SCH","366"
"2025","3","QA","DET","7"
"2025","12","FJ","INT","77"
"2025","12","TH","INT","926"
"2025","10","IE","INT","12546"
"2025","5","AR","INT","461"
"2025","11","JO","INT","22"
"2025","7","FR","SCH","13213"
"2025","4","CL","SCH","211"
"2025","10","BG","SCH","392"
"2025","3","SE","XBB","36"
"2025","9","SG","INT","345"
"2025","12","LV","DET","2"
"2025","7","IS","INT","8"
"2025","2","SE","SUM","9"
"2025","6","FJ","XBB","58"
"2025","1","HU","XBB","9"
"2025","10","AU","INT","662857"
"2025","5","DK","SUM","2"
"2025","7","FR","INT","34982"
"2025","9","RO","INT","46240"
"2025","8","SI","DET","3"
"2025","2","SG","XBB","31"
"2025","2","CY","DET","10"
"2025","6","PL","SUM","6"
"2025","7","AE","SUM","41"
"2025","4","LK","DET","4"
"2025","2","NO","SUM","1"
"2025","8","SG","SUM","56"
"2025","2","TH","SUM","2231"
"2025","6","TW","SUM","87"
"2025","10","LV","XBB","2"
"2025","2","TR","INT","22236"
"2025","4","FJ","XBB","49"
"2025","3","DE","INT","177377"
"2025","6","VN","DET","44"
"2025","4","IT","XBB","52"
"2025","9","TR","SCH","151"
"2025","3","CN","SUM","152"
"2025","8","QA","XBB","1"
"2025","11","KR","SUM","10"
"2025","10","QA","INT","128"
"2025","6","BE","SCH","137"
"2025","6","KR","SUM","14"
"2025","12","JP","INT","166"
"2025","5","QA","XBB","8"
"2025","1","AE","DET","32"
"2025","5","HK","INT","778"
"2025","3","MD","XBB","367"
"2025","1","HU","INT","28201"
"2025","3","JO","DET","12"
"2025","7","JP","SUM","5"
"2025","11","CY","SCH","45"
"2025","7","SA","XBB","1"
"2025","9","EE","SCH","21"
"2025","12","HK","DET","1"
"2025","11","NL","SCH","1150"
"2025","3","RO","INT","53069"
"2025","7","RO","DET","176"
"2025","4","DE","INT","167017"
"2025","2","QA","XBB","18"
"2025","5","IN","INT","264"
"2025","12","GB","XBB","21"
"2025","2","AE","INT","1350"
"2025","10","BE","INT","41450"
"2025","4","DE","XBB","344"
"2025","10","BD","DET","1"
"2025","2","ZA","SCH","645"
"2025","5","ID","XBB","4"
"2025","5","EG","SCH","650"
"2025","5","AT","SUM","1"
"2025","10","EG","INT","378"
"2025","4","NZ","INT","29"
"2025","10","IN","SCH","386"
"2025","8","CY","DET","6"
"2025","12","JO","SCH","7"
"2025","6","CA","DET","18"
"2025","5","LV","XBB","3"
"2025","5","DK","SCH","373"
"2025","6","TH","DET","3892"
"2025","11","LK","DET","2"
"2025","7","ID","INT","88"
"2025","5","PL","SUM","7"
"2025","6","CY","SCH","47"
"2025","9","CN","INT","3506"
"2025","10","CN","SUM","80"
"2025","6","FR","SUM","3"
"2025","10","TH","INT","3596"
"2025","9","US","XBB","1"
"2025","6","US","SCH","20"
"2025","12","FR","INT","9294"
"2025","8","CZ","DET","39"
"2025","10","MT","XBB","4"
"2025","9","MM","XBB","26"
"2025","4","JP","SUM","13"
"2025","7","HK","SUM","405"
"2025","1","IT","DET","20"
"2025","5","KR","SUM","10"
"2025","5","RO","XBB","23"
"2025","8","CN","INT","3480"
"2025","10","NL","DET","244"
"2025","7","BR","SCH","18"
"2025","3","TR","SCH","285"
"2025","7","ZM","INT","2"
"2025","4","FJ","SUM","112"
"2025","7","RS","XBB","29"
"2025","9","CZ","INT","20871"
"2025","4","NL","SUM","90"
"2025","11","ES","DET","909"
"2025","11","IE","INT","9191"
"2025","1","NL","XBB","126"
"2025","10","UA","SCH","126"
"2025","3","US","DET","498"
"2025","12","UA","SCH","36"
"2025","7","SK","XBB","36"
"2025","3","CZ","SCH","202"
"2025","9","FJ","SCH","340"
"2025","3","FJ","XBB","47"
"2025","10","KH","SCH","154"
"2025","8","JP","INT","391"
"2025","1","ZA","XBB","7"
"2025","12","CZ","INT","5926"
"2025","1","PL","DET","3229"
"2025","11","CZ","SUM","38"
"2025","7","AZ","INT","1"
"2025","6","TR","DET","981"
"2025","6","PT","XBB","418"
"2025","12","BG","SCH","111"
"2025","10","FR","INT","35713"
"2025","12","MT","INT","317"
"2025","4","KR","INT","664"
"2025","2","CZ","SCH","172"
"2025","3","KR","SUM","14"
"2025","10","SG","INT","362"
"2025","8","JP","SUM","2"
"2025","6","IT","DET","16"
"2025","2","BG","SCH","391"
"2025","7","GR","SCH","273"
"2025","1","GN","INT","5"
"2025","10","PT","SCH","537"
"2025","1","KR","XBB","38"
"2025","3","PH","INT","42"
"2025","1","FI","SUM","8"
"2025","8","LB","SCH","19"
"2025","7","LT","XBB","9"
"2025","4","SA","DET","1"
"2025","5","SI","DET","10"
"2025","4","FR","XBB","325"
"2025","1","SI","XBB","1"
"2025","4","TH","SUM","2400"
"2025","6","RS","XBB","32"
"2025","4","GB","DET","145"
"2025","12","HU","DET","7"
"2025","2","MD","XBB","317"
"2025","1","JP","DET","80"
"2025","5","US","DET","454"
"2025","11","CH","SCH","215"
"2025","8","CL","SCH","183"
"2025","7","BH","SCH","77"
"2025","2","CZ","XBB","13"
"2025","12","TR","INT","5377"
"2025","10","DE","SUM","69"
"2025","7","ZA","XBB","2"
"2025","10","PT","DET","290"
"2025","3","TH","INT","15238"
"2025","6","SK","DET","13"
"2025","12","FJ","XBB","28"
"2025","10","US","INT","70"
"2025","6","FI","DET","233"
"2025","11","BG","INT","8241"
"2025","1","AT","DET","40"
"2025","2","NO","DET","5"
"2025","7","CZ","SUM","38"
"2025","6","GR","SCH","278"
"2025","1","QA","SCH","26"
"2025","9","GR","INT","11950"
"2025","12","GR","SUM","3"
"2025","9","ID","INT","55"
"2025","5","VN","XBB","68"
"2025","3","TW","INT","1155"
"2025","12","CA","DET","2"
"2025","9","ID","SCH","596"
"2025","4","LK","INT","1"
"2025","2","LU","XBB","4"
"2025","2","NZ","XBB","2"
"2025","5","SG","DET","188"
"2025","10","CY","INT","1942"
"2025","6","GE","XBB","65"
"2025","12","GB","SCH","384"
"2025","7","SG","SCH","99"
"2025","2","CY","INT","2088"
"2025","7","LU","INT","3559"
"2025","4","SE","SCH","383"
"2025","2","CN","SCH","809"
"2025","10","VN","XBB","37"
"2025","5","IE","DET","3"
"2025","10","CZ","DET","39"
"2025","12","CZ","XBB","5"
"2025","1","KG","XBB","1"
"2025","3","BH","INT","46"
"2025","1","HK","DET","10"
"2025","4","GB","XBB","115"
"2025","9","AU","INT","587246"
"2025","8","TH","INT","3406"
"2025","7","PL","SCH","8494"
"2025","3","BR","INT","1"
"2025","4","BE","SUM","103"
"2025","8","TW","SCH","62"
"2025","10","US","XBB","1"
"2025","10","SI","INT","4445"
"2025","12","FR","SCH","3607"
"2025","7","US","INT","26"
"2025","7","NZ","XBB","2"
"2025","12","BH","INT","11"
"2025","5","FJ","XBB","52"
"2025","4","SI","SUM","26"
"2025","4","AU","XBB","61"
"2025","5","BE","XBB","107"
"2025","4","GR","DET","63"
"2025","2","SE","INT","23957"
"2025","3","SK","DET","33"
"2025","5","FI","INT","10269"
"2025","5","FR","INT","30053"
"2025","7","QA","DET","1"
"2025","6","TR","SUM","41"
"2025","11","SA","INT","103"
"2025","6","LT","XBB","8"
"2025","10","TW","DET","62"
"2025","12","DK","XBB","6"
"2025","7","BG","SCH","405"
"2025","2","LU","SCH","88"
"2025","2","KR","XBB","52"
"2025","8","QA","SUM","1"
"2025","3","ES","XBB","1245"
"2025","8","EE","XBB","1"
"2025","2","IN","DET","374"
"2025","3","LT","DET","6"
"2025","11","MD","SUM","32"
"2025","11","AT","DET","16"
"2025","7","CZ","INT","20808"
"2025","12","US","INT","10"
"2025","5","MG","INT","1"
"2025","11","CZ","XBB","8"
"2025","8","SA","INT","78"
"2025","5","CZ","SUM","28"
"2025","2","AT","XBB","29"
"2025","2","RS","INT","1059"
"2025","5","IN","DET","281"
"2025","3","OM","INT","3"
"2025","7","TR","SUM","31"
"2025","4","PH","DET","198"
"2025","2","US","XBB","6"
"2025","1","TH","SUM","1748"
"2025","12","AE","SUM","8"
"2025","1","ES","DET","1116"
"2025","11","NO","INT","5362"
"2025","1","LT","DET","6"
"2025","9","SA","SCH","363"
"2025","11","IE","XBB","12"
"2025","1","KH","SCH","142"
"2025","1","EE","INT","3267"
"2025","6","EE","DET","5"
"2025","3","VN","SCH","4"
"2025","5","DK","INT","12341"
"2025","11","BA","INT","1"
"2025","2","TR","DET","988"
"2025","12","HR","INT","73"
"2025","10","QA","SCH","26"
"2025","9","SA","INT","100"
"2025","6","NL","XBB","117"
"2025","8","AR","INT","363"
"2025","8","QA","SCH","27"
"2025","9","AT","DET","30"
"2025","5","JO","INT","47"
"2025","6","ZA","SCH","717"
"2025","5","ZA","XBB","2"
"2025","1","HR","DET","7"
"2025","2","IS","INT","17"
"2025","3","EG","SCH","668"
"2025","10","AE","INT","1570"
"2025","11","BE","SUM","33"
"2025","5","ZA","DET","284"
"2025","7","CL","SCH","213"
"2025","12","TH","SCH","4414"
"2025","5","BG","XBB","662"
"2025","6","JO","INT","42"
"2025","2","CA","DET","18"
"2025","9","CN","XBB","32"
"2025","2","HU","DET","26"
"2025","3","KW","SUM","5"
"2025","11","LV","DET","1"
"2025","9","AT","INT","12074"
"2025","6","CL","SCH","192"
"2025","1","TR","XBB","76"
"2025","2","VN","SUM","1"
"2025","5","BE","SCH","131"
"2025","11","MY","DET","688"
"2025","1","RO","INT","44191"
"2025","7","PH","DET","235"
"2025","1","LU","SUM","2"
"2025","1","CH","INT","14212"
"2025","2","DE","SUM","79"
"2025","11","AT","XBB","24"
"2025","8","SG","INT","443"
"2025","10","SE","INT","23153"
"2025","4","AT","INT","13482"
"2025","2","SI","INT","4371"
"2025","2","PL","INT","122726"
"2025","6","MT","XBB","45"
"2025","1","BR","INT","2"
"2025","2","TH","DET","9191"
"2025","9","ID","XBB","7"
"2025","4","SK","DET","14"
"2025","10","DK","SCH","346"
"2025","1","RO","SCH","71"
"2025","2","NO","INT","6281"
"2025","11","EE","SCH","22"
"2025","10","MD","SUM","34"
"2025","7","MD","XBB","374"
"2025","10","ES","INT","46741"
"2025","5","BH","SCH","81"
"2025","4","MM","XBB","11"
"2025","11","IN","SCH","392"
"2025","12","BG","INT","2513"
"2025","6","NO","INT","5711"
"2025","11","LT","XBB","1"
"2025","9","SK","SUM","1"
"2025","3","CY","XBB","1"
"2025","5","NL","INT","50253"
"2025","12","NO","SCH","12"
"2025","4","KW","DET","35"
"2025","4","CY","XBB","2"
"2025","2","KR","INT","625"
"2025","12","SK","XBB","18"
"2025","4","FI","XBB","15"
"2025","1","HU","SUM","69"
"2025","8","TW","DET","71"
"2025","4","EG","DET","120"
"2025","7","KE","INT","3"
"2025","12","GE","INT","15"
"2025","2","ID","XBB","13"
"2025","9","SE","DET","41"
"2025","12","SI","SCH","62"
"2025","5","TW","DET","102"
"2025","4","SG","XBB","22"
"2025","5","GR","INT","13619"
"2025","10","NO","SCH","42"
"2025","9","TR","DET","1933"
"2025","6","PT","INT","49964"
"2025","10","HU","SCH","94"
"2025","4","ES","SUM","25"
"2025","4","PH","INT","21"
"2025","1","SG","SUM","406"
"2025","2","SI","DET","3"
"2025","9","RS","XBB","32"
"2025","4","TH","DET","8404"
"2025","10","RE","INT","2"
"2025","8","ID","DET","9"
"2025","2","QA","SUM","4"
"2025","11","NL","DET","215"
"2025","6","FR","XBB","313"
"2025","9","FR","SUM","4"
"2025","3","EE","INT","2990"
"2025","10","LT","INT","3824"
"2025","1","CZ","DET","42"
"2025","5","TR","DET","1103"
"2025","9","ES","SUM","23"
"2025","7","FJ","XBB","44"
"2025","4","ZA","INT","155"
"2025","8","HU","INT","22305"
"2025","5","IL","XBB","1"
"2025","9","JP","DET","79"
"2025","5","HU","DET","49"
"2025","1","IE","XBB","2"
"2025","3","LU","XBB","5"
"2025","11","NL","INT","45585"
"2025","1","LU","DET","3"
"2025","3","RO","SCH","79"
"2025","9","LU","SUM","1"
"2025","10","IN","DET","221"
"2025","11","BR","SCH","16"
"2025","8","UA","SCH","120"
"2025","9","TR","INT","20397"
"2025","8","IN","INT","116"
"2025","12","AE","XBB","12"
"2025","3","BE","XBB","111"
"2025","9","AR","INT","351"
"2025","7","EG","INT","351"
"2025","4","SA","SCH","410"
"2025","9","TW","DET","71"
"2025","6","PH","INT","26"
"2025","11","BG","SCH","407"
"2025","12","NL","SUM","10"
"2025","5","NO","INT","5622"
"2025","8","QA","DET","1"
"2025","1","RU","SCH","4"
"2025","9","VN","DET","47"
"2025","5","SG","SCH","92"
"2025","7","TW","SCH","64"
"2025","11","RO","SCH","76"
"2025","4","PT","XBB","437"
"2025","2","SA","DET","1"
"2025","5","KH","SCH","135"
"2025","1","PL","SCH","9388"
"2025","5","SA","INT","79"
"2025","1","BH","DET","1"
"2025","1","BD","INT","2"
"2025","9","CH","XBB","230"
"2025","2","MD","SUM","38"
"2025","8","CH","XBB","169"
"2025","7","LT","SCH","120"
"2025","3","US","SCH","22"
"2025","5","LU","SUM","1"
"2025","8","EG","XBB","16"
"2025","11","LT","DET","1"
"2025","8","NL","SUM","62"
"2025","1","ZA","SCH","710"
"2025","3","GB","XBB","113"
"2025","2","PT","XBB","449"
"2025","1","DE","INT","176806"
"2025","11","BG","XBB","571"
"2025","5","RS","INT","967"
"2025","10","SK","XBB","51"
"2025","7","DE","INT","175623"
"2025","4","RS","INT","1037"
"2025","11","TH","DET","2310"
"2025","3","AR","SCH","417"
"2025","2","FI","DET","240"
"2025","1","EG","DET","157"
"2025","8","TH","DET","3618"
"2025","4","ID","XBB","9"
"2025","10","NL","SCH","1110"
"2025","10","CA","DET","15"
"2025","11","HU","SCH","44"
"2025","5","TH","INT","10822"
"2025","2","AE","DET","30"
"2025","5","RO","DET","153"
"2025","3","ID","INT","138"
"2025","1","DE","DET","2918"
"2025","3","JP","SUM","4"
"2025","8","SK","XBB","9"
"2025","2","EG","INT","341"
"2025","5","LU","SCH","50"
"2025","1","SI","SCH","219"
"2025","9","FI","DET","298"
"2025","5","TH","SUM","2388"
"2025","3","QA","SCH","27"
"2025","12","NL","SCH","317"
"2025","10","NZ","INT","164"
"2025","11","KH","SCH","145"
"2025","7","TR","XBB","67"
"2025","3","DK","DET","268"
"2025","12","PT","XBB","186"
"2025","1","EG","SUM","4"
"2025","5","SN","XBB","5"
"2025","10","ZA","INT","98"
"2025","3","IL","INT","1854"
"2025","4","US","XBB","3"
"2025","5","PL","SCH","8306"
"2025","6","AE","INT","1297"
"2025","10","IE","DET","17"
"2025","12","GR","SCH","68"
"2025","11","EG","XBB","20"
"2025","11","LU","INT","2729"
"2025","4","AR","SCH","417"
"2025","6","JP","INT","483"
"2025","8","SK","DET","9"
"2025","9","BR","INT","4"
"2025","12","FJ","SCH","101"
"2025","1","FI","XBB","22"
"2025","12","FR","DET","405"
"2025","4","JO","INT","56"
"2025","4","DK","SCH","398"
"2025","9","HK","DET","4"
"2025","1","PH","XBB","2"
"2025","3","EG","SUM","4"
"2025","2","BH","SCH","72"
"2025","11","BD","DET","1"
"2025","7","MD","DET","73"
"2025","8","MD","DET","52"
"2025","3","TH","SUM","2503"
"2025","8","BE","DET","42"
"2025","6","LV","XBB","7"
"2025","1","SE","DET","105"
"2025","11","NL","SUM","46"
"2025","7","ID","DET","6"
"2025","7","TH","SUM","352"
"2025","3","NZ","INT","48"
"2025","10","DK","INT","13012"
"2025","9","BH","INT","60"
"2025","7","KW","DET","17"
"2025","1","MT","XBB","27"
"2025","2","TH","INT","15011"
"2025","9","TR","SUM","53"
"2025","2","MM","XBB","22"
"2025","7","LK","INT","1"
"2025","2","TW","DET","78"
"2025","8","IT","SCH","731"
"2025","1","SN","XBB","30"
"2025","12","AU","INT","213282"
"2025","8","CH","DET","464"
"2025","3","FJ","SCH","414"
"2025","4","MD","XBB","319"
"2025","1","FR","DET","1370"
"2025","12","TW","SCH","18"
"2025","11","AR","SCH","397"
"2025","1","BR","SCH","18"
"2025","6","AT","XBB","19"
"2025","7","BA","INT","1"
"2025","3","MD","DET","66"
"2025","3","ID","SCH","655"
"2025","5","FR","SUM","3"
"2025","12","TR","XBB","11"
"2025","5","IT","XBB","33"
"2025","9","IE","DET","6"
"2025","1","AU","INT","519505"
"2025","11","PL","INT","91046"
"2025","11","FI","XBB","9"
"2025","4","VN","INT","547"
"2025","1","SE","INT","24617"
"2025","10","KE","INT","1"
"2025","5","HK","DET","9"
"2025","2","CH","SUM","47"
"2025","12","IN","DET","67"
"2025","7","BG","XBB","650"
"2025","5","AT","XBB","28"
"2025","3","RO","DET","146"
"2025","2","BG","INT","8665"
"2025","7","RU","SCH","5"
"2025","5","ES","SUM","33"
"2025","9","BG","DET","76"
"2025","4","DK","INT","12553"
"2025","7","PL","INT","119537"
"2025","5","TR","XBB","50"
"2025","10","CN","SCH","596"
"2025","6","EE","INT","2418"
"2025","12","SI","XBB","2"
"2025","11","TR","XBB","21"
"2025","9","IT","DET","10"
"2025","2","AT","INT","13314"
"2025","1","ID","DET","9"
"2025","9","SE","XBB","30"
"2025","8","PL","DET","3048"
"2025","1","DK","SCH","378"
"2025","9","DE","INT","160438"
"2025","11","IL","XBB","1"
"2025","9","PL","SUM","12"
"2025","5","RU","SCH","4"
"2025","2","FR","SCH","12036"
"2025","9","PH","INT","27"
"2025","11","IN","XBB","40"
"2025","3","NO","INT","6543"
"2025","9","VN","XBB","47"
"2025","10","LT","DET","1"
"2025","12","MD","INT","7"
"2025","4","PT","SCH","547"
"2025","3","HU","XBB","10"
"2025","6","DK","SUM","1"
"2025","8","AU","XBB","62"
"2025","12","GR","XBB","1"
"2025","8","DK","SCH","346"
"2025","6","US","XBB","1"
"2025","12","CN","SCH","144"
"2025","11","KW","DET","29"
"2025","6","BR","INT","3"
"2025","9","GE","DET","2"
"2025","3","DE","XBB","353"
"2025","7","IE","XBB","11"
"2025","12","SI","SUM","1"
"2025","9","CY","DET","11"
"2025","11","HU","XBB","7"
"2025","2","NL","SUM","76"
"2025","7","LK","DET","2"
"2025","12","RE","INT","1"
"2025","4","AT","DET","32"
"2025","7","IN","SCH","387"
"2025","10","PL","SUM","2"
"2025","7","GR","SUM","16"
"2025","5","QA","INT","183"
"2025","8","MY","SUM","2"
"2025","10","AE","SCH","717"
"2025","9","KZ","INT","1"
"2025","7","US","XBB","2"
"2025","8","HK","SUM","365"
"2025","5","FR","XBB","297"
"2025","5","PT","DET","353"
"2025","5","IT","SCH","784"
"2025","10","SA","XBB","4"
"2025","4","RO","XBB","11"
"2025","1","SK","INT","9454"
"2025","10","GR","SUM","8"
"2025","10","CY","DET","7"
"2025","2","GR","SCH","252"
"2025","3","SG","SUM","137"
"2025","3","GE","XBB","78"
"2025","7","AE","XBB","48"
"2025","5","SE","INT","21625"
"2025","6","AR","SCH","383"
"2025","1","SI","SUM","30"
"2025","7","EG","SCH","597"
"2025","8","RO","SUM","2"
"2025","3","BG","SCH","441"
"2025","9","HR","INT","157"
"2025","12","CH","SUM","4"
"2025","7","AU","DET","11798"
"2025","1","CZ","INT","22926"
"2025","7","PT","SUM","1"
"2025","11","SK","INT","8412"
"2025","1","VN","INT","437"
"2025","6","QA","SUM","3"
"2025","7","QA","XBB","7"
"2025","2","AE","SCH","681"
"2025","12","IN","INT","34"
"2025","7","IT","INT","11438"
"2025","6","BR","SCH","18"
"2025","11","IT","INT","10893"
"2025","7","AM","INT","1"
"2025","9","LB","SCH","18"
"2025","8","TW","INT","841"
"2025","8","EE","DET","2"
"2025","12","MT","DET","1"
"2025","8","TH","XBB","82"
"2025","6","MY","INT","3313"
"2025","1","TW","SCH","59"
"2025","8","RU","SCH","4"
"2025","1","FJ","XBB","58"
"2025","7","CH","SCH","215"
"2025","10","MY","XBB","27"
"2025","2","GR","INT","14163"
"2025","7","IN","XBB","80"
"2025","12","FR","SUM","4"
"2025","9","GB","SUM","6"
"2025","3","EG","DET","154"
"2025","8","LB","INT","2"
"2025","11","DK","INT","10831"
"2025","2","BD","INT","1"
"2025","4","JP","DET","107"
"2025","1","BG","INT","9125"
"2025","2","IE","XBB","3"
"2025","7","NZ","DET","199"
"2025","1","EG","XBB","37"
"2025","11","TH","SUM","133"
"2025","1","DE","SUM","83"
"2025","6","DE","INT","154809"
"2025","2","ZA","DET","368"
"2025","10","VN","DET","56"
"2025","12","EE","XBB","1"
"2025","2","BE","XBB","102"
"2025","4","HR","XBB","29"
"2025","6","CY","INT","1975"
"2025","9","RS","INT","790"
"2025","2","KH","SCH","138"
"2025","10","TW","XBB","3"
"2025","12","PL","INT","30895"
"2025","5","NL","SCH","1101"
"2025","11","GB","DET","106"
"2025","5","BE","INT","38739"
"2025","2","EG","XBB","39"
"2025","3","FR","INT","36866"
"2025","12","EE","INT","594"
"2025","7","BE","SCH","138"
"2025","3","NA","INT","1"
"2025","2","PH","SCH","92"
"2025","8","AE","SCH","744"
"2025","8","AT","INT","9929"
"2025","12","PH","INT","8"
"2025","2","DE","DET","2778"
"2025","2","IT","DET","23"
"2025","1","HU","DET","19"
"2025","3","DK","XBB","46"
"2025","1","US","INT","70"
"2025","10","PL","XBB","261"
"2025","1","KR","SCH","124"
"2025","7","LV","DET","66"
"2025","4","VN","SCH","5"
"2025","8","NL","INT","44545"
"2025","12","TR","SCH","37"
"2025","1","PT","SUM","2"
"2025","1","DK","INT","13277"
"2025","6","VN","INT","520"
"2025","12","KH","SCH","43"
"2025","5","IE","SCH","1020"
"2025","7","FJ","INT","355"
"2025","5","JP","DET","103"
"2025","12","AT","SCH","1216"
"2025","9","GR","DET","50"
"2025","10","KR","DET","12"
"2025","8","FI","XBB","19"
"2025","1","KW","XBB","2"
"2025","6","CH","SUM","14"
"2025","9","PK","INT","1"
"2025","9","SI","DET","7"
"2025","10","TR","INT","20083"
"2025","6","SI","INT","3980"
"2025","7","AT","XBB","19"
"2025","10","EE","SCH","21"
"2025","10","FR","SUM","3"
"2025","6","SA","SCH","426"
"2025","6","SE","SCH","378"
"2025","4","IN","SCH","418"
"2025","3","VN","INT","573"
"2025","7","IT","SCH","787"
"2025","10","NO","INT","6203"
"2025","7","CN","SCH","607"
"2025","6","AT","INT","11524"
"2025","4","MT","XBB","24"
"2025","3","GR","XBB","40"
"2025","6","QA","XBB","14"
"2025","8","LT","XBB","1"
"2025","7","BE","INT","41191"
"2025","5","BE","DET","84"
"2025","4","FR","SUM","7"
"2025","12","JO","INT","7"
"2025","2","GB","SUM","10"
"2025","2","RO","INT","50742"
"2025","4","NO","DET","4"
"2025","3","HK","SUM","498"
"2025","6","EE","SCH","21"
"2025","11","IE","SCH","1025"
"2025","12","CL","SCH","57"
"2025","9","BG","XBB","547"
"2025","5","JO","SCH","26"
"2025","6","US","DET","413"
"2025","12","MY","XBB","9"
"2025","8","FR","XBB","229"
"2025","12","SA","SCH","116"
"2025","12","CH","INT","3116"
"2025","7","KW","INT","98"
"2025","9","IL","XBB","3"
"2025","2","IN","XBB","50"
"2025","5","NL","DET","377"
"2025","6","IE","DET","2"
"2025","3","IN","SCH","435"
"2025","4","AE","DET","37"
"2025","2","PT","SCH","590"
"2025","2","MT","INT","1795"
"2025","4","TR","SUM","47"
"2025","2","CZ","INT","21926"
"2025","9","NL","XBB","64"
"2025","2","MY","INT","3199"
"2025","4","DE","SUM","59"
"2025","7","KR","INT","345"
"2025","10","BE","XBB","126"
"2025","6","KR","XBB","55"
"2025","3","FR","SCH","14010"
"2025","12","BE","INT","11023"
"2025","1","SA","SCH","595"
"2025","10","CN","INT","2910"
"2025","9","FJ","DET","1"
"2025","5","AR","SCH","418"
"2025","7","KH","SCH","154"
"2025","12","AE","SCH","201"
"2025","11","TW","INT","814"
"2025","6","BE","INT","39586"
"2025","4","CH","SUM","20"
"2025","6","NO","SCH","43"
"2025","8","JO","INT","27"
"2025","5","SG","INT","560"
"2025","7","BG","DET","98"
"2025","10","NO","XBB","4"
"2025","4","MY","DET","713"
"2025","11","KR","DET","13"
"2025","3","BE","INT","46243"
"2025","5","QA","SCH","27"
"2025","4","CY","INT","2001"
"2025","1","CZ","XBB","24"
"2025","4","KR","SUM","10"
"2025","6","HU","XBB","11"
"2025","1","SE","SUM","16"
"2025","9","FR","INT","33831"
"2025","4","SK","SUM","3"
"2025","5","MT","XBB","45"
"2025","4","PL","INT","123919"
"2025","9","MY","XBB","26"
"2025","2","AE","SUM","35"
"2025","4","TW","SCH","64"
"2025","3","IN","DET","374"
"2025","1","MY","SCH","621"
"2025","5","TH","SCH","62285"
"2025","9","PH","XBB","1"
"2025","2","AT","DET","36"
"2025","10","TH","DET","3314"
"2025","12","FI","DET","33"
"2025","5","MM","XBB","30"
"2025","12","PL","DET","1179"
"2025","9","EG","SCH","547"
"2025","2","RU","SCH","4"
"2025","11","PL","DET","3099"
"2025","5","LB","INT","2"
"2025","4","FJ","INT","325"
"2025","11","MY","XBB","21"
"2025","1","NO","SCH","42"
"2025","1","KR","INT","511"
"2025","12","HU","XBB","3"
"2025","8","MT","DET","4"
"2025","6","BG","SCH","407"
"2025","11","BH","INT","56"
"2025","1","IT","INT","11930"
"2025","7","VN","SUM","1"
"2025","4","SI","SCH","193"
"2025","11","ID","DET","2"
"2025","3","LK","INT","3"
"2025","8","DK","SUM","2"
"2025","1","ZA","INT","255"
"2025","5","CZ","INT","20254"
"2025","3","RO","XBB","8"
"2025","11","DK","DET","141"
"2025","10","MD","XBB","397"
"2025","12","IN","XBB","15"
"2025","11","HK","INT","587"
"2025","8","LT","SCH","118"
"2025","2","MY","SCH","592"
"2025","7","JO","DET","22"
"2025","8","RO","SCH","70"
"2025","2","EG","SCH","571"
"2025","5","LK","INT","1"
"2025","8","BG","XBB","475"
"2025","2","HU","SCH","88"
"2025","4","ZA","SCH","749"
"2025","3","NL","SUM","83"
"2025","9","BR","SCH","16"
"2025","5","FJ","SCH","325"
"2025","9","FR","SCH","12314"
"2025","9","MY","DET","656"
"2025","2","GB","SCH","1276"
"2025","7","KR","XBB","26"
"2025","7","MD","SUM","40"
"2025","9","LB","INT","3"
"2025","3","LV","DET","56"
"2025","8","SE","SCH","375"
"2025","10","JP","XBB","2"
"2025","10","HK","DET","5"
"2025","2","MT","DET","1"
"2025","7","FJ","SCH","376"
"2025","5","BH","INT","54"
"2025","5","SI","INT","4348"
"2025","3","LT","SCH","129"
"2025","2","JO","DET","22"
"2025","7","CN","XBB","20"
"2025","3","FI","DET","217"
"2025","7","FR","SUM","2"
"2025","7","BR","INT","3"
"2025","8","BR","INT","1"
"2025","12","PL","SCH","2112"
"2025","6","CN","SUM","121"
"2025","9","QA","SCH","22"
"2025","11","TH","XBB","61"
"2025","5","TR","INT","21885"
"2025","9","CN","SUM","122"
"2025","3","LU","INT","3782"
"2025","3","CN","XBB","25"
"2025","6","LT","INT","3927"
"2025","1","UA","SCH","126"
"2025","9","PT","SUM","1"
"2025","7","LT","DET","4"
"2025","6","EE","XBB","3"
"2025","1","IT","XBB","45"
"2025","10","SA","SCH","418"
"2025","1","TW","DET","118"
"2025","11","MD","DET","66"
"2025","11","MD","INT","24"
"2025","12","SI","INT","1199"
"2025","3","CH","XBB","283"
"2025","7","KR","SCH","134"
"2025","5","PH","INT","25"
"2025","5","CH","XBB","273"
"2025","7","SG","XBB","36"
"2025","3","US","XBB","5"
"2025","1","DK","XBB","60"
"2025","9","PH","DET","192"
"2025","4","US","SCH","22"
"2025","4","BG","SCH","407"
"2025","1","AT","SCH","4510"
"2025","5","TH","XBB","112"
"2025","1","ES","SUM","67"
"2025","9","JO","DET","8"
"2025","7","DK","XBB","35"
"2025","2","US","DET","451"
"2025","3","KR","XBB","53"
"2025","2","CN","SUM","99"
"2025","8","PH","DET","214"
"2025","12","MY","INT","908"
"2025","4","LU","XBB","4"
"2025","5","KR","INT","597"
"2025","1","HR","INT","92"
"2025","5","IN","XBB","78"
"2025","3","FI","SUM","1"
"2025","11","IT","DET","11"
"2025","5","US","INT","25"
"2025","3","FR","SUM","1"
"2025","4","GE","XBB","90"
"2025","10","BG","XBB","594"
"2025","11","RS","INT","821"
"2025","2","JO","SCH","24"
"2025","12","DE","INT","44968"
"2025","2","MY","XBB","58"
"2025","1","IE","SCH","1028"
"2025","4","MY","INT","3213"
"2025","4","AE","SUM","50"
"2025","12","US","SCH","6"
"2025","9","IT","SCH","678"
"2025","7","TH","INT","3975"
"2025","3","CL","SCH","210"
"2025","6","AU","XBB","38"
"2025","6","MY","SUM","1"
"2025","7","FI","SUM","2"
"2025","2","JP","SCH","100"
"2025","2","HK","INT","660"
"2025","3","EG","XBB","30"
"2025","6","SK","XBB","20"
"2025","4","QA","SCH","25"
"2025","1","SK","XBB","66"
"2025","7","TH","SCH","15655"
"2025","10","HU","DET","26"
"2025","1","MT","INT","2070"
"2025","4","JP","SCH","115"
"2025","1","SG","SCH","93"
"2025","10","TW","SUM","108"
"2025","8","CN","SUM","94"
"2025","11","FJ","XBB","44"
"2025","11","ID","SCH","535"
"2025","1","IT","SCH","782"
"2025","3","CY","INT","2118"
"2025","11","TR","INT","18397"
"2025","11","NZ","DET","119"
"2025","12","SE","INT","5901"
"2025","3","KR","INT","604"
"2025","5","CA","INT","7"
"2025","11","CA","DET","10"
"2025","11","RS","XBB","12"
"2025","11","LV","INT","2109"
"2025","12","ES","INT","10399"
"2025","7","MY","INT","3497"
"2025","12","CN","INT","918"
"2025","10","CY","SCH","47"
"2025","7","BE","SUM","42"
"2025","7","SG","DET","184"
"2025","12","BE","SCH","31"
"2025","5","SK","DET","18"
"2025","10","EE","INT","2519"
"2025","9","CY","SCH","44"
"2025","12","CZ","SCH","53"
"2025","8","ES","DET","784"
"2025","3","BE","SUM","120"
"2025","11","HU","DET","40"
"2025","5","GR","SCH","264"
"2025","5","AE","INT","1537"
"2025","6","SI","XBB","4"
"2025","6","SG","INT","497"
"2025","3","MD","SUM","27"
"2025","2","VN","XBB","45"
"2025","4","LU","SCH","53"
"2025","10","KW","INT","136"
"2025","3","MT","DET","6"
"2025","11","KZ","INT","2"
"2025","10","NA","INT","4"
"2025","9","CZ","DET","51"
"2025","6","FR","SCH","13201"
"2025","9","KR","SCH","126"
"2025","1","LB","SCH","20"
"2025","3","SI","SUM","16"
"2025","1","ES","INT","50183"
"2025","10","AU","DET","11471"
"2025","11","TR","SCH","135"
"2025","4","MD","DET","65"
"2025","11","TW","SUM","88"
"2025","11","SI","INT","4007"
"2025","12","RO","DET","47"
"2025","6","TN","INT","2"
"2025","12","SK","DET","2"
"2025","5","VN","DET","40"
"2025","2","CA","INT","8"
"2025","2","HK","SUM","381"
"2025","6","SI","SUM","25"
"2025","2","CH","DET","1258"
"2025","5","GR","XBB","44"
"2025","5","SG","XBB","24"
"2025","7","AT","SCH","4549"
"2025","1","VN","SCH","4"
"2025","6","TH","SUM","332"
"2025","2","IT","SCH","712"
"2025","12","QA","SUM","2"
"2025","8","CZ","SCH","185"
"2025","2","LT","SCH","112"
"2025","1","NO","DET","1"
"2025","11","RU","SCH","4"
"2025","5","MD","XBB","386"
"2025","12","TW","SUM","17"
"2025","3","US","INT","69"
"2025","8","MT","XBB","28"
"2025","9","SK","XBB","29"
"2025","10","IN","XBB","57"
"2025","10","IT","XBB","312"
"2025","4","IT","INT","11691"
"2025","8","PT","SUM","1"
"2025","8","CY","SCH","44"
"2025","1","GR","XBB","43"
"2025","5","HK","SUM","432"
"2025","2","LV","XBB","7"
"2025","2","SG","SUM","284"
"2025","8","ZA","INT","128"
"2025","6","FI","XBB","16"
"2025","4","PH","SCH","97"
"2025","5","SK","INT","8586"
"2025","2","EE","INT","2970"
"2025","9","CZ","SCH","176"
"2025","12","VN","DET","11"
"2025","11","TR","SUM","35"
"2025","10","SG","DET","179"
"2025","5","CN","INT","3926"
"2025","7","TW","DET","88"
"2025","9","CY","INT","1919"
"2025","6","RS","INT","1035"
"2025","4","LT","XBB","4"
"2025","4","SI","XBB","2"
"2025","4","TH","XBB","62"
"2025","2","SI","SUM","41"
"2025","10","HK","INT","622"
"2025","4","SN","XBB","13"
"2025","10","IE","XBB","13"
"2025","6","QA","INT","122"
"2025","10","BE","SUM","40"
"2025","6","CN","SCH","717"
"2025","3","AU","DET","11909"
"2025","10","SG","SUM","67"
"2025","11","DE","XBB","218"
"2025","10","SI","SCH","219"
"2025","4","LV","XBB","1"
"2025","5","GB","INT","30625"
"2025","9","SI","SCH","215"
"2025","9","US","DET","376"
"2025","5","AU","XBB","59"
"2025","2","HU","INT","27779"
"2025","1","FR","INT","36790"
"2025","2","ID","INT","133"
"2025","10","MA","INT","8"
"2025","11","EE","INT","2055"
"2025","6","KR","INT","575"
"2025","5","PH","SCH","97"
"2025","4","ID","INT","117"
"2025","9","CL","SCH","193"
"2025","7","PH","SCH","47"
"2025","5","AT","DET","43"
"2025","2","AR","INT","459"
"2025","8","TR","XBB","35"
"2025","1","MD","SUM","28"
"2025","4","HU","DET","20"
"2025","4","AE","XBB","90"
"2025","10","CA","INT","7"
"2025","1","BE","DET","149"
"2025","12","IN","SCH","106"
"2025","1","CA","INT","18"
"2025","4","NL","XBB","111"
"2025","4","GR","XBB","35"
"2025","11","KW","INT","115"
"2025","3","SG","XBB","21"
"2025","11","JP","INT","396"
"2025","10","LV","DET","42"
"2025","4","PL","SUM","1"
"2025","11","SE","SCH","383"
"2025","4","TH","INT","12397"
"2025","12","PL","SUM","3"
"2025","3","VN","DET","41"
"2025","2","PL","SCH","9010"
"2025","11","US","DET","436"
"2025","8","BE","XBB","75"
"2025","6","SA","INT","59"
"2025","6","TR","SCH","159"
"2025","4","CA","INT","8"
"2025","11","PH","SCH","20"
"2025","7","QA","INT","114"
"2025","9","MY","SCH","602"
"2025","9","CN","DET","3988"
"2025","2","GB","INT","33357"
"2025","3","PT","SUM","5"
"2025","8","AE","DET","31"
"2025","11","CN","XBB","28"
"2025","11","JO","SCH","24"
"2025","4","CH","INT","12965"
"2025","6","ZA","XBB","1"
"2025","8","HK","DET","7"
"2025","4","RE","INT","4"
"2025","5","CZ","SCH","185"
"2025","7","TW","INT","1043"
"2025","12","LV","INT","708"
"2025","1","LV","XBB","2"
"2025","3","JP","DET","108"
"2025","5","KW","DET","40"
"2025","9","EG","INT","332"
"2025","8","BG","SCH","401"
"2025","1","SI","INT","4709"
"2025","12","SE","DET","12"
"2025","8","EG","DET","124"
"2025","6","SE","INT","21642"
"2025","11","PL","SUM","1"
"2025","9","FJ","SUM","102"
"2025","4","CN","INT","4711"
"2025","12","BE","SUM","6"
"2025","10","FJ","XBB","51"
"2025","7","CN","DET","4483"
"2025","2","AU","SUM","6"
"2025","10","NO","DET","16"
"2025","1","TR","DET","1279"
"2025","6","SA","DET","2"
"2025","6","GB","INT","31140"
"2025","7","FR","DET","1454"
"2025","8","FI","DET","209"
"2025","9","QA","XBB","1"
"2025","8","NL","SCH","1069"
"2025","1","RO","DET","107"
"2025","9","MG","INT","4"
"2025","7","SI","SUM","15"
"2025","7","PL","DET","3428"
"2025","5","ES","DET","1242"
"2025","9","BG","SUM","1"
"2025","8","ID","XBB","8"
"2025","5","HU","XBB","13"
"2025","12","AE","DET","1"
"2025","3","CZ","XBB","26"
"2025","1","AR","SCH","420"
"2025","11","DK","SCH","366"
"2025","11","MT","INT","1227"
"2025","12","ID","INT","10"
"2025","3","CH","INT","14166"
"2025","9","CH","DET","494"
"2025","9","GE","INT","3"
"2025","10","CH","INT","12389"
"2025","2","KR","DET","12"
"2025","5","PT","SUM","5"
"2025","1","CL","SCH","212"
"2025","12","RS","INT","296"
"2025","7","SE","XBB","20"
"2025","3","SI","INT","4820"
"2025","10","NZ","DET","240"
"2025","11","IT","XBB","89"
"2025","1","BG","XBB","652"
"2025","10","TH","SUM","277"
"2025","4","AU","INT","520978"
"2025","1","BG","DET","98"
"2025","3","IT","DET","20"
"2025","11","DE","SUM","48"
"2025","7","LU","SUM","3"
"2025","3","DK","SUM","2"
"2025","5","HU","INT","27184"
"2025","1","EG","INT","334"
"2025","8","GR","SUM","12"
"2025","2","BH","XBB","4"
"2025","12","CH","SCH","59"
"2025","2","ES","INT","49180"
"2025","3","TH","XBB","85"
"2025","11","HU","SUM","63"
"2025","2","FI","SUM","2"
"2025","9","SE","SCH","355"
"2025","9","HU","SCH","91"
"2025","12","BG","XBB","173"
"2025","11","EG","INT","350"
"2025","10","GR","SCH","259"
"2025","7","IT","DET","14"
"2025","1","CZ","SUM","30"
"2025","3","QA","XBB","8"
"2025","8","NL","DET","365"
"2025","3","TR","DET","1401"
"2025","9","TW","INT","808"
"2025","10","PL","INT","109582"
"2025","10","US","SCH","22"
"2025","6","CZ","XBB","5"
"2025","2","NZ","INT","52"
"2025","5","IE","XBB","4"
"2025","3","BE","SCH","302"
"2025","6","BE","SUM","71"
"2025","7","SK","SUM","1"
"2025","10","ID","SCH","600"
"2025","4","CZ","SUM","29"
"2025","1","QA","XBB","15"
"2025","6","EG","INT","335"
"2025","6","ES","XBB","838"
"2025","7","PT","DET","310"
"2025","6","GB","SCH","1369"
"2025","2","RO","SCH","64"
"2025","8","NO","XBB","2"
"2025","5","AU","INT","606497"
"2025","3","AU","SUM","10"
"2025","12","NL","DET","111"
"2025","6","MY","XBB","17"
"2025","4","CL","INT","5"
"2025","6","ID","XBB","14"
"2025","1","CZ","SCH","186"
"2025","7","MY","SUM","3"
"2025","3","MY","INT","3426"
"2025","10","BG","DET","59"
"2025","6","IN","INT","220"
"2025","11","NL","XBB","58"
"2025","5","SI","SUM","20"
"2025","4","ES","DET","1043"
"2025","3","IS","INT","18"
"2025","2","JP","DET","88"
"2025","8","CA","DET","13"
"2025","12","IT","SCH","220"
"2025","10","FJ","SUM","141"
"2025","12","LT","INT","914"
"2025","12","FI","XBB","4"
"2025","11","LK","INT","1"
"2025","3","SE","SUM","22"
"2025","2","KG","XBB","1"
"2025","7","NG","INT","2"
"2025","3","AU","INT","576100"
"2025","8","CY","INT","1430"
"2025","10","CN","XBB","12"
"2025","8","GE","DET","1"
"2025","9","AU","SUM","4"
"2025","5","JP","SUM","5"
"2025","5","FI","XBB","18"
"2025","10","AR","INT","379"
"2025","4","CN","XBB","13"
"2025","6","AE","SUM","38"
"2025","2","ZA","XBB","7"
"2025","4","JP","INT","516"
"2025","7","SE","SCH","379"
"2025","11","MT","XBB","10"
"2025","6","CZ","INT","20587"
"2025","1","SA","XBB","17"
"2025","8","GE","XBB","73"
"2025","3","PK","INT","2"
"2025","7","RO","XBB","14"
"2025","3","KH","SCH","164"
"2025","6","SG","XBB","27"
"2025","2","TH","XBB","69"
"2025","11","PK","INT","1"
"2025","1","GB","DET","159"
"2025","2","GR","DET","33"
"2025","9","IE","XBB","10"
"2025","8","NO","DET","11"
"2025","3","EE","DET","6"
"2025","7","FJ","SUM","139"
"2025","8","VN","DET","30"
"2025","6","LB","INT","4"
"2025","12","IT","DET","2"
"2025","6","TW","SCH","64"
"2025","3","BG","INT","8743"
"2025","3","TW","DET","137"
"2025","3","PH","SCH","104"
"2025","7","NZ","INT","24"
"2025","6","RO","SCH","71"
"2025","2","GR","SUM","7"
"2025","5","LB","SCH","22"
"2025","5","US","SCH","22"
"2025","1","TH","DET","10685"
"2025","4","CZ","SCH","194"
"2025","7","CZ","SCH","190"
"2025","3","DK","INT","13878"
"2025","10","JP","DET","77"
"2025","4","SA","XBB","4"
"2025","4","KR","XBB","64"
"2025","5","LV","INT","2865"
"2025","7","KR","SUM","6"
"2025","10","BR","INT","5"
"2025","12","QA","XBB","3"
"2025","6","IL","INT","1161"
"2025","2","FR","SUM","1"
"2025","1","SI","DET","8"
"2025","6","DE","XBB","258"
"2025","4","FR","DET","1490"
"2025","8","US","SCH","19"
"2025","3","BA","INT","5"
"2025","8","HR","XBB","9"
"2025","3","FI","INT","11448"
"2025","10","QA","DET","1"
"2025","4","BD","DET","1"
"2025","7","ZA","SCH","718"
"2025","10","VN","SCH","4"
"2025","11","IS","INT","8"
"2025","3","SI","DET","5"
"2025","7","ID","XBB","11"
"2025","8","NZ","INT","26"
"2025","11","ZA","SCH","684"
"2025","12","SG","XBB","16"
"2025","11","GR","SCH","253"
"2025","7","TW","SUM","73"
"2025","8","HU","XBB","7"
"2025","9","FR","DET","1279"
"2025","8","HK","XBB","1"
"2025","8","HU","SUM","78"
"2025","3","CN","INT","4690"
"2025","5","SE","XBB","35"
"2025","5","MA","INT","5"
"2025","10","GB","XBB","128"
"2025","8","MD","INT","6"
"2025","8","DK","INT","11074"
"2025","7","EG","DET","125"
"2025","3","AR","INT","390"
"2025","2","LK","INT","2"
"2025","12","AT","DET","5"
"2025","3","AE","INT","1394"
"2025","3","JO","SCH","28"
"2025","6","EG","SCH","640"
"2025","1","TH","XBB","62"
"2025","7","JP","INT","498"
"2025","4","BG","XBB","728"
"2025","5","BA","INT","1"
"2025","10","FJ","DET","1"
"2025","2","ZA","INT","276"
"2025","2","FI","INT","10696"
"2025","8","HR","INT","115"
"2025","6","SI","SCH","206"
"2025","4","LT","INT","4568"
"2025","1","TW","SUM","86"
"2025","4","RO","SCH","74"
"2025","2","MD","DET","61"
"2025","4","FR","INT","34778"
"2025","6","ID","DET","6"
"2025","1","ID","SCH","640"
"2025","5","FI","DET","242"
"2025","12","FI","SUM","4"
"2025","1","RS","INT","1138"
"2025","11","NO","XBB","3"
"2025","2","FR","XBB","248"
"2025","11","FR","SUM","5"
"2025","4","CH","SCH","216"
"2025","1","HU","SCH","94"
"2025","5","DE","SUM","58"
"2025","5","HU","SUM","75"
"2025","5","LT","SCH","119"
"2025","12","TR","DET","451"
"2025","1","AE","XBB","47"
"2025","12","HK","INT","193"
"2025","3","AT","DET","32"
"2025","1","FI","DET","192"
"2025","4","BH","SCH","75"
"2025","8","TR","SCH","157"
"2025","10","DE","DET","2968"
"2025","8","MD","XBB","288"
"2025","1","LK","INT","3"
"2025","3","CN","SCH","909"
"2025","5","GB","XBB","123"
"2025","4","HU","INT","28003"
"2025","3","SG","SCH","99"
"2025","7","SI","SCH","207"
"2025","10","CH","DET","556"
"2025","1","SK","DET","13"
"2025","12","PH","DET","62"
"2025","5","GB","SUM","9"
"2025","5","LT","XBB","6"
"2025","4","MY","XBB","60"
"2025","1","SG","INT","619"
"2025","11","SE","INT","19903"
"2025","4","AT","SUM","1"
"2025","11","TW","SCH","62"
"2025","4","RS","XBB","38"
"2025","3","ZA","XBB","9"
"2025","9","TH","INT","3440"
"2025","8","KR","XBB","17"
"2025","4","NL","INT","54362"
"2025","3","TW","SCH","69"
"2025","4","HK","INT","871"
"2025","3","IN","INT","228"
"2025","3","KE","INT","1"
"2025","11","LB","SCH","23"
"2025","11","CN","DET","3547"
"2025","1","BH","SCH","66"
"2025","7","BE","XBB","100"
"2025","10","SA","INT","104"
"2025","10","US","DET","571"
"2025","1","NO","XBB","1"
"2025","7","MY","XBB","31"
"2025","9","AU","XBB","21"
"2025","3","LB","SCH","24"
"2025","8","AE","SUM","33"
"2025","2","NO","XBB","1"
"2025","7","DE","DET","3304"
"2025","6","ES","INT","44870"
"2025","5","NZ","XBB","1"
"2025","2","LT","INT","4454"
"2025","4","FJ","SCH","376"
"2025","10","PT","INT","58848"
"2025","5","IT","INT","11514"
"2025","8","CZ","SUM","35"
"2025","8","JO","SCH","28"
"2025","10","LV","INT","2572"
"2025","12","KW","INT","20"
"2025","9","KR","DET","13"
"2025","5","MY","INT","3390"
"2025","3","UA","SCH","138"
"2025","6","RO","XBB","14"
"2025","3","LB","INT","1"
"2025","6","CA","INT","28"
"2025","4","KW","INT","136"
"2025","2","PL","SUM","8"
"2025","3","SA","INT","109"
"2025","9","TW","SCH","57"
"2025","6","CZ","SUM","35"
"2025","9","GR","SUM","9"
"2025","2","TW","INT","994"
"2025","3","CN","DET","5269"
"2025","5","BG","INT","7951"
"2025","3","AU","XBB","66"
"2025","6","ID","SCH","611"
"2025","1","JO","XBB","1"
"2025","8","LV","DET","29"
"2025","2","QA","DET","7"
"2025","4","DK","DET","216"
"2025","12","JP","DET","30"
"2025","9","SI","INT","4363"
"2025","1","LT","XBB","6"
"2025","5","EE","XBB","2"
"2025","8","CN","XBB","23"
"2025","6","MD","XBB","358"
"2025","11","AE","DET","18"
"2025","8","IE","SCH","1050"
"2025","6","KW","DET","28"
"2025","3","RU","SCH","4"
"2025","9","PL","INT","103919"
"2025","9","KW","INT","120"
"2025","8","IN","XBB","69"
"2025","10","JO","SCH","8"
"2025","2","DK","XBB","46"
"2025","6","RO","DET","112"
"2025","11","CH","DET","451"
"2025","11","SI","SCH","229"
"2025","6","CN","INT","3813"
"2025","9","MT","XBB","3"
"2025","3","FR","XBB","320"
"2025","2","BE","DET","97"
"2025","1","IN","XBB","52"
"2025","3","SK","XBB","29"
"2025","12","PT","INT","11777"
"2025","8","RS","INT","750"
"2025","8","PL","SCH","7995"
"2025","7","FI","INT","8376"
"2025","5","KE","INT","1"
"2025","6","IN","XBB","65"
"2025","5","CH","INT","12352"
"2025","6","IE","XBB","5"
"2025","9","PL","DET","3442"
"2025","12","IS","INT","5"
"2025","2","FR","INT","34385"
"2025","8","LU","SCH","52"
"2025","11","UA","SCH","132"
"2025","2","KW","DET","27"
"2025","4","SK","INT","9205"
"2025","1","SE","SCH","371"
"2025","3","HU","INT","29232"
"2025","4","MY","SUM","5"
"2025","3","PL","DET","4427"
"2025","5","PH","DET","198"
"2025","11","PH","DET","253"
"2025","6","CH","INT","12256"
"2025","7","CH","DET","660"
"2025","7","PH","XBB","1"
"2025","3","IT","XBB","63"
"2025","1","MT","DET","3"
"2025","8","GR","INT","8549"
"2025","3","GR","DET","39"
"2025","8","BH","SCH","81"
"2025","5","EE","SCH","36"
"2025","10","NL","XBB","141"
"2025","1","AE","INT","1584"
"2025","9","CH","INT","12215"
"2025","10","GE","XBB","94"
"2025","11","CZ","DET","33"
"2025","5","ID","SCH","558"
"2025","3","PL","INT","131570"
"2025","2","FR","DET","1208"
"2025","7","GE","XBB","77"
"2025","6","KR","SCH","133"
"2025","11","SE","SUM","2"
"2025","5","EG","XBB","31"
"2025","9","DK","SUM","4"
"2025","12","ES","SUM","6"
"2025","11","QA","DET","1"
"2025","9","PH","SCH","43"
"2025","3","AE","XBB","33"
"2025","1","AE","SUM","68"
"2025","9","DE","DET","2464"
"2025","10","HR","XBB","10"
"2025","5","SK","XBB","17"
"2025","8","GR","XBB","21"
"2025","11","DE","DET","2406"
"2025","11","AR","INT","295"
"2025","8","GB","SCH","1364"
"2025","5","ZA","SCH","708"
"2025","10","FI","INT","10463"
"2025","11","RO","XBB","14"
"2025","2","GR","XBB","36"
"2025","8","KW","SUM","1"
"2025","9","IL","INT","1432"
"2025","10","CN","DET","3229"
"2025","11","LU","SUM","5"
"2025","1","IN","DET","347"
"2025","11","CN","INT","3048"
"2025","2","AR","SCH","363"
"2025","1","TN","INT","7"
"2025","6","GR","DET","60"
"2025","9","EE","XBB","3"
"2025","10","KR","INT","307"
"2025","10","HU","INT","26722"
"2025","7","PL","XBB","173"
"2025","8","RO","XBB","6"
"2025","1","TW","INT","965"
"2025","11","SG","DET","149"
"2025","4","TW","INT","1021"
"2025","5","PL","XBB","153"
"2025","12","GB","DET","39"
"2025","8","KW","INT","103"
"2025","11","MY","SCH","632"
"2025","2","US","INT","73"
"2025","8","CH","SCH","213"
"2025","1","US","SCH","22"
"2025","9","LT","DET","3"
"2025","12","EG","XBB","7"
"2025","10","TR","SCH","146"
"2025","12","SE","SCH","104"
"2025","7","GE","DET","5"
"2025","5","EG","DET","141"
"2025","1","FI","INT","10999"
"2025","9","SG","XBB","124"
"2025","1","US","DET","518"
"2025","6","CH","XBB","292"
"2025","10","GB","SCH","1338"
"2025","12","TH","SUM","64"
"2025","12","NL","XBB","28"
"2025","3","EE","XBB","1"
"2025","9","IS","INT","8"
"2025","3","NO","XBB","2"
"2025","3","HR","XBB","41"
"2025","4","KW","XBB","1"
"2025","10","MD","INT","37"
"2025","8","AU","DET","10671"
"2025","2","CZ","DET","29"
"2025","8","PT","XBB","512"
"2025","10","LT","XBB","3"
"2025","3","JP","INT","504"
"2025","2","SG","DET","183"
"2025","8","NL","XBB","83"
"2025","10","AE","DET","22"
"2025","1","PT","DET","434"
"2025","2","SG","SCH","86"
"2025","12","FR","XBB","90"
"2025","5","BG","DET","105"
"2025","2","EG","SUM","4"
"2025","12","AU","XBB","10"
"2025","9","CZ","SUM","28"
"2025","2","LT","XBB","10"
"2025","4","BE","SCH","136"
"2025","11","CA","INT","6"
"2025","12","IL","INT","440"
"2025","4","EG","XBB","29"
"2025","4","HR","INT","159"
"2025","12","CH","DET","150"
"2025","4","NZ","DET","188"
"2025","9","EE","INT","2451"
"2025","1","CN","XBB","13"
"2025","6","LT","DET","5"
"2025","5","PT","XBB","440"
"2025","2","NL","INT","56006"
"2025","2","PK","INT","1"
"2025","3","BR","SCH","18"
"2025","9","SI","SUM","38"
"2025","3","ES","DET","1144"
"2025","7","MA","INT","9"
"2025","8","DE","XBB","188"
"2025","1","BG","SCH","413"
"2025","4","BG","DET","101"
"2025","11","KR","SCH","132"
"2025","4","TR","XBB","51"
"2025","1","KR","SUM","11"
"2025","9","FJ","XBB","30"
"2025","2","AT","SCH","4098"
"2025","8","CN","DET","3694"
"2025","6","HK","DET","2"
"2025","4","HU","SUM","84"
"2025","9","HR","XBB","23"
"2025","4","ES","XBB","976"
"2025","1","IE","DET","5"
"2025","7","EG","XBB","23"
"2025","11","US","SCH","21"
"2025","2","MY","DET","739"
"2025","8","IN","DET","210"
"2025","9","BE","SUM","40"
"2025","4","SG","INT","659"
"2025","8","QA","INT","101"
"2025","6","TH","INT","3884"
"2025","10","BR","SCH","18"
"2025","1","AU","DET","10335"
"2025","7","FI","XBB","11"
"2025","12","AE","INT","280"
"2025","10","KR","SUM","6"
"2025","11","FR","INT","29704"
"2025","3","CZ","INT","23185"
"2025","2","SA","SCH","368"
"2025","3","CA","INT","4"
"2025","1","JP","SUM","5"
"2025","11","BG","DET","63"
"2025","8","AT","DET","14"
"2025","2","LT","DET","3"
"2025","8","EG","SCH","638"
"2025","3","NL","XBB","135"
"2025","6","CL","INT","2"
"2025","2","VN","DET","20"
"2025","10","HR","INT","237"
"2025","10","CH","SUM","5"
"2025","9","HU","SUM","121"
"2025","4","MT","DET","4"
"2025","7","AU","XBB","50"
"2025","11","MD","XBB","316"
"2025","1","JO","INT","50"
"2025","7","HR","INT","161"
"2025","3","TR","SUM","41"
"2025","10","LT","SCH","118"
"2025","3","ZA","SCH","772"
"2025","6","NO","DET","20"
"2025","11","SA","SCH","428"
"2025","1","MD","DET","59"
"2025","1","JP","INT","498"
"2025","4","IT","DET","22"
"2025","8","IN","SCH","367"
"2025","9","GR","XBB","22"
"2025","9","DK","SCH","330"
"2025","3","NL","DET","372"
"2025","6","MA","INT","4"
"2025","9","SG","SUM","58"
"2025","7","EE","SCH","22"
"2025","10","JP","SUM","7"
"2025","8","DE","DET","2574"
"2025","6","FI","INT","10096"
"2025","4","TR","SCH","257"
"2025","7","ZA","INT","155"
"2025","5","GR","SUM","6"
"2025","1","GR","SCH","285"
"2025","2","BH","DET","2"
"2025","5","IE","INT","13556"
"2025","10","VN","SUM","4"
"2025","10","LU","INT","3028"
"2025","9","IN","INT","139"
"2025","8","SK","INT","7097"
"2025","9","RO","XBB","19"
"2025","4","IL","XBB","2"
"2025","4","CY","SCH","48"
"2025","7","NO","DET","9"
"2025","9","PT","SCH","528"
"2025","1","MY","DET","686"
"2025","6","CH","SCH","215"
"2025","3","IN","XBB","60"
"2025","4","JO","SCH","25"
"2025","9","GB","DET","80"
"2025","4","SI","INT","4396"
"2025","8","BR","SCH","16"
"2025","5","NO","XBB","1"
"2025","9","SK","INT","9099"
"2025","8","AT","XBB","20"
"2025","1","MD","XBB","265"
"2025","7","HU","DET","32"
"2025","9","RO","DET","111"
"2025","6","NL","INT","51858"
"2025","11","SE","DET","63"
"2025","2","PT","INT","55408"
"2025","7","ES","SUM","26"
"2025","3","TH","SCH","79293"
"2025","7","VN","INT","518"
"2025","12","DK","SCH","100"
"2025","12","RO","XBB","2"
"2025","3","EG","INT","340"
"2025","1","QA","INT","146"
"2025","10","QA","XBB","1"
"2025","7","AE","INT","1518"
"2025","6","DK","DET","213"
"2025","4","ES","INT","44276"
"2025","3","JO","INT","53"
"2025","3","CY","DET","10"
"2025","6","PL","DET","2917"
"2025","10","AT","DET","30"
"2025","8","FI","INT","8938"
"2025","8","GB","DET","89"
"2025","11","PT","XBB","629"
"2025","8","CH","INT","10106"
"2025","4","GR","INT","13800"
"2025","6","QA","SCH","26"
"2025","12","AR","INT","84"
"2025","3","MY","SCH","685"
"2025","11","SK","XBB","14"
"2025","12","FJ","SUM","46"
"2025","2","CN","INT","3001"
"2025","3","ZA","INT","204"
"2025","12","SG","SCH","26"
"2025","11","AT","SCH","4466"
"2025","9","PL","XBB","226"
"2025","4","CN","SCH","771"
"2025","12","QA","INT","30"
"2025","2","BE","INT","44731"
"2025","4","BE","DET","82"
"2025","5","TW","SUM","104"
"2025","10","NL","SUM","81"
"2025","6","PH","SCH","91"
"2025","9","HU","INT","27085"
"2025","12","IL","XBB","1"
"2025","2","LU","INT","3476"
"2025","8","SA","SCH","424"
"2025","12","FI","INT","2642"
"2025","7","CY","SCH","47"
"2025","2","BR","INT","2"
"2025","12","BE","DET","12"
"2025","4","ID","DET","5"
"2025","1","NZ","DET","288"
"2025","11","SA","XBB","4"
"2025","9","KH","SCH","137"
"2025","2","PL","DET","4296"
"2025","2","FJ","SUM","118"
"2025","11","GB","XBB","92"
"2025","12","VN","INT","134"
"2025","7","LB","INT","2"
"2025","3","CZ","DET","39"
"2025","4","PL","XBB","182"
"2025","8","GB","XBB","82"
"2025","4","NZ","XBB","2"
"2025","12","DK","DET","57"
"2025","9","IT","XBB","59"
"2025","5","NZ","DET","214"
"2025","6","AU","DET","11212"
"2025","3","LV","INT","3555"
"2025","1","RO","XBB","10"
"2025","7","TH","DET","3693"
"2025","1","VN","DET","37"
"2025","3","GR","SCH","290"
"2025","6","LU","SCH","53"
"2025","6","BG","INT","8372"
"2025","3","GB","SCH","1478"
"2025","2","TR","SCH","315"
"2025","6","TH","SCH","35856"
"2025","4","PT","SUM","3"
"2025","4","KR","DET","11"
"2025","4","EE","INT","2985"
"2025","4","GB","INT","32941"
"2025","7","IL","INT","1882"
"2025","5","HR","INT","126"
"2025","12","TR","SUM","17"
"2025","9","BE","DET","45"
"2025","1","KW","INT","134"
"2025","6","MD","DET","67"
"2025","12","JO","DET","3"
"2025","12","SE","XBB","9"
"2025","8","KW","XBB","1"
"2025","7","NL","XBB","131"
"2025","2","AU","INT","560694"
"2025","8","NZ","DET","168"
"2025","10","DK","XBB","28"
"2025","6","HR","XBB","29"
"2025","6","TW","DET","85"
"2025","3","ES","INT","50539"
"2025","7","QA","SUM","4"
"2025","6","RE","INT","5"
"2025","2","SE","DET","127"
"2025","12","TH","XBB","20"
"2025","5","SI","SCH","200"
"2025","4","MG","INT","1"
"2025","6","KH","SCH","152"
"2025","7","PT","SCH","555"
"2025","12","EE","SCH","6"
"2025","9","IE","SCH","996"
"2025","7","DE","XBB","289"
"2025","11","LB","INT","2"
"2025","11","LV","XBB","3"
"2025","2","FI","XBB","16"
"2025","2","HR","INT","146"
"2025","12","ZA","SCH","186"
"2025","2","JP","SUM","3"
"2025","3","GB","SUM","8"
"2025","3","FJ","INT","307"
"2025","5","CY","SCH","42"
"2025","12","PL","XBB","76"
"2025","5","BG","SCH","387"
"2025","7","RS","DET","1"
"2025","3","NZ","DET","300"
"2025","1","SA","SUM","2"
"2025","10","GE","INT","1"
"2025","4","GR","SCH","277"
"2025","4","FI","DET","215"
"2025","10","FJ","SCH","374"
"2025","10","NL","INT","54762"
"2025","2","BD","DET","5"
"2025","11","NO","DET","1"
"2025","6","SI","DET","7"
"2025","6","US","INT","33"
"2025","5","NO","SCH","42"
"2025","7","HU","SUM","102"
"2025","5","HR","XBB","19"
"2025","9","CZ","XBB","10"
"2025","5","MY","DET","738"
"2025","5","JO","SUM","1"
"2025","5","FJ","INT","308"
"2025","7","FR","XBB","335"
"2025","7","IE","INT","15377"
"2025","1","AU","XBB","69"
"2025","5","CH","SCH","205"
"2025","10","RO","XBB","83"
"2025","11","MY","INT","2743"
"2025","10","GB","INT","29951"
"2025","12","EG","SCH","167"
"2025","5","IL","INT","1480"
"2025","5","CN","SUM","140"
"2025","1","SA","INT","3518"
"2025","4","LT","DET","2"
"2025","7","GB","XBB","157"
"2025","3","HU","DET","21"
"2025","1","CN","SCH","980"
"2025","10","BA","INT","1"
"2025","10","MM","XBB","20"
"2025","10","TW","SCH","63"
"2025","8","CY","SUM","1"
"2025","10","CZ","INT","21412"
"2025","1","PH","INT","33"
"2025","6","AE","SCH","738"
"2025","12","NL","INT","13510"
"2025","2","LU","DET","2"
"2025","3","PT","INT","56766"
"2025","2","PH","DET","222"
"2025","9","CA","XBB","1"
"2025","7","EE","DET","2"
"2025","11","DK","XBB","26"
"2025","6","NL","SUM","92"
"2025","6","HR","INT","144"
"2025","2","KR","SUM","21"
"2025","3","HU","SCH","100"
"2025","10","GR","XBB","11"
"2025","2","CZ","SUM","27"
"2025","7","NL","INT","54643"
"2025","4","HU","XBB","6"
"2025","6","AT","DET","35"
"2025","12","LT","SCH","33"
"2025","10","BH","INT","61"
"2025","11","PT","SCH","555"
"2025","1","VN","SUM","1"
"2025","12","ES","XBB","175"
"2025","9","LT","XBB","3"
"2025","12","CH","XBB","67"
"2025","12","LB","SCH","6"
"2025","4","IN","INT","275"
"2025","7","TR","DET","988"
"2025","8","MY","SCH","610"
"2025","4","CH","XBB","269"
"2025","5","ID","DET","6"
"2025","1","LB","INT","1"
"2025","10","AT","SCH","4282"
"2025","6","FJ","DET","1"
"2025","12","DE","DET","572"
"2025","2","RO","XBB","12"
"2025","6","GR","XBB","40"
"2025","4","SE","INT","24015"
"2025","1","LT","SCH","117"
"2025","10","MY","DET","733"
"2025","2","BG","DET","107"
"2025","5","QA","DET","5"
"2025","4","RU","SCH","5"
"2025","5","BR","SCH","16"
"2025","2","RE","XBB","2"
"2025","3","IE","SCH","1113"
"2025","8","ZM","INT","1"
"2025","4","JO","DET","17"
"2025","4","CN","DET","5107"
"2025","11","LT","INT","2925"
"2025","3","MT","INT","1521"
"2025","1","CA","XBB","1"
"2025","6","ES","DET","923"
"2025","9","MD","XBB","331"
"2025","1","JO","SCH","25"
"2025","4","GE","INT","1"
"2025","6","LV","DET","48"
"2025","11","MM","XBB","26"
"2025","9","NL","INT","51608"
"2025","5","DK","XBB","50"
"2025","7","GB","SUM","15"
"2025","5","KW","INT","127"
"2025","3","PL","SCH","10271"
"2025","5","KW","XBB","1"
"2025","7","IN","INT","194"
"2025","10","SE","SCH","366"
"2025","2","MA","INT","4"
"2025","1","IN","SCH","412"
"2025","1","JP","SCH","105"
"2025","2","GB","DET","120"
"2025","1","BH","INT","72"
"2025","1","HK","INT","931"
"2025","11","CL","SCH","201"
"2025","3","GB","DET","136"
"2025","1","IL","XBB","11"
"2025","9","CA","INT","10"
"2025","11","HR","INT","237"
"2025","8","SI","INT","3107"
"2025","9","DK","XBB","27"
"2025","8","GB","SUM","6"
"2025","10","IT","DET","28"
"2025","3","EE","SCH","138"
"2025","10","LU","SUM","5"
"2025","1","IL","INT","1663"
"2025","8","PT","SCH","535"
"2025","9","BA","INT","2"
"2025","2","SE","SCH","348"
"2025","11","GR","SUM","2"
"2025","12","CN","SUM","39"
"2025","4","AR","INT","461"
"2025","9","AE","XBB","68"
"2025","7","AE","DET","32"
"2025","4","QA","DET","10"
"2025","6","JO","DET","16"
"2025","5","PT","SCH","534"
"2025","4","BD","INT","2"
"2025","10","IT","SCH","746"
"2025","1","FR","XBB","220"
"2025","9","AE","DET","14"
"2025","10","RO","SCH","71"
"2025","4","SE","XBB","25"
"2025","8","IS","INT","5"
"2025","1","HK","SUM","497"
"2025","12","JP","SUM","3"
"2025","6","SG","SUM","72"
"2025","4","MD","SUM","27"
"2025","3","CY","SCH","50"
"2025","10","MD","DET","54"
"2025","8","HU","DET","17"
"2025","1","CY","DET","15"
"2025","6","QA","DET","2"
"2025","4","IL","INT","1479"
"2025","10","RS","INT","1040"
"2025","12","IE","INT","2992"
"2025","5","GB","DET","109"
"2025","1","LT","INT","4820"
"2025","1","KR","DET","12"
"2025","8","KR","SCH","132"
"2025","5","FR","DET","1370"
"2025","1","BE","XBB","105"
"2025","6","FJ","SCH","370"
"2025","3","GR","SUM","8"
"2025","3","CZ","SUM","27"
"2025","11","AM","INT","2"
"2025","2","EE","XBB","8"
"2025","11","BE","DET","39"
"2025","7","SA","SCH","400"
"2025","5","JP","SCH","80"
"2025","1","CH","DET","1543"
"2025","5","BE","SUM","41"
"2025","3","FI","XBB","16"
"2025","4","LT","SCH","122"
"2025","5","EE","DET","8"
"2025","10","EE","DET","4"
"2025","5","VN","INT","495"
"2025","12","BH","SCH","21"
"2025","7","IE","SCH","1051"
"2025","7","BE","DET","66"
"2025","12","EG","DET","45"
"2025","6","ZA","DET","266"
"2025","7","VN","DET","32"
"2025","6","ZA","INT","110"
"2025","2","LU","SUM","3"
"2025","9","VN","INT","434"
"2025","8","TR","SUM","32"
"2025","1","EE","XBB","7"
"2025","9","FR","XBB","386"
"2025","2","SK","DET","22"
"2025","9","AT","XBB","22"
"2025","11","SG","XBB","43"
"2025","9","LU","INT","3080"
"2025","8","JP","DET","83"
"2025","8","ID","INT","59"
"2025","5","SI","XBB","4"
"2025","10","SI","XBB","6"
"2025","9","IE","INT","13543"
"2025","12","SA","INT","19"
"2025","9","US","SCH","20"
"2025","11","CH","SUM","10"
"2025","2","IT","XBB","62"
"2025","4","US","INT","64"
"2025","6","DE","DET","2678"
"2025","10","SK","INT","9699"
"2025","9","GB","XBB","83"
"2025","9","NZ","DET","177"
"2025","11","FI","INT","8722"
"2025","8","VN","INT","439"
"2025","3","TZ","INT","2"
"2025","8","EG","INT","359"
"2025","10","ID","INT","50"
"2025","4","IE","INT","13977"
"2025","10","DE","INT","164206"
"2025","5","AE","SCH","748"
"2025","5","NL","XBB","113"
"2025","8","BG","INT","6946"
"2025","7","PL","SUM","2"
"2025","8","PL","XBB","153"
"2025","11","AT","INT","11305"
"2025","9","FJ","INT","279"
"2025","9","US","INT","54"
"2025","9","AU","DET","10584"
"2025","1","DE","XBB","377"
"2025","7","JP","DET","96"
"2025","3","BG","SUM","1"
"2025","12","MD","SUM","6"
"2025","5","QA","SUM","4"
"2025","4","ZA","XBB","9"
"2025","4","KR","SCH","134"
"2025","5","BD","INT","2"
"2025","10","ID","XBB","6"
"2025","7","FI","DET","225"
"2025","3","AE","SCH","802"
"2025","6","BH","SCH","78"
"2025","7","CZ","DET","59"
"2025","6","NZ","DET","134"
"2025","9","HU","XBB","9"
"2025","8","IT","INT","6655"
"2025","12","GR","DET","14"
"2025","5","MY","XBB","35"
"2025","3","CA","DET","15"
"2025","10","PL","SCH","7489"
"2025","2","VN","SCH","4"
"2025","4","GR","SUM","2"
"2025","2","PT","DET","312"
"2025","1","PL","INT","133849"
"2025","7","HU","XBB","15"
"2025","8","SI","SUM","14"
"2025","11","PT","INT","52970"
"2025","11","US","INT","38"
"2025","5","UA","SCH","126"
"2025","1","GH","INT","2"
"2025","7","HK","XBB","1"
"2025","8","IE","DET","4"
"2025","12","SG","DET","45"
"2025","2","KW","INT","114"
"2025","4","PT","DET","283"
"2025","1","CH","SUM","49"
"2025","2","IN","INT","194"
"2025","11","JO","DET","5"
"2025","2","CL","INT","3"
"2025","7","CY","INT","2222"
"2025","1","EE","DET","11"
"2025","7","TH","XBB","96"
"2025","3","PH","XBB","1"
"2025","3","NO","SCH","46"
"2025","2","SA","INT","174"
"2025","11","BE","XBB","57"
"2025","2","QA","SCH","24"
"2025","9","RO","SCH","67"
"2025","10","JO","DET","7"
"2025","6","PL","INT","109699"
"2025","8","DK","XBB","28"
"2025","1","GB","SUM","12"
"2025","12","PT","DET","47"
"2025","6","CZ","SCH","189"
"2025","7","GB","SCH","1438"
"2025","12","CZ","DET","32"
"2025","11","AU","SUM","1"
"2025","7","NL","SCH","1117"
"2025","12","NZ","DET","6"
"2025","1","FR","SCH","12833"
"2025","8","MY","DET","745"
"2025","12","ZA","INT","28"
"2025","1","MY","INT","3534"
"2025","4","KH","SCH","151"
"2025","9","PT","DET","300"
"2025","7","BD","INT","2"
"2025","2","DK","DET","368"
"2025","6","CZ","DET","27"
"2025","7","CH","SUM","14"
"2025","5","DE","DET","3113"
"2025","6","IT","SCH","788"
"2025","1","ZA","DET","311"
"2025","12","US","DET","129"
"2025","3","GE","INT","1"
"2025","1","SA","DET","94"
"2025","5","AZ","INT","1"
"2025","6","EG","XBB","23"
"2025","7","SK","INT","8856"
"2025","9","KR","INT","347"
"2025","10","SG","XBB","24"
"2025","5","PL","INT","115346"
"2025","3","HK","XBB","1"
"2025","11","LT","SCH","119"
"2025","12","VN","XBB","19"
"2025","9","DE","SUM","68"
"2025","1","GB","XBB","152"
"2025","7","HU","SCH","98"
"2025","10","SG","SCH","95"
"2025","12","IE","XBB","3"
"2025","5","GR","DET","52"
"2025","4","SE","SUM","14"
"2025","1","NO","INT","6405"
"2025","1","MY","XBB","45"
"2025","1","QA","SUM","9"
"2025","5","RS","XBB","33"
"2025","5","DK","DET","234"
"2025","9","LV","INT","2618"
"2025","7","PT","XBB","396"
"2025","11","IN","INT","122"
"2025","9","EG","DET","115"
"2025","10","FR","SCH","12717"
"2025","2","ID","SCH","569"
"2025","1","BE","SCH","2072"
"2025","1","SE","XBB","23"
"2025","8","FJ","INT","346"
"2025","9","LU","SCH","51"
"2025","1","TR","SCH","339"
"2025","5","TH","DET","7752"
"2025","7","ZA","DET","186"
"2025","10","ES","DET","1230"
"2025","11","BE","INT","35044"
"2025","6","SE","XBB","23"
"2025","7","LU","SCH","53"
"2025","11","DE","INT","150245"
"2025","5","AE","SUM","41"
"2025","10","CZ","SUM","46"
"2025","8","FI","SUM","1"
"2025","10","GB","SUM","4"
"2025","9","EG","XBB","24"
"2025","6","KW","INT","95"
"2025","10","NZ","XBB","1"
"2025","8","SE","DET","40"
"2025","6","LT","SCH","120"
"2025","1","PH","SCH","104"
"2025","12","MM","XBB","18"
"2025","3","PL","XBB","175"
"2025","7","AT","INT","13003"
"2025","3","MY","SUM","12"
"2025","6","PT","DET","215"
"2025","11","SG","SUM","51"
"2025","7","HK","INT","715"
"2025","6","RU","SCH","4"
"2025","5","JP","INT","470"
"2025","6","BH","INT","55"
"2025","8","TH","SUM","318"
"2025","10","MG","INT","1"
"2025","9","GB","SCH","1266"
"2025","12","DE","SUM","12"
"2025","1","NL","DET","340"
"2025","12","RO","INT","12664"
"2025","10","JP","INT","473"
"2025","6","DE","SUM","84"
"2025","3","MT","XBB","40"
"2025","10","GR","DET","41"
"2025","8","KW","DET","31"
"2025","1","EG","SCH","622"
"2025","9","CH","SUM","8"
"2025","4","SA","INT","63"
"2025","1","US","XBB","1"
"2025","11","ID","XBB","11"
"2025","4","TN","INT","1"
"2025","4","CH","DET","868"
"2025","3","RS","INT","1079"
"2025","1","PH","DET","200"
"2025","4","DK","SUM","2"
"2025","12","CY","INT","534"
"2025","11","RO","DET","170"
"2025","1","RS","XBB","31"
"2025","3","HU","SUM","73"
"2025","10","IL","INT","1328"
"2025","8","VN","XBB","43"
"2025","7","RO","SCH","71"
"2025","7","ES","INT","48326"
"2025","2","LB","INT","5"
"2025","5","ES","INT","45964"
"2025","3","CH","SUM","30"
"2025","10","ES","XBB","1196"
"2025","11","SI","DET","5"
"2025","8","NO","INT","4791"
"2025","12","KR","INT","97"
"2025","5","CY","DET","9"
"2025","11","IT","SCH","787"
"2025","5","TW","INT","970"
"2025","5","JO","DET","19"
"2025","10","HK","SUM","465"
"2025","1","CN","DET","4577"
"2025","6","AE","DET","30"
